solid OpenSCAD_Model
  facet normal 1 0 0
    outer loop
      vertex 23.25 17.846 20.3495
      vertex 23.25 4.4615 18.5874
      vertex 23.25 4.5 18
    endloop
  endfacet
  facet normal 1 0 0
    outer loop
      vertex 23.25 6.8883 34.6298
      vertex 23.25 4.34667 19.1647
      vertex 23.25 4.4615 18.5874
    endloop
  endfacet
  facet normal 1 0 0
    outer loop
      vertex 23.25 6.8883 34.6298
      vertex 23.25 4.15746 19.7221
      vertex 23.25 4.34667 19.1647
    endloop
  endfacet
  facet normal 1 0 0
    outer loop
      vertex 23.25 6.8883 34.6298
      vertex 23.25 3.89711 20.25
      vertex 23.25 4.15746 19.7221
    endloop
  endfacet
  facet normal 1 0 0
    outer loop
      vertex 23.25 6.8883 34.6298
      vertex 23.25 3.57009 20.7394
      vertex 23.25 3.89711 20.25
    endloop
  endfacet
  facet normal 1 0 0
    outer loop
      vertex 23.25 6.8883 34.6298
      vertex 23.25 3.18198 21.182
      vertex 23.25 3.57009 20.7394
    endloop
  endfacet
  facet normal 1 0 0
    outer loop
      vertex 23.25 6.8883 34.6298
      vertex 23.25 2.73943 21.5701
      vertex 23.25 3.18198 21.182
    endloop
  endfacet
  facet normal 1 0 0
    outer loop
      vertex 23.25 1.16469 22.3467
      vertex 23.25 4.65874 35.3867
      vertex 23.25 2.34947 35.846
    endloop
  endfacet
  facet normal 1 0 0
    outer loop
      vertex 23.25 6.8883 34.6298
      vertex 23.25 2.25 21.8971
      vertex 23.25 2.73943 21.5701
    endloop
  endfacet
  facet normal 1 0 0
    outer loop
      vertex 23.25 6.8883 34.6298
      vertex 23.25 1.72207 22.1575
      vertex 23.25 2.25 21.8971
    endloop
  endfacet
  facet normal 1 0 0
    outer loop
      vertex 23.25 4.65874 35.3867
      vertex 23.25 1.16469 22.3467
      vertex 23.25 1.72207 22.1575
    endloop
  endfacet
  facet normal 1 0 0
    outer loop
      vertex 23.25 2.34947 35.846
      vertex 23.25 0.587367 22.4615
      vertex 23.25 1.16469 22.3467
    endloop
  endfacet
  facet normal 1 0 0
    outer loop
      vertex 23.25 0 36
      vertex 23.25 0.587367 22.4615
      vertex 23.25 2.34947 35.846
    endloop
  endfacet
  facet normal 1 0 0
    outer loop
      vertex 23.25 0 36
      vertex 23.25 0 22.5
      vertex 23.25 0.587367 22.4615
    endloop
  endfacet
  facet normal 1 0 0
    outer loop
      vertex 23.25 0 36
      vertex 23.25 -0.587367 22.4615
      vertex 23.25 0 22.5
    endloop
  endfacet
  facet normal 1 -0 0
    outer loop
      vertex 23.25 -2.34947 35.846
      vertex 23.25 -0.587367 22.4615
      vertex 23.25 0 36
    endloop
  endfacet
  facet normal 1 0 0
    outer loop
      vertex 23.25 -0.587367 22.4615
      vertex 23.25 -2.34947 35.846
      vertex 23.25 -1.16469 22.3467
    endloop
  endfacet
  facet normal 1 -0 0
    outer loop
      vertex 23.25 -4.65874 35.3867
      vertex 23.25 -1.16469 22.3467
      vertex 23.25 -2.34947 35.846
    endloop
  endfacet
  facet normal 1 0 0
    outer loop
      vertex 23.25 -1.16469 22.3467
      vertex 23.25 -4.65874 35.3867
      vertex 23.25 -1.72207 22.1575
    endloop
  endfacet
  facet normal 1 -0 0
    outer loop
      vertex 23.25 -6.8883 34.6298
      vertex 23.25 -1.72207 22.1575
      vertex 23.25 -4.65874 35.3867
    endloop
  endfacet
  facet normal 1 0 0
    outer loop
      vertex 23.25 -1.72207 22.1575
      vertex 23.25 -6.8883 34.6298
      vertex 23.25 -2.25 21.8971
    endloop
  endfacet
  facet normal 1 -0 0
    outer loop
      vertex 23.25 -9 33.5885
      vertex 23.25 -2.25 21.8971
      vertex 23.25 -6.8883 34.6298
    endloop
  endfacet
  facet normal 1 0 0
    outer loop
      vertex 23.25 -2.25 21.8971
      vertex 23.25 -9 33.5885
      vertex 23.25 -2.73943 21.5701
    endloop
  endfacet
  facet normal 1 -0 0
    outer loop
      vertex 23.25 -10.9577 32.2804
      vertex 23.25 -2.73943 21.5701
      vertex 23.25 -9 33.5885
    endloop
  endfacet
  facet normal 1 0 0
    outer loop
      vertex 23.25 -2.73943 21.5701
      vertex 23.25 -10.9577 32.2804
      vertex 23.25 -3.18198 21.182
    endloop
  endfacet
  facet normal 1 -0 0
    outer loop
      vertex 23.25 -12.7279 30.7279
      vertex 23.25 -3.18198 21.182
      vertex 23.25 -10.9577 32.2804
    endloop
  endfacet
  facet normal 1 -0 0
    outer loop
      vertex 23.25 -14.2804 28.9577
      vertex 23.25 -3.57009 20.7394
      vertex 23.25 -12.7279 30.7279
    endloop
  endfacet
  facet normal 1 0 0
    outer loop
      vertex 23.25 -3.18198 21.182
      vertex 23.25 -12.7279 30.7279
      vertex 23.25 -3.57009 20.7394
    endloop
  endfacet
  facet normal 1 0 0
    outer loop
      vertex 23.25 4.5 18
      vertex 23.25 18 18
      vertex 23.25 17.846 20.3495
    endloop
  endfacet
  facet normal 1 0 0
    outer loop
      vertex 23.25 4.4615 18.5874
      vertex 23.25 17.846 20.3495
      vertex 23.25 17.3867 22.6587
    endloop
  endfacet
  facet normal 1 0 0
    outer loop
      vertex 23.25 4.4615 18.5874
      vertex 23.25 17.3867 22.6587
      vertex 23.25 16.6298 24.8883
    endloop
  endfacet
  facet normal 1 0 0
    outer loop
      vertex 23.25 4.4615 18.5874
      vertex 23.25 16.6298 24.8883
      vertex 23.25 15.5885 27
    endloop
  endfacet
  facet normal 1 0 0
    outer loop
      vertex 23.25 4.4615 18.5874
      vertex 23.25 15.5885 27
      vertex 23.25 14.2804 28.9577
    endloop
  endfacet
  facet normal 1 0 0
    outer loop
      vertex 23.25 4.4615 18.5874
      vertex 23.25 14.2804 28.9577
      vertex 23.25 12.7279 30.7279
    endloop
  endfacet
  facet normal 1 0 0
    outer loop
      vertex 23.25 4.4615 18.5874
      vertex 23.25 12.7279 30.7279
      vertex 23.25 10.9577 32.2804
    endloop
  endfacet
  facet normal 1 0 0
    outer loop
      vertex 23.25 4.4615 18.5874
      vertex 23.25 10.9577 32.2804
      vertex 23.25 9 33.5885
    endloop
  endfacet
  facet normal 1 0 0
    outer loop
      vertex 23.25 4.4615 18.5874
      vertex 23.25 9 33.5885
      vertex 23.25 6.8883 34.6298
    endloop
  endfacet
  facet normal 1 0 0
    outer loop
      vertex 23.25 1.72207 22.1575
      vertex 23.25 6.8883 34.6298
      vertex 23.25 4.65874 35.3867
    endloop
  endfacet
  facet normal 1 0 0
    outer loop
      vertex 23.25 18 18
      vertex 23.25 4.5 18
      vertex 23.25 4.4615 17.4126
    endloop
  endfacet
  facet normal 1 0 0
    outer loop
      vertex 23.25 18 18
      vertex 23.25 4.4615 17.4126
      vertex 23.25 4.34667 16.8353
    endloop
  endfacet
  facet normal 1 0 0
    outer loop
      vertex 23.25 18 18
      vertex 23.25 4.34667 16.8353
      vertex 23.25 4.15746 16.2779
    endloop
  endfacet
  facet normal 1 0 0
    outer loop
      vertex 23.25 18 18
      vertex 23.25 4.15746 16.2779
      vertex 23.25 3.89711 15.75
    endloop
  endfacet
  facet normal 1 0 0
    outer loop
      vertex 23.25 3.57009 15.2606
      vertex 23.25 18 18
      vertex 23.25 3.89711 15.75
    endloop
  endfacet
  facet normal 1 0 0
    outer loop
      vertex 23.25 18 18
      vertex 23.25 3.57009 15.2606
      vertex 23.25 18 0
    endloop
  endfacet
  facet normal 1 -0 0
    outer loop
      vertex 23.25 3.18198 14.818
      vertex 23.25 18 0
      vertex 23.25 3.57009 15.2606
    endloop
  endfacet
  facet normal 1 -0 0
    outer loop
      vertex 23.25 2.73943 14.4299
      vertex 23.25 18 0
      vertex 23.25 3.18198 14.818
    endloop
  endfacet
  facet normal 1 -0 0
    outer loop
      vertex 23.25 2.25 14.1029
      vertex 23.25 18 0
      vertex 23.25 2.73943 14.4299
    endloop
  endfacet
  facet normal 1 -0 0
    outer loop
      vertex 23.25 1.72207 13.8425
      vertex 23.25 18 0
      vertex 23.25 2.25 14.1029
    endloop
  endfacet
  facet normal 1 -0 0
    outer loop
      vertex 23.25 1.16469 13.6533
      vertex 23.25 18 0
      vertex 23.25 1.72207 13.8425
    endloop
  endfacet
  facet normal 1 -0 0
    outer loop
      vertex 23.25 0.587367 13.5385
      vertex 23.25 18 0
      vertex 23.25 1.16469 13.6533
    endloop
  endfacet
  facet normal 1 -0 0
    outer loop
      vertex 23.25 0 13.5
      vertex 23.25 18 0
      vertex 23.25 0.587367 13.5385
    endloop
  endfacet
  facet normal 1 0 0
    outer loop
      vertex 23.25 -18 0
      vertex 23.25 0 13.5
      vertex 23.25 -0.587367 13.5385
    endloop
  endfacet
  facet normal 1 0 0
    outer loop
      vertex 23.25 -18 0
      vertex 23.25 -0.587367 13.5385
      vertex 23.25 -1.16469 13.6533
    endloop
  endfacet
  facet normal 1 0 0
    outer loop
      vertex 23.25 -18 0
      vertex 23.25 -1.16469 13.6533
      vertex 23.25 -1.72207 13.8425
    endloop
  endfacet
  facet normal 1 0 0
    outer loop
      vertex 23.25 -18 0
      vertex 23.25 -1.72207 13.8425
      vertex 23.25 -2.25 14.1029
    endloop
  endfacet
  facet normal 1 0 0
    outer loop
      vertex 23.25 -18 0
      vertex 23.25 -2.25 14.1029
      vertex 23.25 -2.73943 14.4299
    endloop
  endfacet
  facet normal 1 0 0
    outer loop
      vertex 23.25 -3.57009 20.7394
      vertex 23.25 -14.2804 28.9577
      vertex 23.25 -3.89711 20.25
    endloop
  endfacet
  facet normal 1 -0 0
    outer loop
      vertex 23.25 -15.5885 27
      vertex 23.25 -3.89711 20.25
      vertex 23.25 -14.2804 28.9577
    endloop
  endfacet
  facet normal 1 0 0
    outer loop
      vertex 23.25 -3.89711 20.25
      vertex 23.25 -15.5885 27
      vertex 23.25 -4.15746 19.7221
    endloop
  endfacet
  facet normal 1 -0 0
    outer loop
      vertex 23.25 -16.6298 24.8883
      vertex 23.25 -4.15746 19.7221
      vertex 23.25 -15.5885 27
    endloop
  endfacet
  facet normal 1 0 0
    outer loop
      vertex 23.25 -4.15746 19.7221
      vertex 23.25 -16.6298 24.8883
      vertex 23.25 -4.34667 19.1647
    endloop
  endfacet
  facet normal 1 -0 0
    outer loop
      vertex 23.25 -17.3867 22.6587
      vertex 23.25 -4.34667 19.1647
      vertex 23.25 -16.6298 24.8883
    endloop
  endfacet
  facet normal 1 0 0
    outer loop
      vertex 23.25 -4.34667 19.1647
      vertex 23.25 -17.3867 22.6587
      vertex 23.25 -4.4615 18.5874
    endloop
  endfacet
  facet normal 1 -0 0
    outer loop
      vertex 23.25 -17.846 20.3495
      vertex 23.25 -4.4615 18.5874
      vertex 23.25 -17.3867 22.6587
    endloop
  endfacet
  facet normal 1 0 0
    outer loop
      vertex 23.25 -4.4615 18.5874
      vertex 23.25 -17.846 20.3495
      vertex 23.25 -4.5 18
    endloop
  endfacet
  facet normal 1 0 0
    outer loop
      vertex 23.25 -18 18
      vertex 23.25 -4.5 18
      vertex 23.25 -17.846 20.3495
    endloop
  endfacet
  facet normal 1 0 0
    outer loop
      vertex 23.25 -4.5 18
      vertex 23.25 -18 18
      vertex 23.25 -4.4615 17.4126
    endloop
  endfacet
  facet normal 1 0 0
    outer loop
      vertex 23.25 -4.4615 17.4126
      vertex 23.25 -18 18
      vertex 23.25 -4.34667 16.8353
    endloop
  endfacet
  facet normal 1 0 0
    outer loop
      vertex 23.25 -4.34667 16.8353
      vertex 23.25 -18 18
      vertex 23.25 -4.15746 16.2779
    endloop
  endfacet
  facet normal 1 0 0
    outer loop
      vertex 23.25 -4.15746 16.2779
      vertex 23.25 -18 18
      vertex 23.25 -3.89711 15.75
    endloop
  endfacet
  facet normal 1 0 0
    outer loop
      vertex 23.25 -3.89711 15.75
      vertex 23.25 -18 18
      vertex 23.25 -3.57009 15.2606
    endloop
  endfacet
  facet normal 1 0 0
    outer loop
      vertex 23.25 -18 0
      vertex 23.25 -3.57009 15.2606
      vertex 23.25 -18 18
    endloop
  endfacet
  facet normal 1 0 0
    outer loop
      vertex 23.25 -3.57009 15.2606
      vertex 23.25 -18 0
      vertex 23.25 -3.18198 14.818
    endloop
  endfacet
  facet normal 1 0 0
    outer loop
      vertex 23.25 -3.18198 14.818
      vertex 23.25 -18 0
      vertex 23.25 -2.73943 14.4299
    endloop
  endfacet
  facet normal 1 0 0
    outer loop
      vertex 23.25 0 13.5
      vertex 23.25 -18 0
      vertex 23.25 18 0
    endloop
  endfacet
  facet normal -0 0 1
    outer loop
      vertex -20.25 -15 7
      vertex 20.25 -18 7
      vertex 20.25 -15 7
    endloop
  endfacet
  facet normal 0 0 1
    outer loop
      vertex 20.25 -18 7
      vertex -20.25 -15 7
      vertex -20.25 -18 7
    endloop
  endfacet
  facet normal 0 0 -1
    outer loop
      vertex -12 -11 0
      vertex -8 11 0
      vertex -8 -11 0
    endloop
  endfacet
  facet normal -0 0 -1
    outer loop
      vertex -8 11 0
      vertex -12 -11 0
      vertex -12 11 0
    endloop
  endfacet
  facet normal 0 0 -1
    outer loop
      vertex 8 -11 0
      vertex 12 11 0
      vertex 12 -11 0
    endloop
  endfacet
  facet normal -0 0 -1
    outer loop
      vertex 12 11 0
      vertex 8 -11 0
      vertex 8 11 0
    endloop
  endfacet
  facet normal 0 0 -1
    outer loop
      vertex 12 -11 0
      vertex 23.25 -18 0
      vertex 12 -13 0
    endloop
  endfacet
  facet normal 0 0 -1
    outer loop
      vertex 23.25 -18 0
      vertex 8 -13 0
      vertex 12 -13 0
    endloop
  endfacet
  facet normal 0 0 -1
    outer loop
      vertex -8 -11 0
      vertex 8 -11 0
      vertex 8 -13 0
    endloop
  endfacet
  facet normal 0 0 -1
    outer loop
      vertex 8 -11 0
      vertex -8 -11 0
      vertex 8 11 0
    endloop
  endfacet
  facet normal 0 0 -1
    outer loop
      vertex -8 -11 0
      vertex 8 -13 0
      vertex -8 -13 0
    endloop
  endfacet
  facet normal 0 0 -1
    outer loop
      vertex 23.25 -18 0
      vertex -8 -13 0
      vertex 8 -13 0
    endloop
  endfacet
  facet normal 0 0 -1
    outer loop
      vertex -23.25 -18 0
      vertex -8 -13 0
      vertex 23.25 -18 0
    endloop
  endfacet
  facet normal 0 0 -1
    outer loop
      vertex -23.25 -18 0
      vertex -12 -11 0
      vertex -12 -13 0
    endloop
  endfacet
  facet normal -0 0 -1
    outer loop
      vertex -12 -11 0
      vertex -23.25 -18 0
      vertex -12 11 0
    endloop
  endfacet
  facet normal 0 0 -1
    outer loop
      vertex -23.25 18 0
      vertex -12 11 0
      vertex -23.25 -18 0
    endloop
  endfacet
  facet normal -0 0 -1
    outer loop
      vertex -8 -13 0
      vertex -23.25 -18 0
      vertex -12 -13 0
    endloop
  endfacet
  facet normal 0 0 -1
    outer loop
      vertex 23.25 -18 0
      vertex 12 -11 0
      vertex 23.25 18 0
    endloop
  endfacet
  facet normal 0 0 -1
    outer loop
      vertex 12 11 0
      vertex 23.25 18 0
      vertex 12 -11 0
    endloop
  endfacet
  facet normal 0 0 -1
    outer loop
      vertex 12 13 0
      vertex 23.25 18 0
      vertex 12 11 0
    endloop
  endfacet
  facet normal 0 0 -1
    outer loop
      vertex 8 13 0
      vertex 23.25 18 0
      vertex 12 13 0
    endloop
  endfacet
  facet normal 0 0 -1
    outer loop
      vertex -8 11 0
      vertex 8 11 0
      vertex -8 -11 0
    endloop
  endfacet
  facet normal 0 0 -1
    outer loop
      vertex 8 11 0
      vertex -8 11 0
      vertex 8 13 0
    endloop
  endfacet
  facet normal 0 0 -1
    outer loop
      vertex -8 13 0
      vertex 8 13 0
      vertex -8 11 0
    endloop
  endfacet
  facet normal 0 0 -1
    outer loop
      vertex 8 13 0
      vertex -8 13 0
      vertex 23.25 18 0
    endloop
  endfacet
  facet normal 0 0 -1
    outer loop
      vertex -23.25 18 0
      vertex -8 13 0
      vertex -12 13 0
    endloop
  endfacet
  facet normal 0 0 -1
    outer loop
      vertex -8 13 0
      vertex -23.25 18 0
      vertex 23.25 18 0
    endloop
  endfacet
  facet normal 0 0 -1
    outer loop
      vertex -12 11 0
      vertex -23.25 18 0
      vertex -12 13 0
    endloop
  endfacet
  facet normal -1 0 0
    outer loop
      vertex -23.25 15.5617 16.3383
      vertex -23.25 18 18
      vertex -23.25 18 0
    endloop
  endfacet
  facet normal -1 0 -0
    outer loop
      vertex -23.25 16.1699 17.3918
      vertex -23.25 18 18
      vertex -23.25 16.0711 17.1007
    endloop
  endfacet
  facet normal -1 0 0
    outer loop
      vertex -23.25 16.2299 18.3067
      vertex -23.25 18 18
      vertex -23.25 16.25 18
    endloop
  endfacet
  facet normal -1 0 0
    outer loop
      vertex -23.25 18 18
      vertex -23.25 16.1699 18.6082
      vertex -23.25 17.846 20.3495
    endloop
  endfacet
  facet normal -1 0 0
    outer loop
      vertex -23.25 16.1699 18.6082
      vertex -23.25 18 18
      vertex -23.25 16.2299 18.3067
    endloop
  endfacet
  facet normal -1 0 -0
    outer loop
      vertex -23.25 16.25 18
      vertex -23.25 18 18
      vertex -23.25 16.2299 17.6933
    endloop
  endfacet
  facet normal -1 0 -0
    outer loop
      vertex -23.25 16.2299 17.6933
      vertex -23.25 18 18
      vertex -23.25 16.1699 17.3918
    endloop
  endfacet
  facet normal -1 0 0
    outer loop
      vertex -23.25 18 18
      vertex -23.25 15.9352 16.825
      vertex -23.25 16.0711 17.1007
    endloop
  endfacet
  facet normal -1 0 0
    outer loop
      vertex -23.25 18 18
      vertex -23.25 15.7644 16.5694
      vertex -23.25 15.9352 16.825
    endloop
  endfacet
  facet normal -1 0 0
    outer loop
      vertex -23.25 18 18
      vertex -23.25 15.5617 16.3383
      vertex -23.25 15.7644 16.5694
    endloop
  endfacet
  facet normal -1 0 0
    outer loop
      vertex -23.25 18 0
      vertex -23.25 15.3306 16.1356
      vertex -23.25 15.5617 16.3383
    endloop
  endfacet
  facet normal -1 0 0
    outer loop
      vertex -23.25 18 0
      vertex -23.25 15.075 15.9648
      vertex -23.25 15.3306 16.1356
    endloop
  endfacet
  facet normal -1 0 0
    outer loop
      vertex -23.25 18 0
      vertex -23.25 14.7993 15.8289
      vertex -23.25 15.075 15.9648
    endloop
  endfacet
  facet normal -1 0 0
    outer loop
      vertex -23.25 18 0
      vertex -23.25 14.5082 15.7301
      vertex -23.25 14.7993 15.8289
    endloop
  endfacet
  facet normal -1 0 0
    outer loop
      vertex -23.25 18 0
      vertex -23.25 14.2067 15.6701
      vertex -23.25 14.5082 15.7301
    endloop
  endfacet
  facet normal -1 0 0
    outer loop
      vertex -23.25 18 0
      vertex -23.25 0.515578 14.0838
      vertex -23.25 14.2067 15.6701
    endloop
  endfacet
  facet normal -1 0 0
    outer loop
      vertex -23.25 18 0
      vertex -23.25 0 14.05
      vertex -23.25 0.515578 14.0838
    endloop
  endfacet
  facet normal -1 0 0
    outer loop
      vertex -23.25 -18 0
      vertex -23.25 0 14.05
      vertex -23.25 18 0
    endloop
  endfacet
  facet normal -1 -0 0
    outer loop
      vertex -23.25 0 14.05
      vertex -23.25 -18 0
      vertex -23.25 -0.515578 14.0838
    endloop
  endfacet
  facet normal -1 -0 0
    outer loop
      vertex -23.25 -0.515578 14.0838
      vertex -23.25 -18 0
      vertex -23.25 -14.2067 15.6701
    endloop
  endfacet
  facet normal -1 -0 0
    outer loop
      vertex -23.25 -14.2067 15.6701
      vertex -23.25 -18 0
      vertex -23.25 -14.5082 15.7301
    endloop
  endfacet
  facet normal -1 0 0
    outer loop
      vertex -23.25 -14.2067 20.3299
      vertex -23.25 -17.3867 22.6587
      vertex -23.25 -16.6298 24.8883
    endloop
  endfacet
  facet normal -1 0 0
    outer loop
      vertex -23.25 -18 18
      vertex -23.25 -16.25 18
      vertex -23.25 -16.2299 17.6933
    endloop
  endfacet
  facet normal -1 0 0
    outer loop
      vertex -23.25 -18 18
      vertex -23.25 -16.2299 17.6933
      vertex -23.25 -16.1699 17.3918
    endloop
  endfacet
  facet normal -1 0 0
    outer loop
      vertex -23.25 -16.2299 18.3067
      vertex -23.25 -17.846 20.3495
      vertex -23.25 -17.3867 22.6587
    endloop
  endfacet
  facet normal -1 0 0
    outer loop
      vertex -23.25 -18 18
      vertex -23.25 -16.1699 17.3918
      vertex -23.25 -16.0711 17.1007
    endloop
  endfacet
  facet normal -1 0 0
    outer loop
      vertex -23.25 -18 18
      vertex -23.25 -16.0711 17.1007
      vertex -23.25 -15.9352 16.825
    endloop
  endfacet
  facet normal -1 -0 0
    outer loop
      vertex -23.25 -14.5082 15.7301
      vertex -23.25 -18 0
      vertex -23.25 -14.7993 15.8289
    endloop
  endfacet
  facet normal -1 0 0
    outer loop
      vertex -23.25 -18 0
      vertex -23.25 -15.075 15.9648
      vertex -23.25 -14.7993 15.8289
    endloop
  endfacet
  facet normal -1 0 0
    outer loop
      vertex -23.25 -18 0
      vertex -23.25 -15.3306 16.1356
      vertex -23.25 -15.075 15.9648
    endloop
  endfacet
  facet normal -1 0 0
    outer loop
      vertex -23.25 -18 0
      vertex -23.25 -15.5617 16.3383
      vertex -23.25 -15.3306 16.1356
    endloop
  endfacet
  facet normal -1 0 0
    outer loop
      vertex -23.25 -18 18
      vertex -23.25 -15.5617 16.3383
      vertex -23.25 -18 0
    endloop
  endfacet
  facet normal -1 0 0
    outer loop
      vertex -23.25 -15.5617 16.3383
      vertex -23.25 -18 18
      vertex -23.25 -15.7644 16.5694
    endloop
  endfacet
  facet normal -1 0 0
    outer loop
      vertex -23.25 -15.7644 16.5694
      vertex -23.25 -18 18
      vertex -23.25 -15.9352 16.825
    endloop
  endfacet
  facet normal -1 -0 0
    outer loop
      vertex -23.25 -16.2299 18.3067
      vertex -23.25 -18 18
      vertex -23.25 -17.846 20.3495
    endloop
  endfacet
  facet normal -1 0 0
    outer loop
      vertex -23.25 16.0711 18.8993
      vertex -23.25 17.846 20.3495
      vertex -23.25 16.1699 18.6082
    endloop
  endfacet
  facet normal -1 0 0
    outer loop
      vertex -23.25 15.9352 19.175
      vertex -23.25 17.846 20.3495
      vertex -23.25 16.0711 18.8993
    endloop
  endfacet
  facet normal -1 0 0
    outer loop
      vertex -23.25 15.7644 19.4306
      vertex -23.25 17.846 20.3495
      vertex -23.25 15.9352 19.175
    endloop
  endfacet
  facet normal -1 0 0
    outer loop
      vertex -23.25 15.5617 19.6617
      vertex -23.25 17.846 20.3495
      vertex -23.25 15.7644 19.4306
    endloop
  endfacet
  facet normal -1 0 0
    outer loop
      vertex -23.25 15.3306 19.8644
      vertex -23.25 17.846 20.3495
      vertex -23.25 15.5617 19.6617
    endloop
  endfacet
  facet normal -1 -0 0
    outer loop
      vertex -23.25 17.846 20.3495
      vertex -23.25 15.3306 19.8644
      vertex -23.25 17.3867 22.6587
    endloop
  endfacet
  facet normal -1 0 0
    outer loop
      vertex -23.25 15.075 20.0352
      vertex -23.25 17.3867 22.6587
      vertex -23.25 15.3306 19.8644
    endloop
  endfacet
  facet normal -1 0 0
    outer loop
      vertex -23.25 14.7993 20.1711
      vertex -23.25 17.3867 22.6587
      vertex -23.25 15.075 20.0352
    endloop
  endfacet
  facet normal -1 0 0
    outer loop
      vertex -23.25 14.5082 20.2699
      vertex -23.25 17.3867 22.6587
      vertex -23.25 14.7993 20.1711
    endloop
  endfacet
  facet normal -1 0 0
    outer loop
      vertex -23.25 14.2067 20.3299
      vertex -23.25 17.3867 22.6587
      vertex -23.25 14.5082 20.2699
    endloop
  endfacet
  facet normal -1 -0 0
    outer loop
      vertex -23.25 17.3867 22.6587
      vertex -23.25 14.2067 20.3299
      vertex -23.25 16.6298 24.8883
    endloop
  endfacet
  facet normal -1 -0 0
    outer loop
      vertex -23.25 16.6298 24.8883
      vertex -23.25 14.2067 20.3299
      vertex -23.25 15.5885 27
    endloop
  endfacet
  facet normal -1 -0 0
    outer loop
      vertex -23.25 15.5885 27
      vertex -23.25 14.2067 20.3299
      vertex -23.25 14.2804 28.9577
    endloop
  endfacet
  facet normal -1 0 0
    outer loop
      vertex -23.25 0.515578 21.9162
      vertex -23.25 14.2804 28.9577
      vertex -23.25 14.2067 20.3299
    endloop
  endfacet
  facet normal -1 -0 0
    outer loop
      vertex -23.25 14.2804 28.9577
      vertex -23.25 0.515578 21.9162
      vertex -23.25 12.7279 30.7279
    endloop
  endfacet
  facet normal -1 -0 0
    outer loop
      vertex -23.25 12.7279 30.7279
      vertex -23.25 0.515578 21.9162
      vertex -23.25 10.9577 32.2804
    endloop
  endfacet
  facet normal -1 -0 0
    outer loop
      vertex -23.25 10.9577 32.2804
      vertex -23.25 0.515578 21.9162
      vertex -23.25 9 33.5885
    endloop
  endfacet
  facet normal -1 -0 0
    outer loop
      vertex -23.25 9 33.5885
      vertex -23.25 0.515578 21.9162
      vertex -23.25 6.8883 34.6298
    endloop
  endfacet
  facet normal -1 -0 0
    outer loop
      vertex -23.25 6.8883 34.6298
      vertex -23.25 0.515578 21.9162
      vertex -23.25 4.65874 35.3867
    endloop
  endfacet
  facet normal -1 -0 0
    outer loop
      vertex -23.25 4.65874 35.3867
      vertex -23.25 0.515578 21.9162
      vertex -23.25 2.34947 35.846
    endloop
  endfacet
  facet normal -1 0 0
    outer loop
      vertex -23.25 0 21.95
      vertex -23.25 2.34947 35.846
      vertex -23.25 0.515578 21.9162
    endloop
  endfacet
  facet normal -1 0 0
    outer loop
      vertex -23.25 0 21.95
      vertex -23.25 0 36
      vertex -23.25 2.34947 35.846
    endloop
  endfacet
  facet normal -1 0 0
    outer loop
      vertex -23.25 -0.515578 21.9162
      vertex -23.25 0 36
      vertex -23.25 0 21.95
    endloop
  endfacet
  facet normal -1 0 0
    outer loop
      vertex -23.25 -0.515578 21.9162
      vertex -23.25 -2.34947 35.846
      vertex -23.25 0 36
    endloop
  endfacet
  facet normal -1 0 0
    outer loop
      vertex -23.25 -0.515578 21.9162
      vertex -23.25 -4.65874 35.3867
      vertex -23.25 -2.34947 35.846
    endloop
  endfacet
  facet normal -1 0 0
    outer loop
      vertex -23.25 -0.515578 21.9162
      vertex -23.25 -6.8883 34.6298
      vertex -23.25 -4.65874 35.3867
    endloop
  endfacet
  facet normal -1 0 0
    outer loop
      vertex -23.25 -0.515578 21.9162
      vertex -23.25 -9 33.5885
      vertex -23.25 -6.8883 34.6298
    endloop
  endfacet
  facet normal -1 0 0
    outer loop
      vertex -23.25 -0.515578 21.9162
      vertex -23.25 -10.9577 32.2804
      vertex -23.25 -9 33.5885
    endloop
  endfacet
  facet normal -1 0 0
    outer loop
      vertex -23.25 -0.515578 21.9162
      vertex -23.25 -12.7279 30.7279
      vertex -23.25 -10.9577 32.2804
    endloop
  endfacet
  facet normal -1 0 0
    outer loop
      vertex -23.25 -14.2804 28.9577
      vertex -23.25 -0.515578 21.9162
      vertex -23.25 -14.2067 20.3299
    endloop
  endfacet
  facet normal -1 0 0
    outer loop
      vertex -23.25 -0.515578 21.9162
      vertex -23.25 -14.2804 28.9577
      vertex -23.25 -12.7279 30.7279
    endloop
  endfacet
  facet normal -1 0 0
    outer loop
      vertex -23.25 -17.3867 22.6587
      vertex -23.25 -14.2067 20.3299
      vertex -23.25 -14.5082 20.2699
    endloop
  endfacet
  facet normal -1 0 0
    outer loop
      vertex -23.25 -17.3867 22.6587
      vertex -23.25 -14.5082 20.2699
      vertex -23.25 -14.7993 20.1711
    endloop
  endfacet
  facet normal -1 0 0
    outer loop
      vertex -23.25 -17.3867 22.6587
      vertex -23.25 -14.7993 20.1711
      vertex -23.25 -15.075 20.0352
    endloop
  endfacet
  facet normal -1 0 0
    outer loop
      vertex -23.25 -17.3867 22.6587
      vertex -23.25 -15.075 20.0352
      vertex -23.25 -15.3306 19.8644
    endloop
  endfacet
  facet normal -1 0 0
    outer loop
      vertex -23.25 -17.3867 22.6587
      vertex -23.25 -15.3306 19.8644
      vertex -23.25 -15.5617 19.6617
    endloop
  endfacet
  facet normal -1 0 0
    outer loop
      vertex -23.25 -14.2067 20.3299
      vertex -23.25 -15.5885 27
      vertex -23.25 -14.2804 28.9577
    endloop
  endfacet
  facet normal -1 0 0
    outer loop
      vertex -23.25 -17.3867 22.6587
      vertex -23.25 -15.5617 19.6617
      vertex -23.25 -15.7644 19.4306
    endloop
  endfacet
  facet normal -1 0 0
    outer loop
      vertex -23.25 -17.3867 22.6587
      vertex -23.25 -15.7644 19.4306
      vertex -23.25 -15.9352 19.175
    endloop
  endfacet
  facet normal -1 0 0
    outer loop
      vertex -23.25 -17.3867 22.6587
      vertex -23.25 -15.9352 19.175
      vertex -23.25 -16.0711 18.8993
    endloop
  endfacet
  facet normal -1 0 0
    outer loop
      vertex -23.25 -17.3867 22.6587
      vertex -23.25 -16.0711 18.8993
      vertex -23.25 -16.1699 18.6082
    endloop
  endfacet
  facet normal -1 0 0
    outer loop
      vertex -23.25 -17.3867 22.6587
      vertex -23.25 -16.1699 18.6082
      vertex -23.25 -16.2299 18.3067
    endloop
  endfacet
  facet normal -1 0 0
    outer loop
      vertex -23.25 -14.2067 20.3299
      vertex -23.25 -16.6298 24.8883
      vertex -23.25 -15.5885 27
    endloop
  endfacet
  facet normal -1 0 0
    outer loop
      vertex -23.25 -18 18
      vertex -23.25 -16.2299 18.3067
      vertex -23.25 -16.25 18
    endloop
  endfacet
  facet normal 0 1 -0
    outer loop
      vertex 20.25 -15 3
      vertex -20.25 -15 7
      vertex 20.25 -15 7
    endloop
  endfacet
  facet normal 0 1 0
    outer loop
      vertex -20.25 -15 7
      vertex 20.25 -15 3
      vertex -20.25 -15 3
    endloop
  endfacet
  facet normal 0 -1 0
    outer loop
      vertex -23.25 -18 18
      vertex -20.25 -18 7
      vertex -20.25 -18 18
    endloop
  endfacet
  facet normal 0 -1 -0
    outer loop
      vertex -20.25 -18 7
      vertex -23.25 -18 0
      vertex 20.25 -18 7
    endloop
  endfacet
  facet normal 0 -1 0
    outer loop
      vertex -23.25 -18 0
      vertex -20.25 -18 7
      vertex -23.25 -18 18
    endloop
  endfacet
  facet normal 0 -1 0
    outer loop
      vertex 20.25 -18 7
      vertex 23.25 -18 18
      vertex 20.25 -18 18
    endloop
  endfacet
  facet normal 0 -1 0
    outer loop
      vertex 20.25 -18 7
      vertex 23.25 -18 0
      vertex 23.25 -18 18
    endloop
  endfacet
  facet normal 0 -1 0
    outer loop
      vertex 23.25 -18 0
      vertex 20.25 -18 7
      vertex -23.25 -18 0
    endloop
  endfacet
  facet normal -0 0 1
    outer loop
      vertex -20.25 18 7
      vertex 20.25 15 7
      vertex 20.25 18 7
    endloop
  endfacet
  facet normal 0 0 1
    outer loop
      vertex 20.25 15 7
      vertex -20.25 18 7
      vertex -20.25 15 7
    endloop
  endfacet
  facet normal 0 1 0
    outer loop
      vertex 23.25 18 18
      vertex 20.25 18 7
      vertex 20.25 18 18
    endloop
  endfacet
  facet normal 0 1 0
    outer loop
      vertex 20.25 18 7
      vertex 23.25 18 0
      vertex -20.25 18 7
    endloop
  endfacet
  facet normal 0 1 -0
    outer loop
      vertex 23.25 18 0
      vertex 20.25 18 7
      vertex 23.25 18 18
    endloop
  endfacet
  facet normal 0 1 -0
    outer loop
      vertex -20.25 18 7
      vertex -23.25 18 18
      vertex -20.25 18 18
    endloop
  endfacet
  facet normal 0 1 0
    outer loop
      vertex -20.25 18 7
      vertex -23.25 18 0
      vertex -23.25 18 18
    endloop
  endfacet
  facet normal 0 1 0
    outer loop
      vertex -23.25 18 0
      vertex -20.25 18 7
      vertex 23.25 18 0
    endloop
  endfacet
  facet normal 0 -1 0
    outer loop
      vertex -20.25 15 3
      vertex 20.25 15 7
      vertex -20.25 15 7
    endloop
  endfacet
  facet normal 0 -1 -0
    outer loop
      vertex 20.25 15 7
      vertex -20.25 15 3
      vertex 20.25 15 3
    endloop
  endfacet
  facet normal 0 0.751824 0.659364
    outer loop
      vertex -20.25 14.2804 28.9577
      vertex -23.25 12.7279 30.7279
      vertex -20.25 12.7279 30.7279
    endloop
  endfacet
  facet normal 0 0.751824 0.659364
    outer loop
      vertex -23.25 12.7279 30.7279
      vertex -20.25 14.2804 28.9577
      vertex -23.25 14.2804 28.9577
    endloop
  endfacet
  facet normal 0 -0.751824 0.659364
    outer loop
      vertex -23.25 -14.2804 28.9577
      vertex -20.25 -12.7279 30.7279
      vertex -23.25 -12.7279 30.7279
    endloop
  endfacet
  facet normal 0 -0.751824 0.659364
    outer loop
      vertex -20.25 -12.7279 30.7279
      vertex -23.25 -14.2804 28.9577
      vertex -20.25 -14.2804 28.9577
    endloop
  endfacet
  facet normal -0 0.0654063 0.997859
    outer loop
      vertex -23.25 2.34947 35.846
      vertex -20.25 0 36
      vertex -20.25 2.34947 35.846
    endloop
  endfacet
  facet normal 0 0.0654063 0.997859
    outer loop
      vertex -20.25 0 36
      vertex -23.25 2.34947 35.846
      vertex -23.25 0 36
    endloop
  endfacet
  facet normal 1 0 0
    outer loop
      vertex -20.25 -2.75 18
      vertex -20.25 -6.90941 18.1436
      vertex -20.25 -6.9 18
    endloop
  endfacet
  facet normal 1 0 0
    outer loop
      vertex -20.25 -1.67409 20.1817
      vertex -20.25 -6.93748 18.2847
      vertex -20.25 -6.90941 18.1436
    endloop
  endfacet
  facet normal 1 0 0
    outer loop
      vertex -20.25 -1.67409 20.1817
      vertex -20.25 -6.98373 18.421
      vertex -20.25 -6.93748 18.2847
    endloop
  endfacet
  facet normal 1 0 0
    outer loop
      vertex -20.25 -1.67409 20.1817
      vertex -20.25 -7.04737 18.55
      vertex -20.25 -6.98373 18.421
    endloop
  endfacet
  facet normal 1 0 0
    outer loop
      vertex -20.25 -1.67409 20.1817
      vertex -20.25 -7.12731 18.6696
      vertex -20.25 -7.04737 18.55
    endloop
  endfacet
  facet normal 1 0 0
    outer loop
      vertex -20.25 -1.67409 20.1817
      vertex -20.25 -7.22218 18.7778
      vertex -20.25 -7.12731 18.6696
    endloop
  endfacet
  facet normal 1 0 0
    outer loop
      vertex -20.25 -1.67409 20.1817
      vertex -20.25 -7.33036 18.8727
      vertex -20.25 -7.22218 18.7778
    endloop
  endfacet
  facet normal 1 0 0
    outer loop
      vertex -20.25 -1.67409 20.1817
      vertex -20.25 -7.45 18.9526
      vertex -20.25 -7.33036 18.8727
    endloop
  endfacet
  facet normal 1 0 0
    outer loop
      vertex -20.25 -1.67409 20.1817
      vertex -20.25 -7.57905 19.0163
      vertex -20.25 -7.45 18.9526
    endloop
  endfacet
  facet normal 1 -0 0
    outer loop
      vertex -20.25 -10.9577 32.2804
      vertex -20.25 -1.67409 20.1817
      vertex -20.25 -9 33.5885
    endloop
  endfacet
  facet normal 1 0 0
    outer loop
      vertex -20.25 -1.67409 20.1817
      vertex -20.25 -7.7153 19.0625
      vertex -20.25 -7.57905 19.0163
    endloop
  endfacet
  facet normal 1 0 0
    outer loop
      vertex -20.25 -1.67409 20.1817
      vertex -20.25 -10.9577 32.2804
      vertex -20.25 -7.7153 19.0625
    endloop
  endfacet
  facet normal 1 0 0
    outer loop
      vertex -20.25 -7.7153 19.0625
      vertex -20.25 -10.9577 32.2804
      vertex -20.25 -7.85642 19.0906
    endloop
  endfacet
  facet normal 1 -0 0
    outer loop
      vertex -20.25 -12.7279 30.7279
      vertex -20.25 -7.85642 19.0906
      vertex -20.25 -10.9577 32.2804
    endloop
  endfacet
  facet normal 1 0 0
    outer loop
      vertex -20.25 -7.85642 19.0906
      vertex -20.25 -12.7279 30.7279
      vertex -20.25 -8 19.1
    endloop
  endfacet
  facet normal 1 0 0
    outer loop
      vertex -20.25 -8 19.1
      vertex -20.25 -12.7279 30.7279
      vertex -20.25 -8.14358 19.0906
    endloop
  endfacet
  facet normal 1 -0 0
    outer loop
      vertex -20.25 -14.2804 28.9577
      vertex -20.25 -8.14358 19.0906
      vertex -20.25 -12.7279 30.7279
    endloop
  endfacet
  facet normal 1 0 0
    outer loop
      vertex -20.25 -8.14358 19.0906
      vertex -20.25 -14.2804 28.9577
      vertex -20.25 -8.2847 19.0625
    endloop
  endfacet
  facet normal 1 -0 0
    outer loop
      vertex -20.25 -15 27.8807
      vertex -20.25 -8.2847 19.0625
      vertex -20.25 -14.2804 28.9577
    endloop
  endfacet
  facet normal 1 0 -0
    outer loop
      vertex -20.25 -11.7153 19.0625
      vertex -20.25 -8.2847 19.0625
      vertex -20.25 -15 27.8807
    endloop
  endfacet
  facet normal 1 0 0
    outer loop
      vertex -20.25 -8.2847 19.0625
      vertex -20.25 -11.7153 19.0625
      vertex -20.25 -8.42095 19.0163
    endloop
  endfacet
  facet normal 1 0 -0
    outer loop
      vertex -20.25 -11.579 19.0163
      vertex -20.25 -8.42095 19.0163
      vertex -20.25 -11.7153 19.0625
    endloop
  endfacet
  facet normal 1 0 0
    outer loop
      vertex -20.25 -8.42095 19.0163
      vertex -20.25 -11.579 19.0163
      vertex -20.25 -8.55 18.9526
    endloop
  endfacet
  facet normal 1 0 -0
    outer loop
      vertex -20.25 -11.3304 18.8727
      vertex -20.25 -8.66964 18.8727
      vertex -20.25 -11.45 18.9526
    endloop
  endfacet
  facet normal 1 0 0
    outer loop
      vertex -20.25 -8.66964 18.8727
      vertex -20.25 -11.3304 18.8727
      vertex -20.25 -8.77782 18.7778
    endloop
  endfacet
  facet normal 1 0 -0
    outer loop
      vertex -20.25 -11.2222 18.7778
      vertex -20.25 -8.77782 18.7778
      vertex -20.25 -11.3304 18.8727
    endloop
  endfacet
  facet normal 1 0 0
    outer loop
      vertex -20.25 -9.1 18
      vertex -20.25 -10.9094 18.1436
      vertex -20.25 -10.9 18
    endloop
  endfacet
  facet normal 1 0 0
    outer loop
      vertex -20.25 -9.09059 18.1436
      vertex -20.25 -10.9094 18.1436
      vertex -20.25 -9.1 18
    endloop
  endfacet
  facet normal 1 0 0
    outer loop
      vertex -20.25 -8.87269 18.6696
      vertex -20.25 -11.1273 18.6696
      vertex -20.25 -8.95263 18.55
    endloop
  endfacet
  facet normal 1 0 -0
    outer loop
      vertex -20.25 -10.9094 18.1436
      vertex -20.25 -9.09059 18.1436
      vertex -20.25 -10.9375 18.2847
    endloop
  endfacet
  facet normal 1 0 0
    outer loop
      vertex -20.25 -9.06252 18.2847
      vertex -20.25 -10.9375 18.2847
      vertex -20.25 -9.09059 18.1436
    endloop
  endfacet
  facet normal 1 0 -0
    outer loop
      vertex -20.25 -10.9375 18.2847
      vertex -20.25 -9.06252 18.2847
      vertex -20.25 -10.9837 18.421
    endloop
  endfacet
  facet normal 1 0 0
    outer loop
      vertex -20.25 -9.01627 18.421
      vertex -20.25 -10.9837 18.421
      vertex -20.25 -9.06252 18.2847
    endloop
  endfacet
  facet normal 1 0 -0
    outer loop
      vertex -20.25 -10.9837 18.421
      vertex -20.25 -9.01627 18.421
      vertex -20.25 -11.0474 18.55
    endloop
  endfacet
  facet normal 1 0 -0
    outer loop
      vertex -20.25 -11.0474 18.55
      vertex -20.25 -8.95263 18.55
      vertex -20.25 -11.1273 18.6696
    endloop
  endfacet
  facet normal 1 0 0
    outer loop
      vertex -20.25 -8.95263 18.55
      vertex -20.25 -11.0474 18.55
      vertex -20.25 -9.01627 18.421
    endloop
  endfacet
  facet normal 1 0 -0
    outer loop
      vertex -20.25 -11.1273 18.6696
      vertex -20.25 -8.87269 18.6696
      vertex -20.25 -11.2222 18.7778
    endloop
  endfacet
  facet normal 1 0 0
    outer loop
      vertex -20.25 -8.77782 18.7778
      vertex -20.25 -11.2222 18.7778
      vertex -20.25 -8.87269 18.6696
    endloop
  endfacet
  facet normal 1 0 0
    outer loop
      vertex -20.25 -8.55 18.9526
      vertex -20.25 -11.45 18.9526
      vertex -20.25 -8.66964 18.8727
    endloop
  endfacet
  facet normal 1 0 -0
    outer loop
      vertex -20.25 -11.45 18.9526
      vertex -20.25 -8.55 18.9526
      vertex -20.25 -11.579 19.0163
    endloop
  endfacet
  facet normal 1 0 0
    outer loop
      vertex -20.25 -11.7153 19.0625
      vertex -20.25 -15 27.8807
      vertex -20.25 -11.8564 19.0906
    endloop
  endfacet
  facet normal 1 0 0
    outer loop
      vertex -20.25 -11.8564 19.0906
      vertex -20.25 -15 27.8807
      vertex -20.25 -12 19.1
    endloop
  endfacet
  facet normal 1 0 0
    outer loop
      vertex -20.25 -12 19.1
      vertex -20.25 -15 27.8807
      vertex -20.25 -12.1436 19.0906
    endloop
  endfacet
  facet normal 1 0 0
    outer loop
      vertex -20.25 -12.1436 19.0906
      vertex -20.25 -15 27.8807
      vertex -20.25 -12.2847 19.0625
    endloop
  endfacet
  facet normal 1 0 0
    outer loop
      vertex -20.25 -12.2847 19.0625
      vertex -20.25 -15 27.8807
      vertex -20.25 -12.421 19.0163
    endloop
  endfacet
  facet normal 1 0 0
    outer loop
      vertex -20.25 -12.421 19.0163
      vertex -20.25 -15 27.8807
      vertex -20.25 -12.55 18.9526
    endloop
  endfacet
  facet normal 1 0 0
    outer loop
      vertex -20.25 -12.55 18.9526
      vertex -20.25 -15 27.8807
      vertex -20.25 -12.6696 18.8727
    endloop
  endfacet
  facet normal 1 0 0
    outer loop
      vertex -20.25 -12.6696 18.8727
      vertex -20.25 -15 27.8807
      vertex -20.25 -12.7778 18.7778
    endloop
  endfacet
  facet normal 1 0 0
    outer loop
      vertex -20.25 -12.7778 18.7778
      vertex -20.25 -15 27.8807
      vertex -20.25 -12.8727 18.6696
    endloop
  endfacet
  facet normal 1 0 0
    outer loop
      vertex -20.25 -12.8727 18.6696
      vertex -20.25 -15 27.8807
      vertex -20.25 -12.9526 18.55
    endloop
  endfacet
  facet normal 1 0 0
    outer loop
      vertex -20.25 -12.9526 18.55
      vertex -20.25 -15 27.8807
      vertex -20.25 -13.0163 18.421
    endloop
  endfacet
  facet normal 1 0 0
    outer loop
      vertex -20.25 -13.0163 18.421
      vertex -20.25 -15 27.8807
      vertex -20.25 -13.0625 18.2847
    endloop
  endfacet
  facet normal 1 0 0
    outer loop
      vertex -20.25 -13.0625 18.2847
      vertex -20.25 -15 27.8807
      vertex -20.25 -13.0906 18.1436
    endloop
  endfacet
  facet normal 1 0 0
    outer loop
      vertex -20.25 6.90941 18.1436
      vertex -20.25 2.72647 18.3589
      vertex -20.25 2.75 18
    endloop
  endfacet
  facet normal 1 0 0
    outer loop
      vertex -20.25 6.8883 34.6298
      vertex -20.25 2.6563 18.7118
      vertex -20.25 2.72647 18.3589
    endloop
  endfacet
  facet normal 1 0 0
    outer loop
      vertex -20.25 6.8883 34.6298
      vertex -20.25 2.54067 19.0524
      vertex -20.25 2.6563 18.7118
    endloop
  endfacet
  facet normal 1 0 0
    outer loop
      vertex -20.25 6.8883 34.6298
      vertex -20.25 2.38157 19.375
      vertex -20.25 2.54067 19.0524
    endloop
  endfacet
  facet normal 1 0 0
    outer loop
      vertex -20.25 0.711752 20.6563
      vertex -20.25 4.65874 35.3867
      vertex -20.25 2.34947 35.846
    endloop
  endfacet
  facet normal 1 0 0
    outer loop
      vertex -20.25 6.8883 34.6298
      vertex -20.25 2.18172 19.6741
      vertex -20.25 2.38157 19.375
    endloop
  endfacet
  facet normal 1 0 0
    outer loop
      vertex -20.25 6.8883 34.6298
      vertex -20.25 1.94454 19.9445
      vertex -20.25 2.18172 19.6741
    endloop
  endfacet
  facet normal 1 0 0
    outer loop
      vertex -20.25 6.8883 34.6298
      vertex -20.25 1.67409 20.1817
      vertex -20.25 1.94454 19.9445
    endloop
  endfacet
  facet normal 1 0 0
    outer loop
      vertex -20.25 6.8883 34.6298
      vertex -20.25 1.375 20.3816
      vertex -20.25 1.67409 20.1817
    endloop
  endfacet
  facet normal 1 0 0
    outer loop
      vertex -20.25 6.8883 34.6298
      vertex -20.25 1.05238 20.5407
      vertex -20.25 1.375 20.3816
    endloop
  endfacet
  facet normal 1 0 0
    outer loop
      vertex -20.25 4.65874 35.3867
      vertex -20.25 0.711752 20.6563
      vertex -20.25 1.05238 20.5407
    endloop
  endfacet
  facet normal 1 0 0
    outer loop
      vertex -20.25 2.34947 35.846
      vertex -20.25 0.358947 20.7265
      vertex -20.25 0.711752 20.6563
    endloop
  endfacet
  facet normal 1 0 0
    outer loop
      vertex -20.25 0 36
      vertex -20.25 0.358947 20.7265
      vertex -20.25 2.34947 35.846
    endloop
  endfacet
  facet normal 1 0 0
    outer loop
      vertex -20.25 0 36
      vertex -20.25 0 20.75
      vertex -20.25 0.358947 20.7265
    endloop
  endfacet
  facet normal 1 0 0
    outer loop
      vertex -20.25 0 36
      vertex -20.25 -0.358947 20.7265
      vertex -20.25 0 20.75
    endloop
  endfacet
  facet normal 1 -0 0
    outer loop
      vertex -20.25 -2.34947 35.846
      vertex -20.25 -0.358947 20.7265
      vertex -20.25 0 36
    endloop
  endfacet
  facet normal 1 0 0
    outer loop
      vertex -20.25 -0.358947 20.7265
      vertex -20.25 -2.34947 35.846
      vertex -20.25 -0.711752 20.6563
    endloop
  endfacet
  facet normal 1 -0 0
    outer loop
      vertex -20.25 -4.65874 35.3867
      vertex -20.25 -0.711752 20.6563
      vertex -20.25 -2.34947 35.846
    endloop
  endfacet
  facet normal 1 0 0
    outer loop
      vertex -20.25 -0.711752 20.6563
      vertex -20.25 -4.65874 35.3867
      vertex -20.25 -1.05238 20.5407
    endloop
  endfacet
  facet normal 1 -0 0
    outer loop
      vertex -20.25 -6.8883 34.6298
      vertex -20.25 -1.05238 20.5407
      vertex -20.25 -4.65874 35.3867
    endloop
  endfacet
  facet normal 1 0 0
    outer loop
      vertex -20.25 -1.05238 20.5407
      vertex -20.25 -6.8883 34.6298
      vertex -20.25 -1.375 20.3816
    endloop
  endfacet
  facet normal 1 -0 0
    outer loop
      vertex -20.25 -9 33.5885
      vertex -20.25 -1.375 20.3816
      vertex -20.25 -6.8883 34.6298
    endloop
  endfacet
  facet normal 1 0 0
    outer loop
      vertex -20.25 -1.375 20.3816
      vertex -20.25 -9 33.5885
      vertex -20.25 -1.67409 20.1817
    endloop
  endfacet
  facet normal 1 0 0
    outer loop
      vertex -20.25 -1.67409 20.1817
      vertex -20.25 -6.90941 18.1436
      vertex -20.25 -1.94454 19.9445
    endloop
  endfacet
  facet normal 1 0 0
    outer loop
      vertex -20.25 -6.90941 18.1436
      vertex -20.25 -2.18172 19.6741
      vertex -20.25 -1.94454 19.9445
    endloop
  endfacet
  facet normal 1 0 0
    outer loop
      vertex -20.25 -6.90941 18.1436
      vertex -20.25 -2.38157 19.375
      vertex -20.25 -2.18172 19.6741
    endloop
  endfacet
  facet normal 1 0 0
    outer loop
      vertex -20.25 -6.90941 18.1436
      vertex -20.25 -2.54067 19.0524
      vertex -20.25 -2.38157 19.375
    endloop
  endfacet
  facet normal 1 0 0
    outer loop
      vertex -20.25 -6.90941 18.1436
      vertex -20.25 -2.6563 18.7118
      vertex -20.25 -2.54067 19.0524
    endloop
  endfacet
  facet normal 1 0 0
    outer loop
      vertex -20.25 15 27.8807
      vertex -20.25 13.0906 18.1436
      vertex -20.25 13.1 18
    endloop
  endfacet
  facet normal 1 0 0
    outer loop
      vertex -20.25 15 27.8807
      vertex -20.25 13.0625 18.2847
      vertex -20.25 13.0906 18.1436
    endloop
  endfacet
  facet normal 1 0 0
    outer loop
      vertex -20.25 15 27.8807
      vertex -20.25 13.0163 18.421
      vertex -20.25 13.0625 18.2847
    endloop
  endfacet
  facet normal 1 0 0
    outer loop
      vertex -20.25 15 27.8807
      vertex -20.25 12.9526 18.55
      vertex -20.25 13.0163 18.421
    endloop
  endfacet
  facet normal 1 0 0
    outer loop
      vertex -20.25 15 27.8807
      vertex -20.25 12.8727 18.6696
      vertex -20.25 12.9526 18.55
    endloop
  endfacet
  facet normal 1 0 0
    outer loop
      vertex -20.25 15 27.8807
      vertex -20.25 12.7778 18.7778
      vertex -20.25 12.8727 18.6696
    endloop
  endfacet
  facet normal 1 0 0
    outer loop
      vertex -20.25 8.14358 19.0906
      vertex -20.25 14.2804 28.9577
      vertex -20.25 12.7279 30.7279
    endloop
  endfacet
  facet normal 1 0 0
    outer loop
      vertex -20.25 15 27.8807
      vertex -20.25 12.6696 18.8727
      vertex -20.25 12.7778 18.7778
    endloop
  endfacet
  facet normal 1 0 0
    outer loop
      vertex -20.25 15 27.8807
      vertex -20.25 12.55 18.9526
      vertex -20.25 12.6696 18.8727
    endloop
  endfacet
  facet normal 1 0 0
    outer loop
      vertex -20.25 15 27.8807
      vertex -20.25 12.421 19.0163
      vertex -20.25 12.55 18.9526
    endloop
  endfacet
  facet normal 1 0 0
    outer loop
      vertex -20.25 15 27.8807
      vertex -20.25 12.2847 19.0625
      vertex -20.25 12.421 19.0163
    endloop
  endfacet
  facet normal 1 0 0
    outer loop
      vertex -20.25 15 27.8807
      vertex -20.25 12.1436 19.0906
      vertex -20.25 12.2847 19.0625
    endloop
  endfacet
  facet normal 1 0 0
    outer loop
      vertex -20.25 15 27.8807
      vertex -20.25 12 19.1
      vertex -20.25 12.1436 19.0906
    endloop
  endfacet
  facet normal 1 0 0
    outer loop
      vertex -20.25 15 27.8807
      vertex -20.25 11.8564 19.0906
      vertex -20.25 12 19.1
    endloop
  endfacet
  facet normal 1 0 0
    outer loop
      vertex -20.25 15 27.8807
      vertex -20.25 11.7153 19.0625
      vertex -20.25 11.8564 19.0906
    endloop
  endfacet
  facet normal 1 0 0
    outer loop
      vertex -20.25 15 27.8807
      vertex -20.25 8.2847 19.0625
      vertex -20.25 11.7153 19.0625
    endloop
  endfacet
  facet normal 1 0 0
    outer loop
      vertex -20.25 11.7153 19.0625
      vertex -20.25 8.2847 19.0625
      vertex -20.25 11.579 19.0163
    endloop
  endfacet
  facet normal 1 0 -0
    outer loop
      vertex -20.25 8.42095 19.0163
      vertex -20.25 11.579 19.0163
      vertex -20.25 8.2847 19.0625
    endloop
  endfacet
  facet normal 1 0 0
    outer loop
      vertex -20.25 11.579 19.0163
      vertex -20.25 8.42095 19.0163
      vertex -20.25 11.45 18.9526
    endloop
  endfacet
  facet normal 1 0 0
    outer loop
      vertex -20.25 11.45 18.9526
      vertex -20.25 8.55 18.9526
      vertex -20.25 11.3304 18.8727
    endloop
  endfacet
  facet normal 1 0 -0
    outer loop
      vertex -20.25 8.66964 18.8727
      vertex -20.25 11.3304 18.8727
      vertex -20.25 8.55 18.9526
    endloop
  endfacet
  facet normal 1 0 0
    outer loop
      vertex -20.25 11.3304 18.8727
      vertex -20.25 8.66964 18.8727
      vertex -20.25 11.2222 18.7778
    endloop
  endfacet
  facet normal 1 0 0
    outer loop
      vertex -20.25 7.85642 19.0906
      vertex -20.25 12.7279 30.7279
      vertex -20.25 10.9577 32.2804
    endloop
  endfacet
  facet normal 1 0 -0
    outer loop
      vertex -20.25 8.77782 18.7778
      vertex -20.25 11.2222 18.7778
      vertex -20.25 8.66964 18.8727
    endloop
  endfacet
  facet normal 1 0 -0
    outer loop
      vertex -20.25 8.87269 18.6696
      vertex -20.25 11.1273 18.6696
      vertex -20.25 8.77782 18.7778
    endloop
  endfacet
  facet normal 1 0 0
    outer loop
      vertex -20.25 11.1273 18.6696
      vertex -20.25 8.87269 18.6696
      vertex -20.25 11.0474 18.55
    endloop
  endfacet
  facet normal 1 0 -0
    outer loop
      vertex -20.25 8.95263 18.55
      vertex -20.25 11.0474 18.55
      vertex -20.25 8.87269 18.6696
    endloop
  endfacet
  facet normal 1 0 0
    outer loop
      vertex -20.25 10.9 18
      vertex -20.25 9.09059 18.1436
      vertex -20.25 9.1 18
    endloop
  endfacet
  facet normal 1 0 0
    outer loop
      vertex -20.25 10.9094 18.1436
      vertex -20.25 9.09059 18.1436
      vertex -20.25 10.9 18
    endloop
  endfacet
  facet normal 1 0 -0
    outer loop
      vertex -20.25 9.09059 18.1436
      vertex -20.25 10.9094 18.1436
      vertex -20.25 9.06252 18.2847
    endloop
  endfacet
  facet normal 1 0 0
    outer loop
      vertex -20.25 7.7153 19.0625
      vertex -20.25 10.9577 32.2804
      vertex -20.25 9 33.5885
    endloop
  endfacet
  facet normal 1 0 0
    outer loop
      vertex -20.25 10.9375 18.2847
      vertex -20.25 9.06252 18.2847
      vertex -20.25 10.9094 18.1436
    endloop
  endfacet
  facet normal 1 0 -0
    outer loop
      vertex -20.25 9.06252 18.2847
      vertex -20.25 10.9375 18.2847
      vertex -20.25 9.01627 18.421
    endloop
  endfacet
  facet normal 1 0 0
    outer loop
      vertex -20.25 10.9837 18.421
      vertex -20.25 9.01627 18.421
      vertex -20.25 10.9375 18.2847
    endloop
  endfacet
  facet normal 1 0 -0
    outer loop
      vertex -20.25 9.01627 18.421
      vertex -20.25 10.9837 18.421
      vertex -20.25 8.95263 18.55
    endloop
  endfacet
  facet normal 1 0 0
    outer loop
      vertex -20.25 11.0474 18.55
      vertex -20.25 8.95263 18.55
      vertex -20.25 10.9837 18.421
    endloop
  endfacet
  facet normal 1 0 0
    outer loop
      vertex -20.25 11.2222 18.7778
      vertex -20.25 8.77782 18.7778
      vertex -20.25 11.1273 18.6696
    endloop
  endfacet
  facet normal 1 0 -0
    outer loop
      vertex -20.25 8.55 18.9526
      vertex -20.25 11.45 18.9526
      vertex -20.25 8.42095 19.0163
    endloop
  endfacet
  facet normal 1 0 0
    outer loop
      vertex -20.25 14.2804 28.9577
      vertex -20.25 8.14358 19.0906
      vertex -20.25 8.2847 19.0625
    endloop
  endfacet
  facet normal 1 0 0
    outer loop
      vertex -20.25 12.7279 30.7279
      vertex -20.25 8 19.1
      vertex -20.25 8.14358 19.0906
    endloop
  endfacet
  facet normal 1 0 0
    outer loop
      vertex -20.25 12.7279 30.7279
      vertex -20.25 7.85642 19.0906
      vertex -20.25 8 19.1
    endloop
  endfacet
  facet normal 1 0 0
    outer loop
      vertex -20.25 10.9577 32.2804
      vertex -20.25 7.7153 19.0625
      vertex -20.25 7.85642 19.0906
    endloop
  endfacet
  facet normal 1 0 0
    outer loop
      vertex -20.25 9 33.5885
      vertex -20.25 7.57905 19.0163
      vertex -20.25 7.7153 19.0625
    endloop
  endfacet
  facet normal 1 0 0
    outer loop
      vertex -20.25 6.8883 34.6298
      vertex -20.25 7.57905 19.0163
      vertex -20.25 9 33.5885
    endloop
  endfacet
  facet normal 1 0 0
    outer loop
      vertex -20.25 2.72647 18.3589
      vertex -20.25 7.57905 19.0163
      vertex -20.25 6.8883 34.6298
    endloop
  endfacet
  facet normal 1 0 0
    outer loop
      vertex -20.25 7.57905 19.0163
      vertex -20.25 2.72647 18.3589
      vertex -20.25 7.45 18.9526
    endloop
  endfacet
  facet normal 1 0 0
    outer loop
      vertex -20.25 2.72647 18.3589
      vertex -20.25 7.33036 18.8727
      vertex -20.25 7.45 18.9526
    endloop
  endfacet
  facet normal 1 0 0
    outer loop
      vertex -20.25 2.72647 18.3589
      vertex -20.25 7.22218 18.7778
      vertex -20.25 7.33036 18.8727
    endloop
  endfacet
  facet normal 1 0 0
    outer loop
      vertex -20.25 2.72647 18.3589
      vertex -20.25 7.12731 18.6696
      vertex -20.25 7.22218 18.7778
    endloop
  endfacet
  facet normal 1 0 0
    outer loop
      vertex -20.25 2.72647 18.3589
      vertex -20.25 7.04737 18.55
      vertex -20.25 7.12731 18.6696
    endloop
  endfacet
  facet normal 1 -0 0
    outer loop
      vertex -20.25 2.72647 18.3589
      vertex -20.25 6.93748 18.2847
      vertex -20.25 6.98373 18.421
    endloop
  endfacet
  facet normal 1 0 0
    outer loop
      vertex -20.25 2.72647 18.3589
      vertex -20.25 6.90941 18.1436
      vertex -20.25 6.93748 18.2847
    endloop
  endfacet
  facet normal 1 0 0
    outer loop
      vertex -20.25 2.72647 18.3589
      vertex -20.25 6.98373 18.421
      vertex -20.25 7.04737 18.55
    endloop
  endfacet
  facet normal 1 -0 0
    outer loop
      vertex -20.25 13.1 18
      vertex -20.25 15 7
      vertex -20.25 15 27.8807
    endloop
  endfacet
  facet normal 1 0 0
    outer loop
      vertex -20.25 8.2847 19.0625
      vertex -20.25 15 27.8807
      vertex -20.25 14.2804 28.9577
    endloop
  endfacet
  facet normal 1 -0 0
    outer loop
      vertex -20.25 13.0906 17.8564
      vertex -20.25 15 7
      vertex -20.25 13.1 18
    endloop
  endfacet
  facet normal 1 -0 0
    outer loop
      vertex -20.25 13.0625 17.7153
      vertex -20.25 15 7
      vertex -20.25 13.0906 17.8564
    endloop
  endfacet
  facet normal 1 -0 0
    outer loop
      vertex -20.25 13.0163 17.579
      vertex -20.25 15 7
      vertex -20.25 13.0625 17.7153
    endloop
  endfacet
  facet normal 1 -0 0
    outer loop
      vertex -20.25 12.9526 17.45
      vertex -20.25 15 7
      vertex -20.25 13.0163 17.579
    endloop
  endfacet
  facet normal 1 -0 0
    outer loop
      vertex -20.25 12.8727 17.3304
      vertex -20.25 15 7
      vertex -20.25 12.9526 17.45
    endloop
  endfacet
  facet normal 1 -0 0
    outer loop
      vertex -20.25 12.7778 17.2222
      vertex -20.25 15 7
      vertex -20.25 12.8727 17.3304
    endloop
  endfacet
  facet normal 1 -0 0
    outer loop
      vertex -20.25 12.6696 17.1273
      vertex -20.25 15 7
      vertex -20.25 12.7778 17.2222
    endloop
  endfacet
  facet normal 1 -0 0
    outer loop
      vertex -20.25 12.55 17.0474
      vertex -20.25 15 7
      vertex -20.25 12.6696 17.1273
    endloop
  endfacet
  facet normal 1 -0 0
    outer loop
      vertex -20.25 12.421 16.9837
      vertex -20.25 15 7
      vertex -20.25 12.55 17.0474
    endloop
  endfacet
  facet normal 1 -0 0
    outer loop
      vertex -20.25 12.2847 16.9375
      vertex -20.25 15 7
      vertex -20.25 12.421 16.9837
    endloop
  endfacet
  facet normal 1 -0 0
    outer loop
      vertex -20.25 12.1436 16.9094
      vertex -20.25 15 7
      vertex -20.25 12.2847 16.9375
    endloop
  endfacet
  facet normal 1 -0 0
    outer loop
      vertex -20.25 12 16.9
      vertex -20.25 15 7
      vertex -20.25 12.1436 16.9094
    endloop
  endfacet
  facet normal 1 0 0
    outer loop
      vertex -20.25 11.8564 16.9094
      vertex -20.25 15 7
      vertex -20.25 12 16.9
    endloop
  endfacet
  facet normal 1 0 0
    outer loop
      vertex -20.25 11.7153 16.9375
      vertex -20.25 15 7
      vertex -20.25 11.8564 16.9094
    endloop
  endfacet
  facet normal 1 -0 0
    outer loop
      vertex -20.25 8.2847 16.9375
      vertex -20.25 15 7
      vertex -20.25 11.7153 16.9375
    endloop
  endfacet
  facet normal 1 0 0
    outer loop
      vertex -20.25 8.2847 16.9375
      vertex -20.25 11.7153 16.9375
      vertex -20.25 11.579 16.9837
    endloop
  endfacet
  facet normal 1 0 0
    outer loop
      vertex -20.25 8.42095 16.9837
      vertex -20.25 11.579 16.9837
      vertex -20.25 11.45 17.0474
    endloop
  endfacet
  facet normal 1 0 0
    outer loop
      vertex -20.25 8.55 17.0474
      vertex -20.25 11.45 17.0474
      vertex -20.25 11.3304 17.1273
    endloop
  endfacet
  facet normal 1 0 0
    outer loop
      vertex -20.25 8.66964 17.1273
      vertex -20.25 11.3304 17.1273
      vertex -20.25 11.2222 17.2222
    endloop
  endfacet
  facet normal 1 0 0
    outer loop
      vertex -20.25 8.77782 17.2222
      vertex -20.25 11.2222 17.2222
      vertex -20.25 11.1273 17.3304
    endloop
  endfacet
  facet normal 1 0 0
    outer loop
      vertex -20.25 8.87269 17.3304
      vertex -20.25 11.1273 17.3304
      vertex -20.25 11.0474 17.45
    endloop
  endfacet
  facet normal 1 0 0
    outer loop
      vertex -20.25 8.95263 17.45
      vertex -20.25 11.0474 17.45
      vertex -20.25 10.9837 17.579
    endloop
  endfacet
  facet normal 1 0 0
    outer loop
      vertex -20.25 9.01627 17.579
      vertex -20.25 10.9837 17.579
      vertex -20.25 10.9375 17.7153
    endloop
  endfacet
  facet normal 1 -0 0
    outer loop
      vertex -20.25 9.1 18
      vertex -20.25 10.9094 17.8564
      vertex -20.25 10.9 18
    endloop
  endfacet
  facet normal 1 0 0
    outer loop
      vertex -20.25 9.09059 17.8564
      vertex -20.25 10.9094 17.8564
      vertex -20.25 9.1 18
    endloop
  endfacet
  facet normal 1 0 0
    outer loop
      vertex -20.25 10.9094 17.8564
      vertex -20.25 9.09059 17.8564
      vertex -20.25 10.9375 17.7153
    endloop
  endfacet
  facet normal 1 0 0
    outer loop
      vertex -20.25 9.06252 17.7153
      vertex -20.25 10.9375 17.7153
      vertex -20.25 9.09059 17.8564
    endloop
  endfacet
  facet normal 1 0 0
    outer loop
      vertex -20.25 9.01627 17.579
      vertex -20.25 10.9375 17.7153
      vertex -20.25 9.06252 17.7153
    endloop
  endfacet
  facet normal 1 0 0
    outer loop
      vertex -20.25 10.9837 17.579
      vertex -20.25 9.01627 17.579
      vertex -20.25 8.95263 17.45
    endloop
  endfacet
  facet normal 1 0 0
    outer loop
      vertex -20.25 11.0474 17.45
      vertex -20.25 8.95263 17.45
      vertex -20.25 8.87269 17.3304
    endloop
  endfacet
  facet normal 1 0 0
    outer loop
      vertex -20.25 11.1273 17.3304
      vertex -20.25 8.87269 17.3304
      vertex -20.25 8.77782 17.2222
    endloop
  endfacet
  facet normal 1 0 0
    outer loop
      vertex -20.25 11.2222 17.2222
      vertex -20.25 8.77782 17.2222
      vertex -20.25 8.66964 17.1273
    endloop
  endfacet
  facet normal 1 0 0
    outer loop
      vertex -20.25 11.3304 17.1273
      vertex -20.25 8.66964 17.1273
      vertex -20.25 8.55 17.0474
    endloop
  endfacet
  facet normal 1 0 0
    outer loop
      vertex -20.25 11.45 17.0474
      vertex -20.25 8.55 17.0474
      vertex -20.25 8.42095 16.9837
    endloop
  endfacet
  facet normal 1 0 0
    outer loop
      vertex -20.25 11.579 16.9837
      vertex -20.25 8.42095 16.9837
      vertex -20.25 8.2847 16.9375
    endloop
  endfacet
  facet normal 1 -0 0
    outer loop
      vertex -20.25 8.14358 16.9094
      vertex -20.25 15 7
      vertex -20.25 8.2847 16.9375
    endloop
  endfacet
  facet normal 1 -0 0
    outer loop
      vertex -20.25 8 16.9
      vertex -20.25 15 7
      vertex -20.25 8.14358 16.9094
    endloop
  endfacet
  facet normal 1 0 0
    outer loop
      vertex -20.25 7.85642 16.9094
      vertex -20.25 15 7
      vertex -20.25 8 16.9
    endloop
  endfacet
  facet normal 1 -0 0
    outer loop
      vertex -20.25 1.375 15.6184
      vertex -20.25 15 7
      vertex -20.25 7.85642 16.9094
    endloop
  endfacet
  facet normal 1 0 0
    outer loop
      vertex -20.25 1.375 15.6184
      vertex -20.25 7.85642 16.9094
      vertex -20.25 7.7153 16.9375
    endloop
  endfacet
  facet normal 1 0 0
    outer loop
      vertex -20.25 1.67409 15.8183
      vertex -20.25 7.7153 16.9375
      vertex -20.25 7.57905 16.9837
    endloop
  endfacet
  facet normal 1 0 0
    outer loop
      vertex -20.25 1.94454 16.0555
      vertex -20.25 7.57905 16.9837
      vertex -20.25 7.45 17.0474
    endloop
  endfacet
  facet normal 1 0 0
    outer loop
      vertex -20.25 2.18172 16.3259
      vertex -20.25 7.45 17.0474
      vertex -20.25 7.33036 17.1273
    endloop
  endfacet
  facet normal 1 0 0
    outer loop
      vertex -20.25 2.38157 16.625
      vertex -20.25 7.33036 17.1273
      vertex -20.25 7.22218 17.2222
    endloop
  endfacet
  facet normal 1 0 0
    outer loop
      vertex -20.25 2.38157 16.625
      vertex -20.25 7.22218 17.2222
      vertex -20.25 7.12731 17.3304
    endloop
  endfacet
  facet normal 1 0 0
    outer loop
      vertex -20.25 2.54067 16.9476
      vertex -20.25 7.12731 17.3304
      vertex -20.25 7.04737 17.45
    endloop
  endfacet
  facet normal 1 0 0
    outer loop
      vertex -20.25 1.05238 20.5407
      vertex -20.25 6.8883 34.6298
      vertex -20.25 4.65874 35.3867
    endloop
  endfacet
  facet normal 1 0 0
    outer loop
      vertex -20.25 6.90941 18.1436
      vertex -20.25 2.75 18
      vertex -20.25 6.9 18
    endloop
  endfacet
  facet normal 1 0 0
    outer loop
      vertex -20.25 6.9 18
      vertex -20.25 2.75 18
      vertex -20.25 6.90941 17.8564
    endloop
  endfacet
  facet normal 1 0 0
    outer loop
      vertex -20.25 2.72647 17.6411
      vertex -20.25 6.90941 17.8564
      vertex -20.25 2.75 18
    endloop
  endfacet
  facet normal 1 0 0
    outer loop
      vertex -20.25 6.90941 17.8564
      vertex -20.25 2.72647 17.6411
      vertex -20.25 6.93748 17.7153
    endloop
  endfacet
  facet normal 1 0 0
    outer loop
      vertex -20.25 2.6563 17.2882
      vertex -20.25 6.93748 17.7153
      vertex -20.25 2.72647 17.6411
    endloop
  endfacet
  facet normal 1 0 0
    outer loop
      vertex -20.25 6.93748 17.7153
      vertex -20.25 2.6563 17.2882
      vertex -20.25 6.98373 17.579
    endloop
  endfacet
  facet normal 1 0 0
    outer loop
      vertex -20.25 6.98373 17.579
      vertex -20.25 2.6563 17.2882
      vertex -20.25 7.04737 17.45
    endloop
  endfacet
  facet normal 1 0 0
    outer loop
      vertex -20.25 2.54067 16.9476
      vertex -20.25 7.04737 17.45
      vertex -20.25 2.6563 17.2882
    endloop
  endfacet
  facet normal 1 0 0
    outer loop
      vertex -20.25 7.12731 17.3304
      vertex -20.25 2.54067 16.9476
      vertex -20.25 2.38157 16.625
    endloop
  endfacet
  facet normal 1 0 0
    outer loop
      vertex -20.25 7.33036 17.1273
      vertex -20.25 2.38157 16.625
      vertex -20.25 2.18172 16.3259
    endloop
  endfacet
  facet normal 1 0 0
    outer loop
      vertex -20.25 7.45 17.0474
      vertex -20.25 2.18172 16.3259
      vertex -20.25 1.94454 16.0555
    endloop
  endfacet
  facet normal 1 0 0
    outer loop
      vertex -20.25 7.57905 16.9837
      vertex -20.25 1.94454 16.0555
      vertex -20.25 1.67409 15.8183
    endloop
  endfacet
  facet normal 1 0 0
    outer loop
      vertex -20.25 7.7153 16.9375
      vertex -20.25 1.67409 15.8183
      vertex -20.25 1.375 15.6184
    endloop
  endfacet
  facet normal 1 -0 0
    outer loop
      vertex -20.25 1.05238 15.4593
      vertex -20.25 15 7
      vertex -20.25 1.375 15.6184
    endloop
  endfacet
  facet normal 1 -0 0
    outer loop
      vertex -20.25 0.711752 15.3437
      vertex -20.25 15 7
      vertex -20.25 1.05238 15.4593
    endloop
  endfacet
  facet normal 1 0 0
    outer loop
      vertex -20.25 15 7
      vertex -20.25 0.711752 15.3437
      vertex -20.25 15 3
    endloop
  endfacet
  facet normal 1 -0 0
    outer loop
      vertex -20.25 0.358947 15.2735
      vertex -20.25 15 3
      vertex -20.25 0.711752 15.3437
    endloop
  endfacet
  facet normal 1 -0 0
    outer loop
      vertex -20.25 0 15.25
      vertex -20.25 15 3
      vertex -20.25 0.358947 15.2735
    endloop
  endfacet
  facet normal 1 0 0
    outer loop
      vertex -20.25 -15 3
      vertex -20.25 0 15.25
      vertex -20.25 -0.358947 15.2735
    endloop
  endfacet
  facet normal 1 0 0
    outer loop
      vertex -20.25 -15 3
      vertex -20.25 -0.358947 15.2735
      vertex -20.25 -0.711752 15.3437
    endloop
  endfacet
  facet normal 1 0 0
    outer loop
      vertex -20.25 -15 7
      vertex -20.25 -0.711752 15.3437
      vertex -20.25 -1.05238 15.4593
    endloop
  endfacet
  facet normal 1 0 0
    outer loop
      vertex -20.25 -15 7
      vertex -20.25 -1.05238 15.4593
      vertex -20.25 -1.375 15.6184
    endloop
  endfacet
  facet normal 1 0 0
    outer loop
      vertex -20.25 -7.7153 16.9375
      vertex -20.25 -1.375 15.6184
      vertex -20.25 -1.67409 15.8183
    endloop
  endfacet
  facet normal 1 0 0
    outer loop
      vertex -20.25 -6.90941 18.1436
      vertex -20.25 -2.72647 18.3589
      vertex -20.25 -2.6563 18.7118
    endloop
  endfacet
  facet normal 1 -0 0
    outer loop
      vertex -20.25 -6.90941 18.1436
      vertex -20.25 -2.75 18
      vertex -20.25 -2.72647 18.3589
    endloop
  endfacet
  facet normal 1 0 0
    outer loop
      vertex -20.25 -6.90941 17.8564
      vertex -20.25 -2.75 18
      vertex -20.25 -6.9 18
    endloop
  endfacet
  facet normal 1 0 0
    outer loop
      vertex -20.25 -2.75 18
      vertex -20.25 -6.90941 17.8564
      vertex -20.25 -2.72647 17.6411
    endloop
  endfacet
  facet normal 1 -0 0
    outer loop
      vertex -20.25 -6.93748 17.7153
      vertex -20.25 -2.72647 17.6411
      vertex -20.25 -6.90941 17.8564
    endloop
  endfacet
  facet normal 1 0 0
    outer loop
      vertex -20.25 -2.72647 17.6411
      vertex -20.25 -6.93748 17.7153
      vertex -20.25 -2.6563 17.2882
    endloop
  endfacet
  facet normal 1 -0 0
    outer loop
      vertex -20.25 -6.98373 17.579
      vertex -20.25 -2.6563 17.2882
      vertex -20.25 -6.93748 17.7153
    endloop
  endfacet
  facet normal 1 -0 0
    outer loop
      vertex -20.25 -7.04737 17.45
      vertex -20.25 -2.6563 17.2882
      vertex -20.25 -6.98373 17.579
    endloop
  endfacet
  facet normal 1 0 0
    outer loop
      vertex -20.25 -2.6563 17.2882
      vertex -20.25 -7.04737 17.45
      vertex -20.25 -2.54067 16.9476
    endloop
  endfacet
  facet normal 1 -0 0
    outer loop
      vertex -20.25 -7.12731 17.3304
      vertex -20.25 -2.54067 16.9476
      vertex -20.25 -7.04737 17.45
    endloop
  endfacet
  facet normal 1 0 0
    outer loop
      vertex -20.25 -2.54067 16.9476
      vertex -20.25 -7.12731 17.3304
      vertex -20.25 -2.38157 16.625
    endloop
  endfacet
  facet normal 1 -0 0
    outer loop
      vertex -20.25 -7.22218 17.2222
      vertex -20.25 -2.38157 16.625
      vertex -20.25 -7.12731 17.3304
    endloop
  endfacet
  facet normal 1 -0 0
    outer loop
      vertex -20.25 -7.33036 17.1273
      vertex -20.25 -2.38157 16.625
      vertex -20.25 -7.22218 17.2222
    endloop
  endfacet
  facet normal 1 0 0
    outer loop
      vertex -20.25 -2.38157 16.625
      vertex -20.25 -7.33036 17.1273
      vertex -20.25 -2.18172 16.3259
    endloop
  endfacet
  facet normal 1 -0 0
    outer loop
      vertex -20.25 -7.45 17.0474
      vertex -20.25 -2.18172 16.3259
      vertex -20.25 -7.33036 17.1273
    endloop
  endfacet
  facet normal 1 0 0
    outer loop
      vertex -20.25 -2.18172 16.3259
      vertex -20.25 -7.45 17.0474
      vertex -20.25 -1.94454 16.0555
    endloop
  endfacet
  facet normal 1 -0 0
    outer loop
      vertex -20.25 -7.57905 16.9837
      vertex -20.25 -1.94454 16.0555
      vertex -20.25 -7.45 17.0474
    endloop
  endfacet
  facet normal 1 0 0
    outer loop
      vertex -20.25 -1.94454 16.0555
      vertex -20.25 -7.57905 16.9837
      vertex -20.25 -1.67409 15.8183
    endloop
  endfacet
  facet normal 1 -0 0
    outer loop
      vertex -20.25 -7.7153 16.9375
      vertex -20.25 -1.67409 15.8183
      vertex -20.25 -7.57905 16.9837
    endloop
  endfacet
  facet normal 1 0 0
    outer loop
      vertex -20.25 -1.375 15.6184
      vertex -20.25 -7.7153 16.9375
      vertex -20.25 -7.85642 16.9094
    endloop
  endfacet
  facet normal 1 0 0
    outer loop
      vertex -20.25 -1.375 15.6184
      vertex -20.25 -7.85642 16.9094
      vertex -20.25 -15 7
    endloop
  endfacet
  facet normal 1 0 0
    outer loop
      vertex -20.25 -15 7
      vertex -20.25 -7.85642 16.9094
      vertex -20.25 -8 16.9
    endloop
  endfacet
  facet normal 1 0 0
    outer loop
      vertex -20.25 -15 7
      vertex -20.25 -8 16.9
      vertex -20.25 -8.14358 16.9094
    endloop
  endfacet
  facet normal 1 0 0
    outer loop
      vertex -20.25 -15 7
      vertex -20.25 -8.14358 16.9094
      vertex -20.25 -8.2847 16.9375
    endloop
  endfacet
  facet normal 1 0 0
    outer loop
      vertex -20.25 -11.7153 16.9375
      vertex -20.25 -8.2847 16.9375
      vertex -20.25 -8.42095 16.9837
    endloop
  endfacet
  facet normal 1 0 0
    outer loop
      vertex -20.25 -11.579 16.9837
      vertex -20.25 -8.42095 16.9837
      vertex -20.25 -8.55 17.0474
    endloop
  endfacet
  facet normal 1 -0 0
    outer loop
      vertex -20.25 -10.9 18
      vertex -20.25 -9.09059 17.8564
      vertex -20.25 -9.1 18
    endloop
  endfacet
  facet normal 1 0 0
    outer loop
      vertex -20.25 -10.9094 17.8564
      vertex -20.25 -9.09059 17.8564
      vertex -20.25 -10.9 18
    endloop
  endfacet
  facet normal 1 0 0
    outer loop
      vertex -20.25 -9.09059 17.8564
      vertex -20.25 -10.9094 17.8564
      vertex -20.25 -9.06252 17.7153
    endloop
  endfacet
  facet normal 1 0 0
    outer loop
      vertex -20.25 -10.9375 17.7153
      vertex -20.25 -9.06252 17.7153
      vertex -20.25 -10.9094 17.8564
    endloop
  endfacet
  facet normal 1 0 0
    outer loop
      vertex -20.25 -9.06252 17.7153
      vertex -20.25 -10.9375 17.7153
      vertex -20.25 -9.01627 17.579
    endloop
  endfacet
  facet normal 1 0 0
    outer loop
      vertex -20.25 -10.9837 17.579
      vertex -20.25 -9.01627 17.579
      vertex -20.25 -10.9375 17.7153
    endloop
  endfacet
  facet normal 1 0 0
    outer loop
      vertex -20.25 -9.01627 17.579
      vertex -20.25 -10.9837 17.579
      vertex -20.25 -8.95263 17.45
    endloop
  endfacet
  facet normal 1 0 0
    outer loop
      vertex -20.25 -11.0474 17.45
      vertex -20.25 -8.95263 17.45
      vertex -20.25 -10.9837 17.579
    endloop
  endfacet
  facet normal 1 0 0
    outer loop
      vertex -20.25 -8.95263 17.45
      vertex -20.25 -11.0474 17.45
      vertex -20.25 -8.87269 17.3304
    endloop
  endfacet
  facet normal 1 0 0
    outer loop
      vertex -20.25 -11.1273 17.3304
      vertex -20.25 -8.87269 17.3304
      vertex -20.25 -11.0474 17.45
    endloop
  endfacet
  facet normal 1 0 0
    outer loop
      vertex -20.25 -8.87269 17.3304
      vertex -20.25 -11.1273 17.3304
      vertex -20.25 -8.77782 17.2222
    endloop
  endfacet
  facet normal 1 0 0
    outer loop
      vertex -20.25 -11.2222 17.2222
      vertex -20.25 -8.77782 17.2222
      vertex -20.25 -11.1273 17.3304
    endloop
  endfacet
  facet normal 1 0 0
    outer loop
      vertex -20.25 -8.77782 17.2222
      vertex -20.25 -11.2222 17.2222
      vertex -20.25 -8.66964 17.1273
    endloop
  endfacet
  facet normal 1 0 0
    outer loop
      vertex -20.25 -11.3304 17.1273
      vertex -20.25 -8.66964 17.1273
      vertex -20.25 -11.2222 17.2222
    endloop
  endfacet
  facet normal 1 0 0
    outer loop
      vertex -20.25 -8.66964 17.1273
      vertex -20.25 -11.3304 17.1273
      vertex -20.25 -8.55 17.0474
    endloop
  endfacet
  facet normal 1 0 0
    outer loop
      vertex -20.25 -11.45 17.0474
      vertex -20.25 -8.55 17.0474
      vertex -20.25 -11.3304 17.1273
    endloop
  endfacet
  facet normal 1 0 0
    outer loop
      vertex -20.25 -11.579 16.9837
      vertex -20.25 -8.55 17.0474
      vertex -20.25 -11.45 17.0474
    endloop
  endfacet
  facet normal 1 0 0
    outer loop
      vertex -20.25 -8.42095 16.9837
      vertex -20.25 -11.579 16.9837
      vertex -20.25 -11.7153 16.9375
    endloop
  endfacet
  facet normal 1 0 0
    outer loop
      vertex -20.25 -8.2847 16.9375
      vertex -20.25 -11.7153 16.9375
      vertex -20.25 -15 7
    endloop
  endfacet
  facet normal 1 0 0
    outer loop
      vertex -20.25 -15 7
      vertex -20.25 -11.7153 16.9375
      vertex -20.25 -11.8564 16.9094
    endloop
  endfacet
  facet normal 1 0 0
    outer loop
      vertex -20.25 -15 7
      vertex -20.25 -11.8564 16.9094
      vertex -20.25 -12 16.9
    endloop
  endfacet
  facet normal 1 0 0
    outer loop
      vertex -20.25 -15 7
      vertex -20.25 -12 16.9
      vertex -20.25 -12.1436 16.9094
    endloop
  endfacet
  facet normal 1 0 0
    outer loop
      vertex -20.25 -15 7
      vertex -20.25 -12.1436 16.9094
      vertex -20.25 -12.2847 16.9375
    endloop
  endfacet
  facet normal 1 0 0
    outer loop
      vertex -20.25 -15 7
      vertex -20.25 -12.2847 16.9375
      vertex -20.25 -12.421 16.9837
    endloop
  endfacet
  facet normal 1 0 0
    outer loop
      vertex -20.25 -15 7
      vertex -20.25 -12.421 16.9837
      vertex -20.25 -12.55 17.0474
    endloop
  endfacet
  facet normal 1 0 0
    outer loop
      vertex -20.25 -13.0906 18.1436
      vertex -20.25 -15 27.8807
      vertex -20.25 -13.1 18
    endloop
  endfacet
  facet normal 1 0 0
    outer loop
      vertex -20.25 -15 7
      vertex -20.25 -13.1 18
      vertex -20.25 -15 27.8807
    endloop
  endfacet
  facet normal 1 0 0
    outer loop
      vertex -20.25 -13.1 18
      vertex -20.25 -15 7
      vertex -20.25 -13.0906 17.8564
    endloop
  endfacet
  facet normal 1 0 0
    outer loop
      vertex -20.25 -15 7
      vertex -20.25 -13.0625 17.7153
      vertex -20.25 -13.0906 17.8564
    endloop
  endfacet
  facet normal 1 0 0
    outer loop
      vertex -20.25 -15 7
      vertex -20.25 -13.0163 17.579
      vertex -20.25 -13.0625 17.7153
    endloop
  endfacet
  facet normal 1 0 0
    outer loop
      vertex -20.25 -15 7
      vertex -20.25 -12.9526 17.45
      vertex -20.25 -13.0163 17.579
    endloop
  endfacet
  facet normal 1 0 0
    outer loop
      vertex -20.25 -15 7
      vertex -20.25 -12.8727 17.3304
      vertex -20.25 -12.9526 17.45
    endloop
  endfacet
  facet normal 1 0 0
    outer loop
      vertex -20.25 -15 7
      vertex -20.25 -12.7778 17.2222
      vertex -20.25 -12.8727 17.3304
    endloop
  endfacet
  facet normal 1 0 0
    outer loop
      vertex -20.25 -15 7
      vertex -20.25 -12.6696 17.1273
      vertex -20.25 -12.7778 17.2222
    endloop
  endfacet
  facet normal 1 0 0
    outer loop
      vertex -20.25 -15 7
      vertex -20.25 -12.55 17.0474
      vertex -20.25 -12.6696 17.1273
    endloop
  endfacet
  facet normal 1 0 0
    outer loop
      vertex -20.25 -0.711752 15.3437
      vertex -20.25 -15 7
      vertex -20.25 -15 3
    endloop
  endfacet
  facet normal 1 0 0
    outer loop
      vertex -20.25 0 15.25
      vertex -20.25 -15 3
      vertex -20.25 15 3
    endloop
  endfacet
  facet normal 1 0 0
    outer loop
      vertex -20.25 -16.6298 24.8883
      vertex -20.25 -15 27.8807
      vertex -20.25 -15.5885 27
    endloop
  endfacet
  facet normal 1 0 0
    outer loop
      vertex -20.25 -15 27.8807
      vertex -20.25 -16.6298 24.8883
      vertex -20.25 -18 18
    endloop
  endfacet
  facet normal 1 0 0
    outer loop
      vertex -20.25 -18 18
      vertex -20.25 -16.6298 24.8883
      vertex -20.25 -17.3867 22.6587
    endloop
  endfacet
  facet normal 1 0 0
    outer loop
      vertex -20.25 -18 18
      vertex -20.25 -17.3867 22.6587
      vertex -20.25 -17.846 20.3495
    endloop
  endfacet
  facet normal 1 0 0
    outer loop
      vertex -20.25 -15 27.8807
      vertex -20.25 -18 18
      vertex -20.25 -15 7
    endloop
  endfacet
  facet normal 1 0 0
    outer loop
      vertex -20.25 -15 7
      vertex -20.25 -18 18
      vertex -20.25 -18 7
    endloop
  endfacet
  facet normal 1 0 0
    outer loop
      vertex -20.25 15 27.8807
      vertex -20.25 18 18
      vertex -20.25 17.846 20.3495
    endloop
  endfacet
  facet normal 1 0 0
    outer loop
      vertex -20.25 15 27.8807
      vertex -20.25 17.846 20.3495
      vertex -20.25 17.3867 22.6587
    endloop
  endfacet
  facet normal 1 0 0
    outer loop
      vertex -20.25 15 27.8807
      vertex -20.25 17.3867 22.6587
      vertex -20.25 16.6298 24.8883
    endloop
  endfacet
  facet normal 1 0 0
    outer loop
      vertex -20.25 15 27.8807
      vertex -20.25 16.6298 24.8883
      vertex -20.25 15.5885 27
    endloop
  endfacet
  facet normal 1 0 0
    outer loop
      vertex -20.25 18 18
      vertex -20.25 15 27.8807
      vertex -20.25 15 7
    endloop
  endfacet
  facet normal 1 0 0
    outer loop
      vertex -20.25 18 18
      vertex -20.25 15 7
      vertex -20.25 18 7
    endloop
  endfacet
  facet normal 0 -0.946923 0.32146
    outer loop
      vertex -23.25 -17.3867 22.6587
      vertex -20.25 -16.6298 24.8883
      vertex -23.25 -16.6298 24.8883
    endloop
  endfacet
  facet normal 0 -0.946923 0.32146
    outer loop
      vertex -20.25 -16.6298 24.8883
      vertex -23.25 -17.3867 22.6587
      vertex -20.25 -17.3867 22.6587
    endloop
  endfacet
  facet normal 0 0.83148 0.555555
    outer loop
      vertex -20.25 15 27.8807
      vertex -23.25 14.2804 28.9577
      vertex -20.25 14.2804 28.9577
    endloop
  endfacet
  facet normal -0 0.831454 0.555593
    outer loop
      vertex -23.25 15.5885 27
      vertex -20.25 15 27.8807
      vertex -20.25 15.5885 27
    endloop
  endfacet
  facet normal 8.88791e-06 0.831468 0.555572
    outer loop
      vertex -20.25 15 27.8807
      vertex -23.25 15.5885 27
      vertex -23.25 14.2804 28.9577
    endloop
  endfacet
  facet normal -0 0.321465 0.946922
    outer loop
      vertex -23.25 6.8883 34.6298
      vertex -20.25 4.65874 35.3867
      vertex -20.25 6.8883 34.6298
    endloop
  endfacet
  facet normal 0 0.321465 0.946922
    outer loop
      vertex -20.25 4.65874 35.3867
      vertex -23.25 6.8883 34.6298
      vertex -23.25 4.65874 35.3867
    endloop
  endfacet
  facet normal -0 0.442263 0.896885
    outer loop
      vertex -23.25 9 33.5885
      vertex -20.25 6.8883 34.6298
      vertex -20.25 9 33.5885
    endloop
  endfacet
  facet normal 0 0.442263 0.896885
    outer loop
      vertex -20.25 6.8883 34.6298
      vertex -23.25 9 33.5885
      vertex -23.25 6.8883 34.6298
    endloop
  endfacet
  facet normal -0 0.195073 0.980789
    outer loop
      vertex -23.25 4.65874 35.3867
      vertex -20.25 2.34947 35.846
      vertex -20.25 4.65874 35.3867
    endloop
  endfacet
  facet normal 0 0.195073 0.980789
    outer loop
      vertex -20.25 2.34947 35.846
      vertex -23.25 4.65874 35.3867
      vertex -23.25 2.34947 35.846
    endloop
  endfacet
  facet normal 0 -0.896885 0.442263
    outer loop
      vertex -23.25 -16.6298 24.8883
      vertex -20.25 -15.5885 27
      vertex -23.25 -15.5885 27
    endloop
  endfacet
  facet normal 0 -0.896885 0.442263
    outer loop
      vertex -20.25 -15.5885 27
      vertex -23.25 -16.6298 24.8883
      vertex -20.25 -16.6298 24.8883
    endloop
  endfacet
  facet normal -0 0.659364 0.751824
    outer loop
      vertex -23.25 12.7279 30.7279
      vertex -20.25 10.9577 32.2804
      vertex -20.25 12.7279 30.7279
    endloop
  endfacet
  facet normal 0 0.659364 0.751824
    outer loop
      vertex -20.25 10.9577 32.2804
      vertex -23.25 12.7279 30.7279
      vertex -23.25 10.9577 32.2804
    endloop
  endfacet
  facet normal 0 0.896885 0.442263
    outer loop
      vertex -20.25 16.6298 24.8883
      vertex -23.25 15.5885 27
      vertex -20.25 15.5885 27
    endloop
  endfacet
  facet normal 0 0.896885 0.442263
    outer loop
      vertex -23.25 15.5885 27
      vertex -20.25 16.6298 24.8883
      vertex -23.25 16.6298 24.8883
    endloop
  endfacet
  facet normal 0 0.946923 0.32146
    outer loop
      vertex -20.25 17.3867 22.6587
      vertex -23.25 16.6298 24.8883
      vertex -20.25 16.6298 24.8883
    endloop
  endfacet
  facet normal 0 0.946923 0.32146
    outer loop
      vertex -23.25 16.6298 24.8883
      vertex -20.25 17.3867 22.6587
      vertex -23.25 17.3867 22.6587
    endloop
  endfacet
  facet normal 0 -0.83148 0.555555
    outer loop
      vertex -23.25 -14.2804 28.9577
      vertex -20.25 -15 27.8807
      vertex -20.25 -14.2804 28.9577
    endloop
  endfacet
  facet normal 8.88791e-06 -0.831468 0.555572
    outer loop
      vertex -23.25 -15.5885 27
      vertex -20.25 -15 27.8807
      vertex -23.25 -14.2804 28.9577
    endloop
  endfacet
  facet normal 0 -0.831454 0.555593
    outer loop
      vertex -20.25 -15 27.8807
      vertex -23.25 -15.5885 27
      vertex -20.25 -15.5885 27
    endloop
  endfacet
  facet normal 0 -0.555572 0.831468
    outer loop
      vertex -23.25 -9 33.5885
      vertex -20.25 -10.9577 32.2804
      vertex -20.25 -9 33.5885
    endloop
  endfacet
  facet normal 0 -0.555572 0.831468
    outer loop
      vertex -20.25 -10.9577 32.2804
      vertex -23.25 -9 33.5885
      vertex -23.25 -10.9577 32.2804
    endloop
  endfacet
  facet normal 0 -0.195073 0.980789
    outer loop
      vertex -23.25 -2.34947 35.846
      vertex -20.25 -4.65874 35.3867
      vertex -20.25 -2.34947 35.846
    endloop
  endfacet
  facet normal 0 -0.195073 0.980789
    outer loop
      vertex -20.25 -4.65874 35.3867
      vertex -23.25 -2.34947 35.846
      vertex -23.25 -4.65874 35.3867
    endloop
  endfacet
  facet normal 0 -0.997859 0.0654055
    outer loop
      vertex -23.25 -18 18
      vertex -20.25 -17.846 20.3495
      vertex -23.25 -17.846 20.3495
    endloop
  endfacet
  facet normal 0 -0.997859 0.0654055
    outer loop
      vertex -20.25 -17.846 20.3495
      vertex -23.25 -18 18
      vertex -20.25 -18 18
    endloop
  endfacet
  facet normal 0 0.980788 0.195079
    outer loop
      vertex -20.25 17.846 20.3495
      vertex -23.25 17.3867 22.6587
      vertex -20.25 17.3867 22.6587
    endloop
  endfacet
  facet normal 0 0.980788 0.195079
    outer loop
      vertex -23.25 17.3867 22.6587
      vertex -20.25 17.846 20.3495
      vertex -23.25 17.846 20.3495
    endloop
  endfacet
  facet normal 0 -0.442263 0.896885
    outer loop
      vertex -23.25 -6.8883 34.6298
      vertex -20.25 -9 33.5885
      vertex -20.25 -6.8883 34.6298
    endloop
  endfacet
  facet normal 0 -0.442263 0.896885
    outer loop
      vertex -20.25 -9 33.5885
      vertex -23.25 -6.8883 34.6298
      vertex -23.25 -9 33.5885
    endloop
  endfacet
  facet normal 0 -0.980788 0.195079
    outer loop
      vertex -23.25 -17.846 20.3495
      vertex -20.25 -17.3867 22.6587
      vertex -23.25 -17.3867 22.6587
    endloop
  endfacet
  facet normal 0 -0.980788 0.195079
    outer loop
      vertex -20.25 -17.3867 22.6587
      vertex -23.25 -17.846 20.3495
      vertex -20.25 -17.846 20.3495
    endloop
  endfacet
  facet normal -0 0.555572 0.831468
    outer loop
      vertex -23.25 10.9577 32.2804
      vertex -20.25 9 33.5885
      vertex -20.25 10.9577 32.2804
    endloop
  endfacet
  facet normal 0 0.555572 0.831468
    outer loop
      vertex -20.25 9 33.5885
      vertex -23.25 10.9577 32.2804
      vertex -23.25 9 33.5885
    endloop
  endfacet
  facet normal 0 -0.0654063 0.997859
    outer loop
      vertex -23.25 0 36
      vertex -20.25 -2.34947 35.846
      vertex -20.25 0 36
    endloop
  endfacet
  facet normal 0 -0.0654063 0.997859
    outer loop
      vertex -20.25 -2.34947 35.846
      vertex -23.25 0 36
      vertex -23.25 -2.34947 35.846
    endloop
  endfacet
  facet normal 0 -0.659364 0.751824
    outer loop
      vertex -23.25 -10.9577 32.2804
      vertex -20.25 -12.7279 30.7279
      vertex -20.25 -10.9577 32.2804
    endloop
  endfacet
  facet normal 0 -0.659364 0.751824
    outer loop
      vertex -20.25 -12.7279 30.7279
      vertex -23.25 -10.9577 32.2804
      vertex -23.25 -12.7279 30.7279
    endloop
  endfacet
  facet normal 0 0.997859 0.0654055
    outer loop
      vertex -20.25 18 18
      vertex -23.25 17.846 20.3495
      vertex -20.25 17.846 20.3495
    endloop
  endfacet
  facet normal 0 0.997859 0.0654055
    outer loop
      vertex -23.25 17.846 20.3495
      vertex -20.25 18 18
      vertex -23.25 18 18
    endloop
  endfacet
  facet normal 0 -0.321465 0.946922
    outer loop
      vertex -23.25 -4.65874 35.3867
      vertex -20.25 -6.8883 34.6298
      vertex -20.25 -4.65874 35.3867
    endloop
  endfacet
  facet normal 0 -0.321465 0.946922
    outer loop
      vertex -20.25 -6.8883 34.6298
      vertex -23.25 -4.65874 35.3867
      vertex -23.25 -6.8883 34.6298
    endloop
  endfacet
  facet normal -0 0.0654063 0.997859
    outer loop
      vertex 20.25 2.34947 35.846
      vertex 23.25 0 36
      vertex 23.25 2.34947 35.846
    endloop
  endfacet
  facet normal 0 0.0654063 0.997859
    outer loop
      vertex 23.25 0 36
      vertex 20.25 2.34947 35.846
      vertex 20.25 0 36
    endloop
  endfacet
  facet normal 0 0.751824 0.659364
    outer loop
      vertex 23.25 14.2804 28.9577
      vertex 20.25 12.7279 30.7279
      vertex 23.25 12.7279 30.7279
    endloop
  endfacet
  facet normal 0 0.751824 0.659364
    outer loop
      vertex 20.25 12.7279 30.7279
      vertex 23.25 14.2804 28.9577
      vertex 20.25 14.2804 28.9577
    endloop
  endfacet
  facet normal 0 -0.946923 0.32146
    outer loop
      vertex 20.25 -17.3867 22.6587
      vertex 23.25 -16.6298 24.8883
      vertex 20.25 -16.6298 24.8883
    endloop
  endfacet
  facet normal 0 -0.946923 0.32146
    outer loop
      vertex 23.25 -16.6298 24.8883
      vertex 20.25 -17.3867 22.6587
      vertex 23.25 -17.3867 22.6587
    endloop
  endfacet
  facet normal 0 -0.83148 0.555555
    outer loop
      vertex 20.25 -15 27.8807
      vertex 23.25 -14.2804 28.9577
      vertex 20.25 -14.2804 28.9577
    endloop
  endfacet
  facet normal 0 -0.831454 0.555593
    outer loop
      vertex 23.25 -15.5885 27
      vertex 20.25 -15 27.8807
      vertex 20.25 -15.5885 27
    endloop
  endfacet
  facet normal -8.88791e-06 -0.831468 0.555572
    outer loop
      vertex 20.25 -15 27.8807
      vertex 23.25 -15.5885 27
      vertex 23.25 -14.2804 28.9577
    endloop
  endfacet
  facet normal 0 -0.0654063 0.997859
    outer loop
      vertex 20.25 0 36
      vertex 23.25 -2.34947 35.846
      vertex 23.25 0 36
    endloop
  endfacet
  facet normal 0 -0.0654063 0.997859
    outer loop
      vertex 23.25 -2.34947 35.846
      vertex 20.25 0 36
      vertex 20.25 -2.34947 35.846
    endloop
  endfacet
  facet normal 0 0.896885 0.442263
    outer loop
      vertex 23.25 16.6298 24.8883
      vertex 20.25 15.5885 27
      vertex 23.25 15.5885 27
    endloop
  endfacet
  facet normal 0 0.896885 0.442263
    outer loop
      vertex 20.25 15.5885 27
      vertex 23.25 16.6298 24.8883
      vertex 20.25 16.6298 24.8883
    endloop
  endfacet
  facet normal 0 0.83148 0.555555
    outer loop
      vertex 23.25 14.2804 28.9577
      vertex 20.25 15 27.8807
      vertex 20.25 14.2804 28.9577
    endloop
  endfacet
  facet normal -8.88791e-06 0.831468 0.555572
    outer loop
      vertex 23.25 15.5885 27
      vertex 20.25 15 27.8807
      vertex 23.25 14.2804 28.9577
    endloop
  endfacet
  facet normal 0 0.831454 0.555593
    outer loop
      vertex 20.25 15 27.8807
      vertex 23.25 15.5885 27
      vertex 20.25 15.5885 27
    endloop
  endfacet
  facet normal 0 -0.997859 0.0654055
    outer loop
      vertex 20.25 -18 18
      vertex 23.25 -17.846 20.3495
      vertex 20.25 -17.846 20.3495
    endloop
  endfacet
  facet normal 0 -0.997859 0.0654055
    outer loop
      vertex 23.25 -17.846 20.3495
      vertex 20.25 -18 18
      vertex 23.25 -18 18
    endloop
  endfacet
  facet normal 0 -0.195073 0.980789
    outer loop
      vertex 20.25 -2.34947 35.846
      vertex 23.25 -4.65874 35.3867
      vertex 23.25 -2.34947 35.846
    endloop
  endfacet
  facet normal 0 -0.195073 0.980789
    outer loop
      vertex 23.25 -4.65874 35.3867
      vertex 20.25 -2.34947 35.846
      vertex 20.25 -4.65874 35.3867
    endloop
  endfacet
  facet normal -0 0.659364 0.751824
    outer loop
      vertex 20.25 12.7279 30.7279
      vertex 23.25 10.9577 32.2804
      vertex 23.25 12.7279 30.7279
    endloop
  endfacet
  facet normal 0 0.659364 0.751824
    outer loop
      vertex 23.25 10.9577 32.2804
      vertex 20.25 12.7279 30.7279
      vertex 20.25 10.9577 32.2804
    endloop
  endfacet
  facet normal -0 0.442263 0.896885
    outer loop
      vertex 20.25 9 33.5885
      vertex 23.25 6.8883 34.6298
      vertex 23.25 9 33.5885
    endloop
  endfacet
  facet normal 0 0.442263 0.896885
    outer loop
      vertex 23.25 6.8883 34.6298
      vertex 20.25 9 33.5885
      vertex 20.25 6.8883 34.6298
    endloop
  endfacet
  facet normal 0 0.980788 0.195079
    outer loop
      vertex 23.25 17.846 20.3495
      vertex 20.25 17.3867 22.6587
      vertex 23.25 17.3867 22.6587
    endloop
  endfacet
  facet normal 0 0.980788 0.195079
    outer loop
      vertex 20.25 17.3867 22.6587
      vertex 23.25 17.846 20.3495
      vertex 20.25 17.846 20.3495
    endloop
  endfacet
  facet normal -0 0.195073 0.980789
    outer loop
      vertex 20.25 4.65874 35.3867
      vertex 23.25 2.34947 35.846
      vertex 23.25 4.65874 35.3867
    endloop
  endfacet
  facet normal 0 0.195073 0.980789
    outer loop
      vertex 23.25 2.34947 35.846
      vertex 20.25 4.65874 35.3867
      vertex 20.25 2.34947 35.846
    endloop
  endfacet
  facet normal -0 0.555572 0.831468
    outer loop
      vertex 20.25 10.9577 32.2804
      vertex 23.25 9 33.5885
      vertex 23.25 10.9577 32.2804
    endloop
  endfacet
  facet normal 0 0.555572 0.831468
    outer loop
      vertex 23.25 9 33.5885
      vertex 20.25 10.9577 32.2804
      vertex 20.25 9 33.5885
    endloop
  endfacet
  facet normal 0 0.946923 0.32146
    outer loop
      vertex 23.25 17.3867 22.6587
      vertex 20.25 16.6298 24.8883
      vertex 23.25 16.6298 24.8883
    endloop
  endfacet
  facet normal 0 0.946923 0.32146
    outer loop
      vertex 20.25 16.6298 24.8883
      vertex 23.25 17.3867 22.6587
      vertex 20.25 17.3867 22.6587
    endloop
  endfacet
  facet normal 0 -0.896885 0.442263
    outer loop
      vertex 20.25 -16.6298 24.8883
      vertex 23.25 -15.5885 27
      vertex 20.25 -15.5885 27
    endloop
  endfacet
  facet normal 0 -0.896885 0.442263
    outer loop
      vertex 23.25 -15.5885 27
      vertex 20.25 -16.6298 24.8883
      vertex 23.25 -16.6298 24.8883
    endloop
  endfacet
  facet normal 0 -0.751824 0.659364
    outer loop
      vertex 20.25 -14.2804 28.9577
      vertex 23.25 -12.7279 30.7279
      vertex 20.25 -12.7279 30.7279
    endloop
  endfacet
  facet normal 0 -0.751824 0.659364
    outer loop
      vertex 23.25 -12.7279 30.7279
      vertex 20.25 -14.2804 28.9577
      vertex 23.25 -14.2804 28.9577
    endloop
  endfacet
  facet normal 0 0.997859 0.0654055
    outer loop
      vertex 23.25 18 18
      vertex 20.25 17.846 20.3495
      vertex 23.25 17.846 20.3495
    endloop
  endfacet
  facet normal 0 0.997859 0.0654055
    outer loop
      vertex 20.25 17.846 20.3495
      vertex 23.25 18 18
      vertex 20.25 18 18
    endloop
  endfacet
  facet normal -0 0.321465 0.946922
    outer loop
      vertex 20.25 6.8883 34.6298
      vertex 23.25 4.65874 35.3867
      vertex 23.25 6.8883 34.6298
    endloop
  endfacet
  facet normal 0 0.321465 0.946922
    outer loop
      vertex 23.25 4.65874 35.3867
      vertex 20.25 6.8883 34.6298
      vertex 20.25 4.65874 35.3867
    endloop
  endfacet
  facet normal 0 -0.555572 0.831468
    outer loop
      vertex 20.25 -9 33.5885
      vertex 23.25 -10.9577 32.2804
      vertex 23.25 -9 33.5885
    endloop
  endfacet
  facet normal 0 -0.555572 0.831468
    outer loop
      vertex 23.25 -10.9577 32.2804
      vertex 20.25 -9 33.5885
      vertex 20.25 -10.9577 32.2804
    endloop
  endfacet
  facet normal 0 -0.659364 0.751824
    outer loop
      vertex 20.25 -10.9577 32.2804
      vertex 23.25 -12.7279 30.7279
      vertex 23.25 -10.9577 32.2804
    endloop
  endfacet
  facet normal 0 -0.659364 0.751824
    outer loop
      vertex 23.25 -12.7279 30.7279
      vertex 20.25 -10.9577 32.2804
      vertex 20.25 -12.7279 30.7279
    endloop
  endfacet
  facet normal 0 -0.980788 0.195079
    outer loop
      vertex 20.25 -17.846 20.3495
      vertex 23.25 -17.3867 22.6587
      vertex 20.25 -17.3867 22.6587
    endloop
  endfacet
  facet normal 0 -0.980788 0.195079
    outer loop
      vertex 23.25 -17.3867 22.6587
      vertex 20.25 -17.846 20.3495
      vertex 23.25 -17.846 20.3495
    endloop
  endfacet
  facet normal -1 0 0
    outer loop
      vertex 20.25 -18 18
      vertex 20.25 -15 27.8807
      vertex 20.25 -15 7
    endloop
  endfacet
  facet normal -1 0 -0
    outer loop
      vertex 20.25 -16.6298 24.8883
      vertex 20.25 -15 27.8807
      vertex 20.25 -18 18
    endloop
  endfacet
  facet normal -1 0 0
    outer loop
      vertex 20.25 -15 27.8807
      vertex 20.25 -16.6298 24.8883
      vertex 20.25 -15.5885 27
    endloop
  endfacet
  facet normal -1 0 0
    outer loop
      vertex 20.25 -16.6298 24.8883
      vertex 20.25 -18 18
      vertex 20.25 -17.3867 22.6587
    endloop
  endfacet
  facet normal -1 0 0
    outer loop
      vertex 20.25 -18 18
      vertex 20.25 -15 7
      vertex 20.25 -18 7
    endloop
  endfacet
  facet normal -1 0 0
    outer loop
      vertex 20.25 -17.3867 22.6587
      vertex 20.25 -18 18
      vertex 20.25 -17.846 20.3495
    endloop
  endfacet
  facet normal -1 0 0
    outer loop
      vertex 20.25 0.336464 16.7443
      vertex 20.25 15 7
      vertex 20.25 15 3
    endloop
  endfacet
  facet normal -1 0 -0
    outer loop
      vertex 20.25 1.3 18
      vertex 20.25 15 7
      vertex 20.25 1.28888 17.8303
    endloop
  endfacet
  facet normal -1 0 0
    outer loop
      vertex 20.25 15 7
      vertex 20.25 1.3 18
      vertex 20.25 15 27.8807
    endloop
  endfacet
  facet normal -1 0 0
    outer loop
      vertex 20.25 1.2557 18.3365
      vertex 20.25 15 27.8807
      vertex 20.25 1.28888 18.1697
    endloop
  endfacet
  facet normal -1 0 0
    outer loop
      vertex 20.25 1.20104 18.4975
      vertex 20.25 15 27.8807
      vertex 20.25 1.2557 18.3365
    endloop
  endfacet
  facet normal -1 0 0
    outer loop
      vertex 20.25 1.03136 18.7914
      vertex 20.25 15 27.8807
      vertex 20.25 1.12583 18.65
    endloop
  endfacet
  facet normal -1 -0 0
    outer loop
      vertex 20.25 15 27.8807
      vertex 20.25 1.03136 18.7914
      vertex 20.25 14.2804 28.9577
    endloop
  endfacet
  facet normal -1 0 0
    outer loop
      vertex 20.25 0.919238 18.9192
      vertex 20.25 12.7279 30.7279
      vertex 20.25 1.03136 18.7914
    endloop
  endfacet
  facet normal -1 0 0
    outer loop
      vertex 20.25 1.12583 18.65
      vertex 20.25 15 27.8807
      vertex 20.25 1.20104 18.4975
    endloop
  endfacet
  facet normal -1 0 0
    outer loop
      vertex 20.25 1.28888 18.1697
      vertex 20.25 15 27.8807
      vertex 20.25 1.3 18
    endloop
  endfacet
  facet normal -1 0 0
    outer loop
      vertex 20.25 15 7
      vertex 20.25 1.2557 17.6635
      vertex 20.25 1.28888 17.8303
    endloop
  endfacet
  facet normal -1 0 0
    outer loop
      vertex 20.25 15 7
      vertex 20.25 1.20104 17.5025
      vertex 20.25 1.2557 17.6635
    endloop
  endfacet
  facet normal -1 0 0
    outer loop
      vertex 20.25 15 7
      vertex 20.25 1.12583 17.35
      vertex 20.25 1.20104 17.5025
    endloop
  endfacet
  facet normal -1 0 0
    outer loop
      vertex 20.25 15 7
      vertex 20.25 1.03136 17.2086
      vertex 20.25 1.12583 17.35
    endloop
  endfacet
  facet normal -1 0 0
    outer loop
      vertex 20.25 15 7
      vertex 20.25 0.919238 17.0808
      vertex 20.25 1.03136 17.2086
    endloop
  endfacet
  facet normal -1 0 0
    outer loop
      vertex 20.25 15 7
      vertex 20.25 0.791389 16.9686
      vertex 20.25 0.919238 17.0808
    endloop
  endfacet
  facet normal -1 0 0
    outer loop
      vertex 20.25 15 7
      vertex 20.25 0.65 16.8742
      vertex 20.25 0.791389 16.9686
    endloop
  endfacet
  facet normal -1 0 0
    outer loop
      vertex 20.25 15 7
      vertex 20.25 0.497488 16.799
      vertex 20.25 0.65 16.8742
    endloop
  endfacet
  facet normal -1 0 0
    outer loop
      vertex 20.25 15 7
      vertex 20.25 0.336464 16.7443
      vertex 20.25 0.497488 16.799
    endloop
  endfacet
  facet normal -1 0 0
    outer loop
      vertex 20.25 15 3
      vertex 20.25 0.169683 16.7111
      vertex 20.25 0.336464 16.7443
    endloop
  endfacet
  facet normal -1 0 0
    outer loop
      vertex 20.25 15 3
      vertex 20.25 0 16.7
      vertex 20.25 0.169683 16.7111
    endloop
  endfacet
  facet normal -1 0 0
    outer loop
      vertex 20.25 -15 3
      vertex 20.25 0 16.7
      vertex 20.25 15 3
    endloop
  endfacet
  facet normal -1 -0 0
    outer loop
      vertex 20.25 0 16.7
      vertex 20.25 -15 3
      vertex 20.25 -0.169683 16.7111
    endloop
  endfacet
  facet normal -1 -0 0
    outer loop
      vertex 20.25 -0.169683 16.7111
      vertex 20.25 -15 3
      vertex 20.25 -0.336464 16.7443
    endloop
  endfacet
  facet normal -1 0 0
    outer loop
      vertex 20.25 -15 7
      vertex 20.25 -0.336464 16.7443
      vertex 20.25 -15 3
    endloop
  endfacet
  facet normal -1 -0 0
    outer loop
      vertex 20.25 -0.336464 16.7443
      vertex 20.25 -15 7
      vertex 20.25 -0.497488 16.799
    endloop
  endfacet
  facet normal -1 -0 0
    outer loop
      vertex 20.25 -0.497488 16.799
      vertex 20.25 -15 7
      vertex 20.25 -0.65 16.8742
    endloop
  endfacet
  facet normal -1 0 0
    outer loop
      vertex 20.25 -0.336464 19.2557
      vertex 20.25 -4.65874 35.3867
      vertex 20.25 -2.34947 35.846
    endloop
  endfacet
  facet normal -1 0 0
    outer loop
      vertex 20.25 -15 7
      vertex 20.25 -1.3 18
      vertex 20.25 -1.28888 17.8303
    endloop
  endfacet
  facet normal -1 0 0
    outer loop
      vertex 20.25 -1.28888 18.1697
      vertex 20.25 -6.8883 34.6298
      vertex 20.25 -4.65874 35.3867
    endloop
  endfacet
  facet normal -1 0 0
    outer loop
      vertex 20.25 -15 7
      vertex 20.25 -1.28888 17.8303
      vertex 20.25 -1.2557 17.6635
    endloop
  endfacet
  facet normal -1 0 0
    outer loop
      vertex 20.25 -1.28888 18.1697
      vertex 20.25 -9 33.5885
      vertex 20.25 -6.8883 34.6298
    endloop
  endfacet
  facet normal -1 0 0
    outer loop
      vertex 20.25 -15 7
      vertex 20.25 -1.2557 17.6635
      vertex 20.25 -1.20104 17.5025
    endloop
  endfacet
  facet normal -1 0 0
    outer loop
      vertex 20.25 -1.28888 18.1697
      vertex 20.25 -10.9577 32.2804
      vertex 20.25 -9 33.5885
    endloop
  endfacet
  facet normal -1 0 0
    outer loop
      vertex 20.25 -15 7
      vertex 20.25 -1.20104 17.5025
      vertex 20.25 -1.12583 17.35
    endloop
  endfacet
  facet normal -1 0 0
    outer loop
      vertex 20.25 -1.28888 18.1697
      vertex 20.25 -12.7279 30.7279
      vertex 20.25 -10.9577 32.2804
    endloop
  endfacet
  facet normal -1 0 0
    outer loop
      vertex 20.25 -15 7
      vertex 20.25 -1.12583 17.35
      vertex 20.25 -1.03136 17.2086
    endloop
  endfacet
  facet normal -1 0 0
    outer loop
      vertex 20.25 -1.28888 18.1697
      vertex 20.25 -14.2804 28.9577
      vertex 20.25 -12.7279 30.7279
    endloop
  endfacet
  facet normal -1 0 0
    outer loop
      vertex 20.25 -15 7
      vertex 20.25 -1.03136 17.2086
      vertex 20.25 -0.919238 17.0808
    endloop
  endfacet
  facet normal -1 -0 0
    outer loop
      vertex 20.25 -0.65 16.8742
      vertex 20.25 -15 7
      vertex 20.25 -0.791389 16.9686
    endloop
  endfacet
  facet normal -1 -0 0
    outer loop
      vertex 20.25 -0.791389 16.9686
      vertex 20.25 -15 7
      vertex 20.25 -0.919238 17.0808
    endloop
  endfacet
  facet normal -1 -0 0
    outer loop
      vertex 20.25 -1.3 18
      vertex 20.25 -15 7
      vertex 20.25 -15 27.8807
    endloop
  endfacet
  facet normal -1 0 0
    outer loop
      vertex 20.25 -1.28888 18.1697
      vertex 20.25 -15 27.8807
      vertex 20.25 -14.2804 28.9577
    endloop
  endfacet
  facet normal -1 -0 0
    outer loop
      vertex 20.25 14.2804 28.9577
      vertex 20.25 1.03136 18.7914
      vertex 20.25 12.7279 30.7279
    endloop
  endfacet
  facet normal -1 -0 0
    outer loop
      vertex 20.25 12.7279 30.7279
      vertex 20.25 0.919238 18.9192
      vertex 20.25 10.9577 32.2804
    endloop
  endfacet
  facet normal -1 0 0
    outer loop
      vertex 20.25 0.791389 19.0314
      vertex 20.25 10.9577 32.2804
      vertex 20.25 0.919238 18.9192
    endloop
  endfacet
  facet normal -1 -0 0
    outer loop
      vertex 20.25 10.9577 32.2804
      vertex 20.25 0.791389 19.0314
      vertex 20.25 9 33.5885
    endloop
  endfacet
  facet normal -1 0 0
    outer loop
      vertex 20.25 0.65 19.1258
      vertex 20.25 9 33.5885
      vertex 20.25 0.791389 19.0314
    endloop
  endfacet
  facet normal -1 -0 0
    outer loop
      vertex 20.25 9 33.5885
      vertex 20.25 0.65 19.1258
      vertex 20.25 6.8883 34.6298
    endloop
  endfacet
  facet normal -1 0 0
    outer loop
      vertex 20.25 0.497488 19.201
      vertex 20.25 6.8883 34.6298
      vertex 20.25 0.65 19.1258
    endloop
  endfacet
  facet normal -1 -0 0
    outer loop
      vertex 20.25 6.8883 34.6298
      vertex 20.25 0.497488 19.201
      vertex 20.25 4.65874 35.3867
    endloop
  endfacet
  facet normal -1 0 0
    outer loop
      vertex 20.25 0.336464 19.2557
      vertex 20.25 4.65874 35.3867
      vertex 20.25 0.497488 19.201
    endloop
  endfacet
  facet normal -1 -0 0
    outer loop
      vertex 20.25 4.65874 35.3867
      vertex 20.25 0.336464 19.2557
      vertex 20.25 2.34947 35.846
    endloop
  endfacet
  facet normal -1 0 0
    outer loop
      vertex 20.25 0.169683 19.2889
      vertex 20.25 2.34947 35.846
      vertex 20.25 0.336464 19.2557
    endloop
  endfacet
  facet normal -1 0 0
    outer loop
      vertex 20.25 0 19.3
      vertex 20.25 2.34947 35.846
      vertex 20.25 0.169683 19.2889
    endloop
  endfacet
  facet normal -1 0 0
    outer loop
      vertex 20.25 0 19.3
      vertex 20.25 0 36
      vertex 20.25 2.34947 35.846
    endloop
  endfacet
  facet normal -1 0 0
    outer loop
      vertex 20.25 -0.169683 19.2889
      vertex 20.25 0 36
      vertex 20.25 0 19.3
    endloop
  endfacet
  facet normal -1 0 0
    outer loop
      vertex 20.25 -2.34947 35.846
      vertex 20.25 -0.169683 19.2889
      vertex 20.25 -0.336464 19.2557
    endloop
  endfacet
  facet normal -1 0 0
    outer loop
      vertex 20.25 -4.65874 35.3867
      vertex 20.25 -0.336464 19.2557
      vertex 20.25 -0.497488 19.201
    endloop
  endfacet
  facet normal -1 0 0
    outer loop
      vertex 20.25 -4.65874 35.3867
      vertex 20.25 -0.497488 19.201
      vertex 20.25 -0.65 19.1258
    endloop
  endfacet
  facet normal -1 0 0
    outer loop
      vertex 20.25 -4.65874 35.3867
      vertex 20.25 -0.65 19.1258
      vertex 20.25 -0.791389 19.0314
    endloop
  endfacet
  facet normal -1 0 0
    outer loop
      vertex 20.25 -4.65874 35.3867
      vertex 20.25 -0.791389 19.0314
      vertex 20.25 -0.919238 18.9192
    endloop
  endfacet
  facet normal -1 0 0
    outer loop
      vertex 20.25 -4.65874 35.3867
      vertex 20.25 -0.919238 18.9192
      vertex 20.25 -1.03136 18.7914
    endloop
  endfacet
  facet normal -1 0 0
    outer loop
      vertex 20.25 -4.65874 35.3867
      vertex 20.25 -1.03136 18.7914
      vertex 20.25 -1.12583 18.65
    endloop
  endfacet
  facet normal -1 0 0
    outer loop
      vertex 20.25 -4.65874 35.3867
      vertex 20.25 -1.12583 18.65
      vertex 20.25 -1.20104 18.4975
    endloop
  endfacet
  facet normal -1 0 0
    outer loop
      vertex 20.25 -4.65874 35.3867
      vertex 20.25 -1.20104 18.4975
      vertex 20.25 -1.2557 18.3365
    endloop
  endfacet
  facet normal -1 0 0
    outer loop
      vertex 20.25 -4.65874 35.3867
      vertex 20.25 -1.2557 18.3365
      vertex 20.25 -1.28888 18.1697
    endloop
  endfacet
  facet normal -1 0 0
    outer loop
      vertex 20.25 -0.169683 19.2889
      vertex 20.25 -2.34947 35.846
      vertex 20.25 0 36
    endloop
  endfacet
  facet normal -1 0 0
    outer loop
      vertex 20.25 -15 27.8807
      vertex 20.25 -1.28888 18.1697
      vertex 20.25 -1.3 18
    endloop
  endfacet
  facet normal -1 0 0
    outer loop
      vertex 20.25 15 7
      vertex 20.25 18 18
      vertex 20.25 18 7
    endloop
  endfacet
  facet normal -1 0 0
    outer loop
      vertex 20.25 15 27.8807
      vertex 20.25 18 18
      vertex 20.25 15 7
    endloop
  endfacet
  facet normal -1 0 0
    outer loop
      vertex 20.25 18 18
      vertex 20.25 15 27.8807
      vertex 20.25 17.846 20.3495
    endloop
  endfacet
  facet normal -1 0 0
    outer loop
      vertex 20.25 17.846 20.3495
      vertex 20.25 15 27.8807
      vertex 20.25 17.3867 22.6587
    endloop
  endfacet
  facet normal -1 0 0
    outer loop
      vertex 20.25 17.3867 22.6587
      vertex 20.25 15 27.8807
      vertex 20.25 16.6298 24.8883
    endloop
  endfacet
  facet normal -1 0 0
    outer loop
      vertex 20.25 16.6298 24.8883
      vertex 20.25 15 27.8807
      vertex 20.25 15.5885 27
    endloop
  endfacet
  facet normal 0 -0.442263 0.896885
    outer loop
      vertex 20.25 -6.8883 34.6298
      vertex 23.25 -9 33.5885
      vertex 23.25 -6.8883 34.6298
    endloop
  endfacet
  facet normal 0 -0.442263 0.896885
    outer loop
      vertex 23.25 -9 33.5885
      vertex 20.25 -6.8883 34.6298
      vertex 20.25 -9 33.5885
    endloop
  endfacet
  facet normal 0 -0.321465 0.946922
    outer loop
      vertex 20.25 -4.65874 35.3867
      vertex 23.25 -6.8883 34.6298
      vertex 23.25 -4.65874 35.3867
    endloop
  endfacet
  facet normal 0 -0.321465 0.946922
    outer loop
      vertex 23.25 -6.8883 34.6298
      vertex 20.25 -4.65874 35.3867
      vertex 20.25 -6.8883 34.6298
    endloop
  endfacet
  facet normal -0 0 1
    outer loop
      vertex -12 11 3
      vertex -8 -11 3
      vertex -8 11 3
    endloop
  endfacet
  facet normal 0 0 1
    outer loop
      vertex -8 -11 3
      vertex -12 11 3
      vertex -12 -11 3
    endloop
  endfacet
  facet normal -0 0 1
    outer loop
      vertex 8 11 3
      vertex 12 -11 3
      vertex 12 11 3
    endloop
  endfacet
  facet normal 0 0 1
    outer loop
      vertex 12 -11 3
      vertex 8 11 3
      vertex 8 -11 3
    endloop
  endfacet
  facet normal 0 0 1
    outer loop
      vertex 12 11 3
      vertex 20.25 15 3
      vertex 12 13 3
    endloop
  endfacet
  facet normal 0 0 1
    outer loop
      vertex 20.25 15 3
      vertex 8 13 3
      vertex 12 13 3
    endloop
  endfacet
  facet normal 0 0 1
    outer loop
      vertex -8 11 3
      vertex 8 11 3
      vertex 8 13 3
    endloop
  endfacet
  facet normal 0 0 1
    outer loop
      vertex 8 11 3
      vertex -8 11 3
      vertex 8 -11 3
    endloop
  endfacet
  facet normal 0 0 1
    outer loop
      vertex -8 11 3
      vertex 8 13 3
      vertex -8 13 3
    endloop
  endfacet
  facet normal 0 0 1
    outer loop
      vertex 20.25 15 3
      vertex -8 13 3
      vertex 8 13 3
    endloop
  endfacet
  facet normal -0 0 1
    outer loop
      vertex -20.25 15 3
      vertex -8 13 3
      vertex 20.25 15 3
    endloop
  endfacet
  facet normal 0 0 1
    outer loop
      vertex -20.25 15 3
      vertex -12 11 3
      vertex -12 13 3
    endloop
  endfacet
  facet normal 0 0 1
    outer loop
      vertex -12 11 3
      vertex -20.25 15 3
      vertex -12 -11 3
    endloop
  endfacet
  facet normal 0 0 1
    outer loop
      vertex -20.25 -15 3
      vertex -12 -11 3
      vertex -20.25 15 3
    endloop
  endfacet
  facet normal 0 0 1
    outer loop
      vertex -8 13 3
      vertex -20.25 15 3
      vertex -12 13 3
    endloop
  endfacet
  facet normal 0 0 1
    outer loop
      vertex 20.25 15 3
      vertex 12 11 3
      vertex 20.25 -15 3
    endloop
  endfacet
  facet normal -0 0 1
    outer loop
      vertex 12 -11 3
      vertex 20.25 -15 3
      vertex 12 11 3
    endloop
  endfacet
  facet normal -0 0 1
    outer loop
      vertex 12 -13 3
      vertex 20.25 -15 3
      vertex 12 -11 3
    endloop
  endfacet
  facet normal -0 0 1
    outer loop
      vertex 8 -13 3
      vertex 20.25 -15 3
      vertex 12 -13 3
    endloop
  endfacet
  facet normal 0 0 1
    outer loop
      vertex -8 -11 3
      vertex 8 -11 3
      vertex -8 11 3
    endloop
  endfacet
  facet normal 0 0 1
    outer loop
      vertex 8 -11 3
      vertex -8 -11 3
      vertex 8 -13 3
    endloop
  endfacet
  facet normal 0 0 1
    outer loop
      vertex -8 -13 3
      vertex 8 -13 3
      vertex -8 -11 3
    endloop
  endfacet
  facet normal 0 0 1
    outer loop
      vertex 8 -13 3
      vertex -8 -13 3
      vertex 20.25 -15 3
    endloop
  endfacet
  facet normal 0 0 1
    outer loop
      vertex -20.25 -15 3
      vertex -8 -13 3
      vertex -12 -13 3
    endloop
  endfacet
  facet normal 0 0 1
    outer loop
      vertex -8 -13 3
      vertex -20.25 -15 3
      vertex 20.25 -15 3
    endloop
  endfacet
  facet normal 0 0 1
    outer loop
      vertex -12 -11 3
      vertex -20.25 -15 3
      vertex -12 -13 3
    endloop
  endfacet
  facet normal 0 -0.19503 -0.980797
    outer loop
      vertex 23.25 -1.16469 13.6533
      vertex 24.24 -0.587367 13.5385
      vertex 24.24 -1.16469 13.6533
    endloop
  endfacet
  facet normal -0 -0.19503 -0.980797
    outer loop
      vertex 24.24 -0.587367 13.5385
      vertex 23.25 -1.16469 13.6533
      vertex 23.25 -0.587367 13.5385
    endloop
  endfacet
  facet normal 0 0.0654064 -0.997859
    outer loop
      vertex 23.25 0 13.5
      vertex 24.24 0.587367 13.5385
      vertex 24.24 0 13.5
    endloop
  endfacet
  facet normal 0 0.0654064 -0.997859
    outer loop
      vertex 24.24 0.587367 13.5385
      vertex 23.25 0 13.5
      vertex 23.25 0.587367 13.5385
    endloop
  endfacet
  facet normal 0 0.555539 -0.831491
    outer loop
      vertex 23.25 2.25 14.1029
      vertex 24.24 2.73943 14.4299
      vertex 24.24 2.25 14.1029
    endloop
  endfacet
  facet normal 0 0.555539 -0.831491
    outer loop
      vertex 24.24 2.73943 14.4299
      vertex 23.25 2.25 14.1029
      vertex 23.25 2.73943 14.4299
    endloop
  endfacet
  facet normal 0 0.946931 -0.321437
    outer loop
      vertex 24.24 4.15746 16.2779
      vertex 23.25 4.34667 16.8353
      vertex 24.24 4.34667 16.8353
    endloop
  endfacet
  facet normal 0 0.946931 -0.321437
    outer loop
      vertex 23.25 4.34667 16.8353
      vertex 24.24 4.15746 16.2779
      vertex 23.25 4.15746 16.2779
    endloop
  endfacet
  facet normal 0 0.89686 -0.442314
    outer loop
      vertex 24.24 3.89711 15.75
      vertex 23.25 4.15746 16.2779
      vertex 24.24 4.15746 16.2779
    endloop
  endfacet
  facet normal 0 0.89686 -0.442314
    outer loop
      vertex 23.25 4.15746 16.2779
      vertex 24.24 3.89711 15.75
      vertex 23.25 3.89711 15.75
    endloop
  endfacet
  facet normal 0 -0.442362 -0.896837
    outer loop
      vertex 23.25 -2.25 14.1029
      vertex 24.24 -1.72207 13.8425
      vertex 24.24 -2.25 14.1029
    endloop
  endfacet
  facet normal -0 -0.442362 -0.896837
    outer loop
      vertex 24.24 -1.72207 13.8425
      vertex 23.25 -2.25 14.1029
      vertex 23.25 -1.72207 13.8425
    endloop
  endfacet
  facet normal 0 -0.0654064 -0.997859
    outer loop
      vertex 23.25 -0.587367 13.5385
      vertex 24.24 0 13.5
      vertex 24.24 -0.587367 13.5385
    endloop
  endfacet
  facet normal -0 -0.0654064 -0.997859
    outer loop
      vertex 24.24 0 13.5
      vertex 23.25 -0.587367 13.5385
      vertex 23.25 0 13.5
    endloop
  endfacet
  facet normal -0 0.442362 0.896837
    outer loop
      vertex 23.25 2.25 21.8971
      vertex 24.24 1.72207 22.1575
      vertex 24.24 2.25 21.8971
    endloop
  endfacet
  facet normal 0 0.442362 0.896837
    outer loop
      vertex 24.24 1.72207 22.1575
      vertex 23.25 2.25 21.8971
      vertex 23.25 1.72207 22.1575
    endloop
  endfacet
  facet normal 0 0.831459 -0.555586
    outer loop
      vertex 24.24 3.57009 15.2606
      vertex 23.25 3.89711 15.75
      vertex 24.24 3.89711 15.75
    endloop
  endfacet
  facet normal 0 0.831459 -0.555586
    outer loop
      vertex 23.25 3.89711 15.75
      vertex 24.24 3.57009 15.2606
      vertex 23.25 3.57009 15.2606
    endloop
  endfacet
  facet normal 0 0.751873 0.659308
    outer loop
      vertex 24.24 3.57009 20.7394
      vertex 23.25 3.18198 21.182
      vertex 24.24 3.18198 21.182
    endloop
  endfacet
  facet normal 0 0.751873 0.659308
    outer loop
      vertex 23.25 3.18198 21.182
      vertex 24.24 3.57009 20.7394
      vertex 23.25 3.57009 20.7394
    endloop
  endfacet
  facet normal 1 0 0
    outer loop
      vertex 24.24 1.3 18
      vertex 24.24 4.5 18
      vertex 24.24 4.4615 18.5874
    endloop
  endfacet
  facet normal 1 0 0
    outer loop
      vertex 24.24 1.28888 18.1697
      vertex 24.24 4.4615 18.5874
      vertex 24.24 4.34667 19.1647
    endloop
  endfacet
  facet normal 1 0 0
    outer loop
      vertex 24.24 4.5 18
      vertex 24.24 1.3 18
      vertex 24.24 4.4615 17.4126
    endloop
  endfacet
  facet normal 1 0 0
    outer loop
      vertex 24.24 1.2557 18.3365
      vertex 24.24 4.34667 19.1647
      vertex 24.24 4.15746 19.7221
    endloop
  endfacet
  facet normal 1 -0 0
    outer loop
      vertex 24.24 1.28888 17.8303
      vertex 24.24 4.4615 17.4126
      vertex 24.24 1.3 18
    endloop
  endfacet
  facet normal 1 0 0
    outer loop
      vertex 24.24 1.20104 18.4975
      vertex 24.24 4.15746 19.7221
      vertex 24.24 3.89711 20.25
    endloop
  endfacet
  facet normal 1 0 0
    outer loop
      vertex 24.24 4.4615 17.4126
      vertex 24.24 1.28888 17.8303
      vertex 24.24 4.34667 16.8353
    endloop
  endfacet
  facet normal 1 0 0
    outer loop
      vertex 24.24 1.12583 18.65
      vertex 24.24 3.89711 20.25
      vertex 24.24 3.57009 20.7394
    endloop
  endfacet
  facet normal 1 -0 0
    outer loop
      vertex 24.24 1.2557 17.6635
      vertex 24.24 4.34667 16.8353
      vertex 24.24 1.28888 17.8303
    endloop
  endfacet
  facet normal 1 0 0
    outer loop
      vertex 24.24 1.03136 18.7914
      vertex 24.24 3.57009 20.7394
      vertex 24.24 3.18198 21.182
    endloop
  endfacet
  facet normal 1 0 0
    outer loop
      vertex 24.24 4.34667 16.8353
      vertex 24.24 1.2557 17.6635
      vertex 24.24 4.15746 16.2779
    endloop
  endfacet
  facet normal 1 0 0
    outer loop
      vertex 24.24 0.919238 18.9192
      vertex 24.24 3.18198 21.182
      vertex 24.24 2.73943 21.5701
    endloop
  endfacet
  facet normal 1 -0 0
    outer loop
      vertex 24.24 1.20104 17.5025
      vertex 24.24 4.15746 16.2779
      vertex 24.24 1.2557 17.6635
    endloop
  endfacet
  facet normal 1 0 0
    outer loop
      vertex 24.24 0.791389 19.0314
      vertex 24.24 2.73943 21.5701
      vertex 24.24 2.25 21.8971
    endloop
  endfacet
  facet normal 1 0 0
    outer loop
      vertex 24.24 4.15746 16.2779
      vertex 24.24 1.20104 17.5025
      vertex 24.24 3.89711 15.75
    endloop
  endfacet
  facet normal 1 0 0
    outer loop
      vertex 24.24 0.65 19.1258
      vertex 24.24 2.25 21.8971
      vertex 24.24 1.72207 22.1575
    endloop
  endfacet
  facet normal 1 -0 0
    outer loop
      vertex 24.24 1.12583 17.35
      vertex 24.24 3.89711 15.75
      vertex 24.24 1.20104 17.5025
    endloop
  endfacet
  facet normal 1 0 0
    outer loop
      vertex 24.24 3.89711 15.75
      vertex 24.24 1.12583 17.35
      vertex 24.24 3.57009 15.2606
    endloop
  endfacet
  facet normal 1 0 0
    outer loop
      vertex 24.24 4.4615 18.5874
      vertex 24.24 1.28888 18.1697
      vertex 24.24 1.3 18
    endloop
  endfacet
  facet normal 1 0 0
    outer loop
      vertex 24.24 4.34667 19.1647
      vertex 24.24 1.2557 18.3365
      vertex 24.24 1.28888 18.1697
    endloop
  endfacet
  facet normal 1 0 0
    outer loop
      vertex 24.24 4.15746 19.7221
      vertex 24.24 1.20104 18.4975
      vertex 24.24 1.2557 18.3365
    endloop
  endfacet
  facet normal 1 0 0
    outer loop
      vertex 24.24 0.497488 19.201
      vertex 24.24 1.72207 22.1575
      vertex 24.24 1.16469 22.3467
    endloop
  endfacet
  facet normal 1 0 0
    outer loop
      vertex 24.24 3.89711 20.25
      vertex 24.24 1.12583 18.65
      vertex 24.24 1.20104 18.4975
    endloop
  endfacet
  facet normal 1 0 0
    outer loop
      vertex 24.24 3.57009 20.7394
      vertex 24.24 1.03136 18.7914
      vertex 24.24 1.12583 18.65
    endloop
  endfacet
  facet normal 1 0 0
    outer loop
      vertex 24.24 3.18198 21.182
      vertex 24.24 0.919238 18.9192
      vertex 24.24 1.03136 18.7914
    endloop
  endfacet
  facet normal 1 0 0
    outer loop
      vertex 24.24 2.73943 21.5701
      vertex 24.24 0.791389 19.0314
      vertex 24.24 0.919238 18.9192
    endloop
  endfacet
  facet normal 1 0 0
    outer loop
      vertex 24.24 2.25 21.8971
      vertex 24.24 0.65 19.1258
      vertex 24.24 0.791389 19.0314
    endloop
  endfacet
  facet normal 1 0 0
    outer loop
      vertex 24.24 0.336464 19.2557
      vertex 24.24 1.16469 22.3467
      vertex 24.24 0.587367 22.4615
    endloop
  endfacet
  facet normal 1 0 0
    outer loop
      vertex 24.24 1.72207 22.1575
      vertex 24.24 0.497488 19.201
      vertex 24.24 0.65 19.1258
    endloop
  endfacet
  facet normal 1 0 0
    outer loop
      vertex 24.24 1.16469 22.3467
      vertex 24.24 0.336464 19.2557
      vertex 24.24 0.497488 19.201
    endloop
  endfacet
  facet normal 1 0 0
    outer loop
      vertex 24.24 0.587367 22.4615
      vertex 24.24 0.169683 19.2889
      vertex 24.24 0.336464 19.2557
    endloop
  endfacet
  facet normal 1 0 0
    outer loop
      vertex 24.24 0 22.5
      vertex 24.24 0.169683 19.2889
      vertex 24.24 0.587367 22.4615
    endloop
  endfacet
  facet normal 1 0 0
    outer loop
      vertex 24.24 0 22.5
      vertex 24.24 0 19.3
      vertex 24.24 0.169683 19.2889
    endloop
  endfacet
  facet normal 1 0 0
    outer loop
      vertex 24.24 0 22.5
      vertex 24.24 -0.169683 19.2889
      vertex 24.24 0 19.3
    endloop
  endfacet
  facet normal 1 -0 0
    outer loop
      vertex 24.24 -0.587367 22.4615
      vertex 24.24 -0.169683 19.2889
      vertex 24.24 0 22.5
    endloop
  endfacet
  facet normal 1 0 0
    outer loop
      vertex 24.24 -0.169683 19.2889
      vertex 24.24 -0.587367 22.4615
      vertex 24.24 -0.336464 19.2557
    endloop
  endfacet
  facet normal 1 -0 0
    outer loop
      vertex 24.24 -1.16469 22.3467
      vertex 24.24 -0.336464 19.2557
      vertex 24.24 -0.587367 22.4615
    endloop
  endfacet
  facet normal 1 0 0
    outer loop
      vertex 24.24 -0.336464 19.2557
      vertex 24.24 -1.16469 22.3467
      vertex 24.24 -0.497488 19.201
    endloop
  endfacet
  facet normal 1 -0 0
    outer loop
      vertex 24.24 -1.72207 22.1575
      vertex 24.24 -0.497488 19.201
      vertex 24.24 -1.16469 22.3467
    endloop
  endfacet
  facet normal 1 0 0
    outer loop
      vertex 24.24 -0.497488 19.201
      vertex 24.24 -1.72207 22.1575
      vertex 24.24 -0.65 19.1258
    endloop
  endfacet
  facet normal 1 -0 0
    outer loop
      vertex 24.24 -2.25 21.8971
      vertex 24.24 -0.65 19.1258
      vertex 24.24 -1.72207 22.1575
    endloop
  endfacet
  facet normal 1 0 0
    outer loop
      vertex 24.24 -0.65 19.1258
      vertex 24.24 -2.25 21.8971
      vertex 24.24 -0.791389 19.0314
    endloop
  endfacet
  facet normal 1 -0 0
    outer loop
      vertex 24.24 -2.73943 21.5701
      vertex 24.24 -0.791389 19.0314
      vertex 24.24 -2.25 21.8971
    endloop
  endfacet
  facet normal 1 0 0
    outer loop
      vertex 24.24 -0.791389 19.0314
      vertex 24.24 -2.73943 21.5701
      vertex 24.24 -0.919238 18.9192
    endloop
  endfacet
  facet normal 1 -0 0
    outer loop
      vertex 24.24 -3.18198 21.182
      vertex 24.24 -0.919238 18.9192
      vertex 24.24 -2.73943 21.5701
    endloop
  endfacet
  facet normal 1 0 0
    outer loop
      vertex 24.24 -0.919238 18.9192
      vertex 24.24 -3.18198 21.182
      vertex 24.24 -1.03136 18.7914
    endloop
  endfacet
  facet normal 1 -0 0
    outer loop
      vertex 24.24 -3.57009 20.7394
      vertex 24.24 -1.03136 18.7914
      vertex 24.24 -3.18198 21.182
    endloop
  endfacet
  facet normal 1 0 0
    outer loop
      vertex 24.24 -1.03136 18.7914
      vertex 24.24 -3.57009 20.7394
      vertex 24.24 -1.12583 18.65
    endloop
  endfacet
  facet normal 1 -0 0
    outer loop
      vertex 24.24 1.03136 17.2086
      vertex 24.24 3.57009 15.2606
      vertex 24.24 1.12583 17.35
    endloop
  endfacet
  facet normal 1 0 0
    outer loop
      vertex 24.24 3.57009 15.2606
      vertex 24.24 1.03136 17.2086
      vertex 24.24 3.18198 14.818
    endloop
  endfacet
  facet normal 1 -0 0
    outer loop
      vertex 24.24 0.919238 17.0808
      vertex 24.24 3.18198 14.818
      vertex 24.24 1.03136 17.2086
    endloop
  endfacet
  facet normal 1 0 0
    outer loop
      vertex 24.24 3.18198 14.818
      vertex 24.24 0.919238 17.0808
      vertex 24.24 2.73943 14.4299
    endloop
  endfacet
  facet normal 1 -0 0
    outer loop
      vertex 24.24 0.791389 16.9686
      vertex 24.24 2.73943 14.4299
      vertex 24.24 0.919238 17.0808
    endloop
  endfacet
  facet normal 1 0 0
    outer loop
      vertex 24.24 2.73943 14.4299
      vertex 24.24 0.791389 16.9686
      vertex 24.24 2.25 14.1029
    endloop
  endfacet
  facet normal 1 -0 0
    outer loop
      vertex 24.24 0.65 16.8742
      vertex 24.24 2.25 14.1029
      vertex 24.24 0.791389 16.9686
    endloop
  endfacet
  facet normal 1 0 0
    outer loop
      vertex 24.24 2.25 14.1029
      vertex 24.24 0.65 16.8742
      vertex 24.24 1.72207 13.8425
    endloop
  endfacet
  facet normal 1 -0 0
    outer loop
      vertex 24.24 0.497488 16.799
      vertex 24.24 1.72207 13.8425
      vertex 24.24 0.65 16.8742
    endloop
  endfacet
  facet normal 1 0 0
    outer loop
      vertex 24.24 1.72207 13.8425
      vertex 24.24 0.497488 16.799
      vertex 24.24 1.16469 13.6533
    endloop
  endfacet
  facet normal 1 -0 0
    outer loop
      vertex 24.24 0.336464 16.7443
      vertex 24.24 1.16469 13.6533
      vertex 24.24 0.497488 16.799
    endloop
  endfacet
  facet normal 1 0 0
    outer loop
      vertex 24.24 1.16469 13.6533
      vertex 24.24 0.336464 16.7443
      vertex 24.24 0.587367 13.5385
    endloop
  endfacet
  facet normal 1 -0 0
    outer loop
      vertex 24.24 0.169683 16.7111
      vertex 24.24 0.587367 13.5385
      vertex 24.24 0.336464 16.7443
    endloop
  endfacet
  facet normal 1 -0 0
    outer loop
      vertex 24.24 0 16.7
      vertex 24.24 0.587367 13.5385
      vertex 24.24 0.169683 16.7111
    endloop
  endfacet
  facet normal 1 0 0
    outer loop
      vertex 24.24 0 16.7
      vertex 24.24 0 13.5
      vertex 24.24 0.587367 13.5385
    endloop
  endfacet
  facet normal 1 0 0
    outer loop
      vertex 24.24 -0.169683 16.7111
      vertex 24.24 0 13.5
      vertex 24.24 0 16.7
    endloop
  endfacet
  facet normal 1 0 0
    outer loop
      vertex 24.24 -0.587367 13.5385
      vertex 24.24 -0.169683 16.7111
      vertex 24.24 -0.336464 16.7443
    endloop
  endfacet
  facet normal 1 0 0
    outer loop
      vertex 24.24 -1.16469 13.6533
      vertex 24.24 -0.336464 16.7443
      vertex 24.24 -0.497488 16.799
    endloop
  endfacet
  facet normal 1 0 0
    outer loop
      vertex 24.24 -0.169683 16.7111
      vertex 24.24 -0.587367 13.5385
      vertex 24.24 0 13.5
    endloop
  endfacet
  facet normal 1 0 0
    outer loop
      vertex 24.24 -1.72207 13.8425
      vertex 24.24 -0.497488 16.799
      vertex 24.24 -0.65 16.8742
    endloop
  endfacet
  facet normal 1 0 0
    outer loop
      vertex 24.24 -2.25 14.1029
      vertex 24.24 -0.65 16.8742
      vertex 24.24 -0.791389 16.9686
    endloop
  endfacet
  facet normal 1 0 0
    outer loop
      vertex 24.24 -2.73943 14.4299
      vertex 24.24 -0.791389 16.9686
      vertex 24.24 -0.919238 17.0808
    endloop
  endfacet
  facet normal 1 0 0
    outer loop
      vertex 24.24 -3.18198 14.818
      vertex 24.24 -0.919238 17.0808
      vertex 24.24 -1.03136 17.2086
    endloop
  endfacet
  facet normal 1 0 0
    outer loop
      vertex 24.24 -3.57009 15.2606
      vertex 24.24 -1.03136 17.2086
      vertex 24.24 -1.12583 17.35
    endloop
  endfacet
  facet normal 1 0 0
    outer loop
      vertex 24.24 -0.336464 16.7443
      vertex 24.24 -1.16469 13.6533
      vertex 24.24 -0.587367 13.5385
    endloop
  endfacet
  facet normal 1 0 0
    outer loop
      vertex 24.24 -3.89711 15.75
      vertex 24.24 -1.12583 17.35
      vertex 24.24 -1.20104 17.5025
    endloop
  endfacet
  facet normal 1 0 0
    outer loop
      vertex 24.24 -4.15746 16.2779
      vertex 24.24 -1.20104 17.5025
      vertex 24.24 -1.2557 17.6635
    endloop
  endfacet
  facet normal 1 0 0
    outer loop
      vertex 24.24 -4.34667 16.8353
      vertex 24.24 -1.2557 17.6635
      vertex 24.24 -1.28888 17.8303
    endloop
  endfacet
  facet normal 1 0 0
    outer loop
      vertex 24.24 -4.4615 17.4126
      vertex 24.24 -1.28888 17.8303
      vertex 24.24 -1.3 18
    endloop
  endfacet
  facet normal 1 -0 0
    outer loop
      vertex 24.24 -3.89711 20.25
      vertex 24.24 -1.12583 18.65
      vertex 24.24 -3.57009 20.7394
    endloop
  endfacet
  facet normal 1 0 0
    outer loop
      vertex 24.24 -0.497488 16.799
      vertex 24.24 -1.72207 13.8425
      vertex 24.24 -1.16469 13.6533
    endloop
  endfacet
  facet normal 1 0 0
    outer loop
      vertex 24.24 -1.12583 18.65
      vertex 24.24 -3.89711 20.25
      vertex 24.24 -1.20104 18.4975
    endloop
  endfacet
  facet normal 1 0 0
    outer loop
      vertex 24.24 -0.65 16.8742
      vertex 24.24 -2.25 14.1029
      vertex 24.24 -1.72207 13.8425
    endloop
  endfacet
  facet normal 1 -0 0
    outer loop
      vertex 24.24 -4.15746 19.7221
      vertex 24.24 -1.20104 18.4975
      vertex 24.24 -3.89711 20.25
    endloop
  endfacet
  facet normal 1 0 0
    outer loop
      vertex 24.24 -0.791389 16.9686
      vertex 24.24 -2.73943 14.4299
      vertex 24.24 -2.25 14.1029
    endloop
  endfacet
  facet normal 1 0 0
    outer loop
      vertex 24.24 -1.20104 18.4975
      vertex 24.24 -4.15746 19.7221
      vertex 24.24 -1.2557 18.3365
    endloop
  endfacet
  facet normal 1 0 0
    outer loop
      vertex 24.24 -0.919238 17.0808
      vertex 24.24 -3.18198 14.818
      vertex 24.24 -2.73943 14.4299
    endloop
  endfacet
  facet normal 1 -0 0
    outer loop
      vertex 24.24 -4.34667 19.1647
      vertex 24.24 -1.2557 18.3365
      vertex 24.24 -4.15746 19.7221
    endloop
  endfacet
  facet normal 1 0 0
    outer loop
      vertex 24.24 -1.03136 17.2086
      vertex 24.24 -3.57009 15.2606
      vertex 24.24 -3.18198 14.818
    endloop
  endfacet
  facet normal 1 0 0
    outer loop
      vertex 24.24 -1.2557 18.3365
      vertex 24.24 -4.34667 19.1647
      vertex 24.24 -1.28888 18.1697
    endloop
  endfacet
  facet normal 1 0 0
    outer loop
      vertex 24.24 -1.12583 17.35
      vertex 24.24 -3.89711 15.75
      vertex 24.24 -3.57009 15.2606
    endloop
  endfacet
  facet normal 1 -0 0
    outer loop
      vertex 24.24 -4.4615 18.5874
      vertex 24.24 -1.28888 18.1697
      vertex 24.24 -4.34667 19.1647
    endloop
  endfacet
  facet normal 1 0 0
    outer loop
      vertex 24.24 -1.20104 17.5025
      vertex 24.24 -4.15746 16.2779
      vertex 24.24 -3.89711 15.75
    endloop
  endfacet
  facet normal 1 0 0
    outer loop
      vertex 24.24 -1.28888 18.1697
      vertex 24.24 -4.4615 18.5874
      vertex 24.24 -1.3 18
    endloop
  endfacet
  facet normal 1 0 0
    outer loop
      vertex 24.24 -1.2557 17.6635
      vertex 24.24 -4.34667 16.8353
      vertex 24.24 -4.15746 16.2779
    endloop
  endfacet
  facet normal 1 0 0
    outer loop
      vertex 24.24 -4.5 18
      vertex 24.24 -1.3 18
      vertex 24.24 -4.4615 18.5874
    endloop
  endfacet
  facet normal 1 0 0
    outer loop
      vertex 24.24 -1.28888 17.8303
      vertex 24.24 -4.4615 17.4126
      vertex 24.24 -4.34667 16.8353
    endloop
  endfacet
  facet normal 1 0 0
    outer loop
      vertex 24.24 -1.3 18
      vertex 24.24 -4.5 18
      vertex 24.24 -4.4615 17.4126
    endloop
  endfacet
  facet normal 0 -0.946931 -0.321437
    outer loop
      vertex 23.25 -4.15746 16.2779
      vertex 24.24 -4.34667 16.8353
      vertex 23.25 -4.34667 16.8353
    endloop
  endfacet
  facet normal 0 -0.946931 -0.321437
    outer loop
      vertex 24.24 -4.34667 16.8353
      vertex 23.25 -4.15746 16.2779
      vertex 24.24 -4.15746 16.2779
    endloop
  endfacet
  facet normal 0 -0.0654064 0.997859
    outer loop
      vertex 23.25 0 22.5
      vertex 24.24 -0.587367 22.4615
      vertex 24.24 0 22.5
    endloop
  endfacet
  facet normal 0 -0.0654064 0.997859
    outer loop
      vertex 24.24 -0.587367 22.4615
      vertex 23.25 0 22.5
      vertex 23.25 -0.587367 22.4615
    endloop
  endfacet
  facet normal 0 -0.751873 0.659308
    outer loop
      vertex 23.25 -3.57009 20.7394
      vertex 24.24 -3.18198 21.182
      vertex 23.25 -3.18198 21.182
    endloop
  endfacet
  facet normal 0 -0.751873 0.659308
    outer loop
      vertex 24.24 -3.18198 21.182
      vertex 23.25 -3.57009 20.7394
      vertex 24.24 -3.57009 20.7394
    endloop
  endfacet
  facet normal 0 0.946931 0.321437
    outer loop
      vertex 24.24 4.34667 19.1647
      vertex 23.25 4.15746 19.7221
      vertex 24.24 4.15746 19.7221
    endloop
  endfacet
  facet normal 0 0.946931 0.321437
    outer loop
      vertex 23.25 4.15746 19.7221
      vertex 24.24 4.34667 19.1647
      vertex 23.25 4.34667 19.1647
    endloop
  endfacet
  facet normal 0 -0.555539 0.831491
    outer loop
      vertex 23.25 -2.25 21.8971
      vertex 24.24 -2.73943 21.5701
      vertex 24.24 -2.25 21.8971
    endloop
  endfacet
  facet normal 0 -0.555539 0.831491
    outer loop
      vertex 24.24 -2.73943 21.5701
      vertex 23.25 -2.25 21.8971
      vertex 23.25 -2.73943 21.5701
    endloop
  endfacet
  facet normal 0 0.442362 -0.896837
    outer loop
      vertex 23.25 1.72207 13.8425
      vertex 24.24 2.25 14.1029
      vertex 24.24 1.72207 13.8425
    endloop
  endfacet
  facet normal 0 0.442362 -0.896837
    outer loop
      vertex 24.24 2.25 14.1029
      vertex 23.25 1.72207 13.8425
      vertex 23.25 2.25 14.1029
    endloop
  endfacet
  facet normal 0 -0.19503 0.980797
    outer loop
      vertex 23.25 -0.587367 22.4615
      vertex 24.24 -1.16469 22.3467
      vertex 24.24 -0.587367 22.4615
    endloop
  endfacet
  facet normal 0 -0.19503 0.980797
    outer loop
      vertex 24.24 -1.16469 22.3467
      vertex 23.25 -0.587367 22.4615
      vertex 23.25 -1.16469 22.3467
    endloop
  endfacet
  facet normal 0 0.831459 0.555586
    outer loop
      vertex 24.24 3.89711 20.25
      vertex 23.25 3.57009 20.7394
      vertex 24.24 3.57009 20.7394
    endloop
  endfacet
  facet normal 0 0.831459 0.555586
    outer loop
      vertex 23.25 3.57009 20.7394
      vertex 24.24 3.89711 20.25
      vertex 23.25 3.89711 20.25
    endloop
  endfacet
  facet normal -0 0.0654064 0.997859
    outer loop
      vertex 23.25 0.587367 22.4615
      vertex 24.24 0 22.5
      vertex 24.24 0.587367 22.4615
    endloop
  endfacet
  facet normal 0 0.0654064 0.997859
    outer loop
      vertex 24.24 0 22.5
      vertex 23.25 0.587367 22.4615
      vertex 23.25 0 22.5
    endloop
  endfacet
  facet normal 0 0.980786 -0.195087
    outer loop
      vertex 24.24 4.34667 16.8353
      vertex 23.25 4.4615 17.4126
      vertex 24.24 4.4615 17.4126
    endloop
  endfacet
  facet normal 0 0.980786 -0.195087
    outer loop
      vertex 23.25 4.4615 17.4126
      vertex 24.24 4.34667 16.8353
      vertex 23.25 4.34667 16.8353
    endloop
  endfacet
  facet normal 0 0.19503 -0.980797
    outer loop
      vertex 23.25 0.587367 13.5385
      vertex 24.24 1.16469 13.6533
      vertex 24.24 0.587367 13.5385
    endloop
  endfacet
  facet normal 0 0.19503 -0.980797
    outer loop
      vertex 24.24 1.16469 13.6533
      vertex 23.25 0.587367 13.5385
      vertex 23.25 1.16469 13.6533
    endloop
  endfacet
  facet normal 0 -0.89686 0.442314
    outer loop
      vertex 23.25 -4.15746 19.7221
      vertex 24.24 -3.89711 20.25
      vertex 23.25 -3.89711 20.25
    endloop
  endfacet
  facet normal 0 -0.89686 0.442314
    outer loop
      vertex 24.24 -3.89711 20.25
      vertex 23.25 -4.15746 19.7221
      vertex 24.24 -4.15746 19.7221
    endloop
  endfacet
  facet normal 0 0.89686 0.442314
    outer loop
      vertex 24.24 4.15746 19.7221
      vertex 23.25 3.89711 20.25
      vertex 24.24 3.89711 20.25
    endloop
  endfacet
  facet normal 0 0.89686 0.442314
    outer loop
      vertex 23.25 3.89711 20.25
      vertex 24.24 4.15746 19.7221
      vertex 23.25 4.15746 19.7221
    endloop
  endfacet
  facet normal 0 -0.997859 -0.0654027
    outer loop
      vertex 23.25 -4.4615 17.4126
      vertex 24.24 -4.5 18
      vertex 23.25 -4.5 18
    endloop
  endfacet
  facet normal 0 -0.997859 -0.0654027
    outer loop
      vertex 24.24 -4.5 18
      vertex 23.25 -4.4615 17.4126
      vertex 24.24 -4.4615 17.4126
    endloop
  endfacet
  facet normal 0 -0.946931 0.321437
    outer loop
      vertex 23.25 -4.34667 19.1647
      vertex 24.24 -4.15746 19.7221
      vertex 23.25 -4.15746 19.7221
    endloop
  endfacet
  facet normal 0 -0.946931 0.321437
    outer loop
      vertex 24.24 -4.15746 19.7221
      vertex 23.25 -4.34667 19.1647
      vertex 24.24 -4.34667 19.1647
    endloop
  endfacet
  facet normal 0 -0.751873 -0.659308
    outer loop
      vertex 23.25 -3.18198 14.818
      vertex 24.24 -3.57009 15.2606
      vertex 23.25 -3.57009 15.2606
    endloop
  endfacet
  facet normal 0 -0.751873 -0.659308
    outer loop
      vertex 24.24 -3.57009 15.2606
      vertex 23.25 -3.18198 14.818
      vertex 24.24 -3.18198 14.818
    endloop
  endfacet
  facet normal 0 -0.321432 -0.946933
    outer loop
      vertex 23.25 -1.72207 13.8425
      vertex 24.24 -1.16469 13.6533
      vertex 24.24 -1.72207 13.8425
    endloop
  endfacet
  facet normal -0 -0.321432 -0.946933
    outer loop
      vertex 24.24 -1.16469 13.6533
      vertex 23.25 -1.72207 13.8425
      vertex 23.25 -1.16469 13.6533
    endloop
  endfacet
  facet normal 0 -0.321432 0.946933
    outer loop
      vertex 23.25 -1.16469 22.3467
      vertex 24.24 -1.72207 22.1575
      vertex 24.24 -1.16469 22.3467
    endloop
  endfacet
  facet normal 0 -0.321432 0.946933
    outer loop
      vertex 24.24 -1.72207 22.1575
      vertex 23.25 -1.16469 22.3467
      vertex 23.25 -1.72207 22.1575
    endloop
  endfacet
  facet normal 0 -0.831459 0.555586
    outer loop
      vertex 23.25 -3.89711 20.25
      vertex 24.24 -3.57009 20.7394
      vertex 23.25 -3.57009 20.7394
    endloop
  endfacet
  facet normal 0 -0.831459 0.555586
    outer loop
      vertex 24.24 -3.57009 20.7394
      vertex 23.25 -3.89711 20.25
      vertex 24.24 -3.89711 20.25
    endloop
  endfacet
  facet normal 0 0.980786 0.195087
    outer loop
      vertex 24.24 4.4615 18.5874
      vertex 23.25 4.34667 19.1647
      vertex 24.24 4.34667 19.1647
    endloop
  endfacet
  facet normal 0 0.980786 0.195087
    outer loop
      vertex 23.25 4.34667 19.1647
      vertex 24.24 4.4615 18.5874
      vertex 23.25 4.4615 18.5874
    endloop
  endfacet
  facet normal 0 0.65934 -0.751845
    outer loop
      vertex 23.25 2.73943 14.4299
      vertex 24.24 3.18198 14.818
      vertex 24.24 2.73943 14.4299
    endloop
  endfacet
  facet normal 0 0.65934 -0.751845
    outer loop
      vertex 24.24 3.18198 14.818
      vertex 23.25 2.73943 14.4299
      vertex 23.25 3.18198 14.818
    endloop
  endfacet
  facet normal 0 -0.65934 -0.751845
    outer loop
      vertex 23.25 -3.18198 14.818
      vertex 24.24 -2.73943 14.4299
      vertex 24.24 -3.18198 14.818
    endloop
  endfacet
  facet normal -0 -0.65934 -0.751845
    outer loop
      vertex 24.24 -2.73943 14.4299
      vertex 23.25 -3.18198 14.818
      vertex 23.25 -2.73943 14.4299
    endloop
  endfacet
  facet normal -0 0.321432 0.946933
    outer loop
      vertex 23.25 1.72207 22.1575
      vertex 24.24 1.16469 22.3467
      vertex 24.24 1.72207 22.1575
    endloop
  endfacet
  facet normal 0 0.321432 0.946933
    outer loop
      vertex 24.24 1.16469 22.3467
      vertex 23.25 1.72207 22.1575
      vertex 23.25 1.16469 22.3467
    endloop
  endfacet
  facet normal 0 -0.980786 -0.195087
    outer loop
      vertex 23.25 -4.34667 16.8353
      vertex 24.24 -4.4615 17.4126
      vertex 23.25 -4.4615 17.4126
    endloop
  endfacet
  facet normal 0 -0.980786 -0.195087
    outer loop
      vertex 24.24 -4.4615 17.4126
      vertex 23.25 -4.34667 16.8353
      vertex 24.24 -4.34667 16.8353
    endloop
  endfacet
  facet normal 0 -0.89686 -0.442314
    outer loop
      vertex 23.25 -3.89711 15.75
      vertex 24.24 -4.15746 16.2779
      vertex 23.25 -4.15746 16.2779
    endloop
  endfacet
  facet normal 0 -0.89686 -0.442314
    outer loop
      vertex 24.24 -4.15746 16.2779
      vertex 23.25 -3.89711 15.75
      vertex 24.24 -3.89711 15.75
    endloop
  endfacet
  facet normal -0 0.65934 0.751845
    outer loop
      vertex 23.25 3.18198 21.182
      vertex 24.24 2.73943 21.5701
      vertex 24.24 3.18198 21.182
    endloop
  endfacet
  facet normal 0 0.65934 0.751845
    outer loop
      vertex 24.24 2.73943 21.5701
      vertex 23.25 3.18198 21.182
      vertex 23.25 2.73943 21.5701
    endloop
  endfacet
  facet normal 0 0.751873 -0.659308
    outer loop
      vertex 24.24 3.18198 14.818
      vertex 23.25 3.57009 15.2606
      vertex 24.24 3.57009 15.2606
    endloop
  endfacet
  facet normal 0 0.751873 -0.659308
    outer loop
      vertex 23.25 3.57009 15.2606
      vertex 24.24 3.18198 14.818
      vertex 23.25 3.18198 14.818
    endloop
  endfacet
  facet normal 0 -0.442362 0.896837
    outer loop
      vertex 23.25 -1.72207 22.1575
      vertex 24.24 -2.25 21.8971
      vertex 24.24 -1.72207 22.1575
    endloop
  endfacet
  facet normal 0 -0.442362 0.896837
    outer loop
      vertex 24.24 -2.25 21.8971
      vertex 23.25 -1.72207 22.1575
      vertex 23.25 -2.25 21.8971
    endloop
  endfacet
  facet normal 0 -0.555539 -0.831491
    outer loop
      vertex 23.25 -2.73943 14.4299
      vertex 24.24 -2.25 14.1029
      vertex 24.24 -2.73943 14.4299
    endloop
  endfacet
  facet normal -0 -0.555539 -0.831491
    outer loop
      vertex 24.24 -2.25 14.1029
      vertex 23.25 -2.73943 14.4299
      vertex 23.25 -2.25 14.1029
    endloop
  endfacet
  facet normal 0 -0.997859 0.0654027
    outer loop
      vertex 23.25 -4.5 18
      vertex 24.24 -4.4615 18.5874
      vertex 23.25 -4.4615 18.5874
    endloop
  endfacet
  facet normal 0 -0.997859 0.0654027
    outer loop
      vertex 24.24 -4.4615 18.5874
      vertex 23.25 -4.5 18
      vertex 24.24 -4.5 18
    endloop
  endfacet
  facet normal 0 0.997859 -0.0654027
    outer loop
      vertex 24.24 4.4615 17.4126
      vertex 23.25 4.5 18
      vertex 24.24 4.5 18
    endloop
  endfacet
  facet normal 0 0.997859 -0.0654027
    outer loop
      vertex 23.25 4.5 18
      vertex 24.24 4.4615 17.4126
      vertex 23.25 4.4615 17.4126
    endloop
  endfacet
  facet normal 0 -0.831459 -0.555586
    outer loop
      vertex 23.25 -3.57009 15.2606
      vertex 24.24 -3.89711 15.75
      vertex 23.25 -3.89711 15.75
    endloop
  endfacet
  facet normal 0 -0.831459 -0.555586
    outer loop
      vertex 24.24 -3.89711 15.75
      vertex 23.25 -3.57009 15.2606
      vertex 24.24 -3.57009 15.2606
    endloop
  endfacet
  facet normal 0 0.321432 -0.946933
    outer loop
      vertex 23.25 1.16469 13.6533
      vertex 24.24 1.72207 13.8425
      vertex 24.24 1.16469 13.6533
    endloop
  endfacet
  facet normal 0 0.321432 -0.946933
    outer loop
      vertex 24.24 1.72207 13.8425
      vertex 23.25 1.16469 13.6533
      vertex 23.25 1.72207 13.8425
    endloop
  endfacet
  facet normal -0 0.19503 0.980797
    outer loop
      vertex 23.25 1.16469 22.3467
      vertex 24.24 0.587367 22.4615
      vertex 24.24 1.16469 22.3467
    endloop
  endfacet
  facet normal 0 0.19503 0.980797
    outer loop
      vertex 24.24 0.587367 22.4615
      vertex 23.25 1.16469 22.3467
      vertex 23.25 0.587367 22.4615
    endloop
  endfacet
  facet normal 0 0.997859 0.0654027
    outer loop
      vertex 24.24 4.5 18
      vertex 23.25 4.4615 18.5874
      vertex 24.24 4.4615 18.5874
    endloop
  endfacet
  facet normal 0 0.997859 0.0654027
    outer loop
      vertex 23.25 4.4615 18.5874
      vertex 24.24 4.5 18
      vertex 23.25 4.5 18
    endloop
  endfacet
  facet normal 0 -0.65934 0.751845
    outer loop
      vertex 23.25 -2.73943 21.5701
      vertex 24.24 -3.18198 21.182
      vertex 24.24 -2.73943 21.5701
    endloop
  endfacet
  facet normal 0 -0.65934 0.751845
    outer loop
      vertex 24.24 -3.18198 21.182
      vertex 23.25 -2.73943 21.5701
      vertex 23.25 -3.18198 21.182
    endloop
  endfacet
  facet normal 0 -0.980786 0.195087
    outer loop
      vertex 23.25 -4.4615 18.5874
      vertex 24.24 -4.34667 19.1647
      vertex 23.25 -4.34667 19.1647
    endloop
  endfacet
  facet normal 0 -0.980786 0.195087
    outer loop
      vertex 24.24 -4.34667 19.1647
      vertex 23.25 -4.4615 18.5874
      vertex 24.24 -4.4615 18.5874
    endloop
  endfacet
  facet normal -0 0.555539 0.831491
    outer loop
      vertex 23.25 2.73943 21.5701
      vertex 24.24 2.25 21.8971
      vertex 24.24 2.73943 21.5701
    endloop
  endfacet
  facet normal 0 0.555539 0.831491
    outer loop
      vertex 24.24 2.25 21.8971
      vertex 23.25 2.73943 21.5701
      vertex 23.25 2.25 21.8971
    endloop
  endfacet
  facet normal 0 -0.980781 -0.195113
    outer loop
      vertex -21.45 -6.90941 18.1436
      vertex -20.25 -6.93748 18.2847
      vertex -21.45 -6.93748 18.2847
    endloop
  endfacet
  facet normal 0 -0.980781 -0.195113
    outer loop
      vertex -20.25 -6.93748 18.2847
      vertex -21.45 -6.90941 18.1436
      vertex -20.25 -6.90941 18.1436
    endloop
  endfacet
  facet normal 0 -0.99786 -0.065389
    outer loop
      vertex -21.45 -6.9 18
      vertex -20.25 -6.90941 18.1436
      vertex -21.45 -6.90941 18.1436
    endloop
  endfacet
  facet normal 0 -0.99786 -0.065389
    outer loop
      vertex -20.25 -6.90941 18.1436
      vertex -21.45 -6.9 18
      vertex -20.25 -6.9 18
    endloop
  endfacet
  facet normal 0 -0.321124 -0.947037
    outer loop
      vertex -21.45 -7.7153 19.0625
      vertex -20.25 -7.57905 19.0163
      vertex -20.25 -7.7153 19.0625
    endloop
  endfacet
  facet normal -0 -0.321124 -0.947037
    outer loop
      vertex -20.25 -7.57905 19.0163
      vertex -21.45 -7.7153 19.0625
      vertex -21.45 -7.57905 19.0163
    endloop
  endfacet
  facet normal -0 0.195287 0.980746
    outer loop
      vertex -21.45 -8.14358 16.9094
      vertex -20.25 -8.2847 16.9375
      vertex -20.25 -8.14358 16.9094
    endloop
  endfacet
  facet normal 0 0.195287 0.980746
    outer loop
      vertex -20.25 -8.2847 16.9375
      vertex -21.45 -8.14358 16.9094
      vertex -21.45 -8.2847 16.9375
    endloop
  endfacet
  facet normal -0 0.659458 0.751741
    outer loop
      vertex -21.45 -8.66964 17.1273
      vertex -20.25 -8.77782 17.2222
      vertex -20.25 -8.66964 17.1273
    endloop
  endfacet
  facet normal 0 0.659458 0.751741
    outer loop
      vertex -20.25 -8.77782 17.2222
      vertex -21.45 -8.66964 17.1273
      vertex -21.45 -8.77782 17.2222
    endloop
  endfacet
  facet normal 0 -0.751905 0.659272
    outer loop
      vertex -21.45 -7.22218 17.2222
      vertex -20.25 -7.12731 17.3304
      vertex -21.45 -7.12731 17.3304
    endloop
  endfacet
  facet normal 0 -0.751905 0.659272
    outer loop
      vertex -20.25 -7.12731 17.3304
      vertex -21.45 -7.22218 17.2222
      vertex -20.25 -7.22218 17.2222
    endloop
  endfacet
  facet normal 0 0.946967 -0.32133
    outer loop
      vertex -20.25 -9.06252 18.2847
      vertex -21.45 -9.01627 18.421
      vertex -20.25 -9.01627 18.421
    endloop
  endfacet
  facet normal 0 0.946967 -0.32133
    outer loop
      vertex -21.45 -9.01627 18.421
      vertex -20.25 -9.06252 18.2847
      vertex -21.45 -9.06252 18.2847
    endloop
  endfacet
  facet normal 0 -0.321124 0.947037
    outer loop
      vertex -21.45 -7.57905 16.9837
      vertex -20.25 -7.7153 16.9375
      vertex -20.25 -7.57905 16.9837
    endloop
  endfacet
  facet normal 0 -0.321124 0.947037
    outer loop
      vertex -20.25 -7.7153 16.9375
      vertex -21.45 -7.57905 16.9837
      vertex -21.45 -7.7153 16.9375
    endloop
  endfacet
  facet normal 0 0.321124 -0.947037
    outer loop
      vertex -21.45 -8.42095 19.0163
      vertex -20.25 -8.2847 19.0625
      vertex -20.25 -8.42095 19.0163
    endloop
  endfacet
  facet normal 0 0.321124 -0.947037
    outer loop
      vertex -20.25 -8.2847 19.0625
      vertex -21.45 -8.42095 19.0163
      vertex -21.45 -8.2847 19.0625
    endloop
  endfacet
  facet normal 0 -0.659458 -0.751741
    outer loop
      vertex -21.45 -7.33036 18.8727
      vertex -20.25 -7.22218 18.7778
      vertex -20.25 -7.33036 18.8727
    endloop
  endfacet
  facet normal -0 -0.659458 -0.751741
    outer loop
      vertex -20.25 -7.22218 18.7778
      vertex -21.45 -7.33036 18.8727
      vertex -21.45 -7.22218 18.7778
    endloop
  endfacet
  facet normal 0 0.99786 0.065389
    outer loop
      vertex -20.25 -9.09059 17.8564
      vertex -21.45 -9.1 18
      vertex -20.25 -9.1 18
    endloop
  endfacet
  facet normal 0 0.99786 0.065389
    outer loop
      vertex -21.45 -9.1 18
      vertex -20.25 -9.09059 17.8564
      vertex -21.45 -9.09059 17.8564
    endloop
  endfacet
  facet normal -0 0.0653289 0.997864
    outer loop
      vertex -21.45 -8 16.9
      vertex -20.25 -8.14358 16.9094
      vertex -20.25 -8 16.9
    endloop
  endfacet
  facet normal 0 0.0653289 0.997864
    outer loop
      vertex -20.25 -8.14358 16.9094
      vertex -21.45 -8 16.9
      vertex -21.45 -8.14358 16.9094
    endloop
  endfacet
  facet normal 0 -0.980781 0.195113
    outer loop
      vertex -21.45 -6.93748 17.7153
      vertex -20.25 -6.90941 17.8564
      vertex -21.45 -6.90941 17.8564
    endloop
  endfacet
  facet normal 0 -0.980781 0.195113
    outer loop
      vertex -20.25 -6.90941 17.8564
      vertex -21.45 -6.93748 17.7153
      vertex -20.25 -6.93748 17.7153
    endloop
  endfacet
  facet normal 0 -0.751905 -0.659272
    outer loop
      vertex -21.45 -7.12731 18.6696
      vertex -20.25 -7.22218 18.7778
      vertex -21.45 -7.22218 18.7778
    endloop
  endfacet
  facet normal 0 -0.751905 -0.659272
    outer loop
      vertex -20.25 -7.22218 18.7778
      vertex -21.45 -7.12731 18.6696
      vertex -20.25 -7.12731 18.6696
    endloop
  endfacet
  facet normal 0 0.980781 -0.195113
    outer loop
      vertex -20.25 -9.09059 18.1436
      vertex -21.45 -9.06252 18.2847
      vertex -20.25 -9.06252 18.2847
    endloop
  endfacet
  facet normal 0 0.980781 -0.195113
    outer loop
      vertex -21.45 -9.06252 18.2847
      vertex -20.25 -9.09059 18.1436
      vertex -21.45 -9.09059 18.1436
    endloop
  endfacet
  facet normal 0 -0.896806 0.442424
    outer loop
      vertex -21.45 -7.04737 17.45
      vertex -20.25 -6.98373 17.579
      vertex -21.45 -6.98373 17.579
    endloop
  endfacet
  facet normal 0 -0.896806 0.442424
    outer loop
      vertex -20.25 -6.98373 17.579
      vertex -21.45 -7.04737 17.45
      vertex -20.25 -7.04737 17.45
    endloop
  endfacet
  facet normal 0 0.946967 0.32133
    outer loop
      vertex -20.25 -9.01627 17.579
      vertex -21.45 -9.06252 17.7153
      vertex -20.25 -9.06252 17.7153
    endloop
  endfacet
  facet normal 0 0.946967 0.32133
    outer loop
      vertex -21.45 -9.06252 17.7153
      vertex -20.25 -9.01627 17.579
      vertex -21.45 -9.01627 17.579
    endloop
  endfacet
  facet normal 0 0.980781 0.195113
    outer loop
      vertex -20.25 -9.06252 17.7153
      vertex -21.45 -9.09059 17.8564
      vertex -20.25 -9.09059 17.8564
    endloop
  endfacet
  facet normal 0 0.980781 0.195113
    outer loop
      vertex -21.45 -9.09059 17.8564
      vertex -20.25 -9.06252 17.7153
      vertex -21.45 -9.06252 17.7153
    endloop
  endfacet
  facet normal 0 -0.195287 -0.980746
    outer loop
      vertex -21.45 -7.85642 19.0906
      vertex -20.25 -7.7153 19.0625
      vertex -20.25 -7.85642 19.0906
    endloop
  endfacet
  facet normal -0 -0.195287 -0.980746
    outer loop
      vertex -20.25 -7.7153 19.0625
      vertex -21.45 -7.85642 19.0906
      vertex -21.45 -7.7153 19.0625
    endloop
  endfacet
  facet normal 0 0.751905 0.659272
    outer loop
      vertex -20.25 -8.77782 17.2222
      vertex -21.45 -8.87269 17.3304
      vertex -20.25 -8.87269 17.3304
    endloop
  endfacet
  facet normal 0 0.751905 0.659272
    outer loop
      vertex -21.45 -8.87269 17.3304
      vertex -20.25 -8.77782 17.2222
      vertex -21.45 -8.77782 17.2222
    endloop
  endfacet
  facet normal 0 0.659458 -0.751741
    outer loop
      vertex -21.45 -8.77782 18.7778
      vertex -20.25 -8.66964 18.8727
      vertex -20.25 -8.77782 18.7778
    endloop
  endfacet
  facet normal 0 0.659458 -0.751741
    outer loop
      vertex -20.25 -8.66964 18.8727
      vertex -21.45 -8.77782 18.7778
      vertex -21.45 -8.66964 18.8727
    endloop
  endfacet
  facet normal 0 0.896806 -0.442424
    outer loop
      vertex -20.25 -9.01627 18.421
      vertex -21.45 -8.95263 18.55
      vertex -20.25 -8.95263 18.55
    endloop
  endfacet
  facet normal 0 0.896806 -0.442424
    outer loop
      vertex -21.45 -8.95263 18.55
      vertex -20.25 -9.01627 18.421
      vertex -21.45 -9.01627 18.421
    endloop
  endfacet
  facet normal 0 -0.831387 0.555694
    outer loop
      vertex -21.45 -7.12731 17.3304
      vertex -20.25 -7.04737 17.45
      vertex -21.45 -7.04737 17.45
    endloop
  endfacet
  facet normal 0 -0.831387 0.555694
    outer loop
      vertex -20.25 -7.04737 17.45
      vertex -21.45 -7.12731 17.3304
      vertex -20.25 -7.12731 17.3304
    endloop
  endfacet
  facet normal 0 -0.831387 -0.555694
    outer loop
      vertex -21.45 -7.04737 18.55
      vertex -20.25 -7.12731 18.6696
      vertex -21.45 -7.12731 18.6696
    endloop
  endfacet
  facet normal 0 -0.831387 -0.555694
    outer loop
      vertex -20.25 -7.12731 18.6696
      vertex -21.45 -7.04737 18.55
      vertex -20.25 -7.04737 18.55
    endloop
  endfacet
  facet normal 0 -0.659458 0.751741
    outer loop
      vertex -21.45 -7.22218 17.2222
      vertex -20.25 -7.33036 17.1273
      vertex -20.25 -7.22218 17.2222
    endloop
  endfacet
  facet normal 0 -0.659458 0.751741
    outer loop
      vertex -20.25 -7.33036 17.1273
      vertex -21.45 -7.22218 17.2222
      vertex -21.45 -7.33036 17.1273
    endloop
  endfacet
  facet normal 0 0.831387 0.555694
    outer loop
      vertex -20.25 -8.87269 17.3304
      vertex -21.45 -8.95263 17.45
      vertex -20.25 -8.95263 17.45
    endloop
  endfacet
  facet normal 0 0.831387 0.555694
    outer loop
      vertex -21.45 -8.95263 17.45
      vertex -20.25 -8.87269 17.3304
      vertex -21.45 -8.87269 17.3304
    endloop
  endfacet
  facet normal 0 -0.99786 0.065389
    outer loop
      vertex -21.45 -6.90941 17.8564
      vertex -20.25 -6.9 18
      vertex -21.45 -6.9 18
    endloop
  endfacet
  facet normal 0 -0.99786 0.065389
    outer loop
      vertex -20.25 -6.9 18
      vertex -21.45 -6.90941 17.8564
      vertex -20.25 -6.90941 17.8564
    endloop
  endfacet
  facet normal 0 0.195287 -0.980746
    outer loop
      vertex -21.45 -8.2847 19.0625
      vertex -20.25 -8.14358 19.0906
      vertex -20.25 -8.2847 19.0625
    endloop
  endfacet
  facet normal 0 0.195287 -0.980746
    outer loop
      vertex -20.25 -8.14358 19.0906
      vertex -21.45 -8.2847 19.0625
      vertex -21.45 -8.14358 19.0906
    endloop
  endfacet
  facet normal 0 -0.555374 -0.831601
    outer loop
      vertex -21.45 -7.45 18.9526
      vertex -20.25 -7.33036 18.8727
      vertex -20.25 -7.45 18.9526
    endloop
  endfacet
  facet normal -0 -0.555374 -0.831601
    outer loop
      vertex -20.25 -7.33036 18.8727
      vertex -21.45 -7.45 18.9526
      vertex -21.45 -7.33036 18.8727
    endloop
  endfacet
  facet normal 0 -0.442622 -0.896708
    outer loop
      vertex -21.45 -7.57905 19.0163
      vertex -20.25 -7.45 18.9526
      vertex -20.25 -7.57905 19.0163
    endloop
  endfacet
  facet normal -0 -0.442622 -0.896708
    outer loop
      vertex -20.25 -7.45 18.9526
      vertex -21.45 -7.57905 19.0163
      vertex -21.45 -7.45 18.9526
    endloop
  endfacet
  facet normal 0 0.0653289 -0.997864
    outer loop
      vertex -21.45 -8.14358 19.0906
      vertex -20.25 -8 19.1
      vertex -20.25 -8.14358 19.0906
    endloop
  endfacet
  facet normal 0 0.0653289 -0.997864
    outer loop
      vertex -20.25 -8 19.1
      vertex -21.45 -8.14358 19.0906
      vertex -21.45 -8 19.1
    endloop
  endfacet
  facet normal 0 0.896806 0.442424
    outer loop
      vertex -20.25 -8.95263 17.45
      vertex -21.45 -9.01627 17.579
      vertex -20.25 -9.01627 17.579
    endloop
  endfacet
  facet normal 0 0.896806 0.442424
    outer loop
      vertex -21.45 -9.01627 17.579
      vertex -20.25 -8.95263 17.45
      vertex -21.45 -8.95263 17.45
    endloop
  endfacet
  facet normal 0 -0.896806 -0.442424
    outer loop
      vertex -21.45 -6.98373 18.421
      vertex -20.25 -7.04737 18.55
      vertex -21.45 -7.04737 18.55
    endloop
  endfacet
  facet normal 0 -0.896806 -0.442424
    outer loop
      vertex -20.25 -7.04737 18.55
      vertex -21.45 -6.98373 18.421
      vertex -20.25 -6.98373 18.421
    endloop
  endfacet
  facet normal 0 -0.0653289 0.997864
    outer loop
      vertex -21.45 -7.85642 16.9094
      vertex -20.25 -8 16.9
      vertex -20.25 -7.85642 16.9094
    endloop
  endfacet
  facet normal 0 -0.0653289 0.997864
    outer loop
      vertex -20.25 -8 16.9
      vertex -21.45 -7.85642 16.9094
      vertex -21.45 -8 16.9
    endloop
  endfacet
  facet normal 0 -0.195287 0.980746
    outer loop
      vertex -21.45 -7.7153 16.9375
      vertex -20.25 -7.85642 16.9094
      vertex -20.25 -7.7153 16.9375
    endloop
  endfacet
  facet normal 0 -0.195287 0.980746
    outer loop
      vertex -20.25 -7.85642 16.9094
      vertex -21.45 -7.7153 16.9375
      vertex -21.45 -7.85642 16.9094
    endloop
  endfacet
  facet normal 0 0.751905 -0.659272
    outer loop
      vertex -20.25 -8.87269 18.6696
      vertex -21.45 -8.77782 18.7778
      vertex -20.25 -8.77782 18.7778
    endloop
  endfacet
  facet normal 0 0.751905 -0.659272
    outer loop
      vertex -21.45 -8.77782 18.7778
      vertex -20.25 -8.87269 18.6696
      vertex -21.45 -8.87269 18.6696
    endloop
  endfacet
  facet normal 0 0.555374 -0.831601
    outer loop
      vertex -21.45 -8.66964 18.8727
      vertex -20.25 -8.55 18.9526
      vertex -20.25 -8.66964 18.8727
    endloop
  endfacet
  facet normal 0 0.555374 -0.831601
    outer loop
      vertex -20.25 -8.55 18.9526
      vertex -21.45 -8.66964 18.8727
      vertex -21.45 -8.55 18.9526
    endloop
  endfacet
  facet normal 0 -0.0653289 -0.997864
    outer loop
      vertex -21.45 -8 19.1
      vertex -20.25 -7.85642 19.0906
      vertex -20.25 -8 19.1
    endloop
  endfacet
  facet normal -0 -0.0653289 -0.997864
    outer loop
      vertex -20.25 -7.85642 19.0906
      vertex -21.45 -8 19.1
      vertex -21.45 -7.85642 19.0906
    endloop
  endfacet
  facet normal 0 -0.946967 -0.32133
    outer loop
      vertex -21.45 -6.93748 18.2847
      vertex -20.25 -6.98373 18.421
      vertex -21.45 -6.98373 18.421
    endloop
  endfacet
  facet normal 0 -0.946967 -0.32133
    outer loop
      vertex -20.25 -6.98373 18.421
      vertex -21.45 -6.93748 18.2847
      vertex -20.25 -6.93748 18.2847
    endloop
  endfacet
  facet normal 0 -0.555374 0.831601
    outer loop
      vertex -21.45 -7.33036 17.1273
      vertex -20.25 -7.45 17.0474
      vertex -20.25 -7.33036 17.1273
    endloop
  endfacet
  facet normal 0 -0.555374 0.831601
    outer loop
      vertex -20.25 -7.45 17.0474
      vertex -21.45 -7.33036 17.1273
      vertex -21.45 -7.45 17.0474
    endloop
  endfacet
  facet normal 0 -0.946967 0.32133
    outer loop
      vertex -21.45 -6.98373 17.579
      vertex -20.25 -6.93748 17.7153
      vertex -21.45 -6.93748 17.7153
    endloop
  endfacet
  facet normal 0 -0.946967 0.32133
    outer loop
      vertex -20.25 -6.93748 17.7153
      vertex -21.45 -6.98373 17.579
      vertex -20.25 -6.98373 17.579
    endloop
  endfacet
  facet normal 0 0.99786 -0.065389
    outer loop
      vertex -20.25 -9.1 18
      vertex -21.45 -9.09059 18.1436
      vertex -20.25 -9.09059 18.1436
    endloop
  endfacet
  facet normal 0 0.99786 -0.065389
    outer loop
      vertex -21.45 -9.09059 18.1436
      vertex -20.25 -9.1 18
      vertex -21.45 -9.1 18
    endloop
  endfacet
  facet normal -0 0.321124 0.947037
    outer loop
      vertex -21.45 -8.2847 16.9375
      vertex -20.25 -8.42095 16.9837
      vertex -20.25 -8.2847 16.9375
    endloop
  endfacet
  facet normal 0 0.321124 0.947037
    outer loop
      vertex -20.25 -8.42095 16.9837
      vertex -21.45 -8.2847 16.9375
      vertex -21.45 -8.42095 16.9837
    endloop
  endfacet
  facet normal 0 0.442622 -0.896708
    outer loop
      vertex -21.45 -8.55 18.9526
      vertex -20.25 -8.42095 19.0163
      vertex -20.25 -8.55 18.9526
    endloop
  endfacet
  facet normal 0 0.442622 -0.896708
    outer loop
      vertex -20.25 -8.42095 19.0163
      vertex -21.45 -8.55 18.9526
      vertex -21.45 -8.42095 19.0163
    endloop
  endfacet
  facet normal 0 -0.442622 0.896708
    outer loop
      vertex -21.45 -7.45 17.0474
      vertex -20.25 -7.57905 16.9837
      vertex -20.25 -7.45 17.0474
    endloop
  endfacet
  facet normal 0 -0.442622 0.896708
    outer loop
      vertex -20.25 -7.57905 16.9837
      vertex -21.45 -7.45 17.0474
      vertex -21.45 -7.57905 16.9837
    endloop
  endfacet
  facet normal -0 0.442622 0.896708
    outer loop
      vertex -21.45 -8.42095 16.9837
      vertex -20.25 -8.55 17.0474
      vertex -20.25 -8.42095 16.9837
    endloop
  endfacet
  facet normal 0 0.442622 0.896708
    outer loop
      vertex -20.25 -8.55 17.0474
      vertex -21.45 -8.42095 16.9837
      vertex -21.45 -8.55 17.0474
    endloop
  endfacet
  facet normal 0 0.831387 -0.555694
    outer loop
      vertex -20.25 -8.95263 18.55
      vertex -21.45 -8.87269 18.6696
      vertex -20.25 -8.87269 18.6696
    endloop
  endfacet
  facet normal 0 0.831387 -0.555694
    outer loop
      vertex -21.45 -8.87269 18.6696
      vertex -20.25 -8.95263 18.55
      vertex -21.45 -8.95263 18.55
    endloop
  endfacet
  facet normal -0 0.555374 0.831601
    outer loop
      vertex -21.45 -8.55 17.0474
      vertex -20.25 -8.66964 17.1273
      vertex -20.25 -8.55 17.0474
    endloop
  endfacet
  facet normal 0 0.555374 0.831601
    outer loop
      vertex -20.25 -8.66964 17.1273
      vertex -21.45 -8.55 17.0474
      vertex -21.45 -8.66964 17.1273
    endloop
  endfacet
  facet normal 0 -0.980781 -0.195113
    outer loop
      vertex -21.45 9.09059 18.1436
      vertex -20.25 9.06252 18.2847
      vertex -21.45 9.06252 18.2847
    endloop
  endfacet
  facet normal 0 -0.980781 -0.195113
    outer loop
      vertex -20.25 9.06252 18.2847
      vertex -21.45 9.09059 18.1436
      vertex -20.25 9.09059 18.1436
    endloop
  endfacet
  facet normal 0 -0.99786 -0.065389
    outer loop
      vertex -21.45 9.1 18
      vertex -20.25 9.09059 18.1436
      vertex -21.45 9.09059 18.1436
    endloop
  endfacet
  facet normal 0 -0.99786 -0.065389
    outer loop
      vertex -20.25 9.09059 18.1436
      vertex -21.45 9.1 18
      vertex -20.25 9.1 18
    endloop
  endfacet
  facet normal 0 -0.321124 -0.947037
    outer loop
      vertex -21.45 8.2847 19.0625
      vertex -20.25 8.42095 19.0163
      vertex -20.25 8.2847 19.0625
    endloop
  endfacet
  facet normal -0 -0.321124 -0.947037
    outer loop
      vertex -20.25 8.42095 19.0163
      vertex -21.45 8.2847 19.0625
      vertex -21.45 8.42095 19.0163
    endloop
  endfacet
  facet normal 0 -0.555374 0.831601
    outer loop
      vertex -21.45 8.66964 17.1273
      vertex -20.25 8.55 17.0474
      vertex -20.25 8.66964 17.1273
    endloop
  endfacet
  facet normal 0 -0.555374 0.831601
    outer loop
      vertex -20.25 8.55 17.0474
      vertex -21.45 8.66964 17.1273
      vertex -21.45 8.55 17.0474
    endloop
  endfacet
  facet normal 0 -0.659458 -0.751741
    outer loop
      vertex -21.45 8.66964 18.8727
      vertex -20.25 8.77782 18.7778
      vertex -20.25 8.66964 18.8727
    endloop
  endfacet
  facet normal -0 -0.659458 -0.751741
    outer loop
      vertex -20.25 8.77782 18.7778
      vertex -21.45 8.66964 18.8727
      vertex -21.45 8.77782 18.7778
    endloop
  endfacet
  facet normal -0 0.195287 0.980746
    outer loop
      vertex -21.45 7.85642 16.9094
      vertex -20.25 7.7153 16.9375
      vertex -20.25 7.85642 16.9094
    endloop
  endfacet
  facet normal 0 0.195287 0.980746
    outer loop
      vertex -20.25 7.7153 16.9375
      vertex -21.45 7.85642 16.9094
      vertex -21.45 7.7153 16.9375
    endloop
  endfacet
  facet normal 0 -0.751905 0.659272
    outer loop
      vertex -21.45 8.77782 17.2222
      vertex -20.25 8.87269 17.3304
      vertex -21.45 8.87269 17.3304
    endloop
  endfacet
  facet normal 0 -0.751905 0.659272
    outer loop
      vertex -20.25 8.87269 17.3304
      vertex -21.45 8.77782 17.2222
      vertex -20.25 8.77782 17.2222
    endloop
  endfacet
  facet normal 0 0.946967 -0.32133
    outer loop
      vertex -20.25 6.93748 18.2847
      vertex -21.45 6.98373 18.421
      vertex -20.25 6.98373 18.421
    endloop
  endfacet
  facet normal 0 0.946967 -0.32133
    outer loop
      vertex -21.45 6.98373 18.421
      vertex -20.25 6.93748 18.2847
      vertex -21.45 6.93748 18.2847
    endloop
  endfacet
  facet normal 0 -0.0653289 -0.997864
    outer loop
      vertex -21.45 8 19.1
      vertex -20.25 8.14358 19.0906
      vertex -20.25 8 19.1
    endloop
  endfacet
  facet normal -0 -0.0653289 -0.997864
    outer loop
      vertex -20.25 8.14358 19.0906
      vertex -21.45 8 19.1
      vertex -21.45 8.14358 19.0906
    endloop
  endfacet
  facet normal 0 0.321124 -0.947037
    outer loop
      vertex -21.45 7.57905 19.0163
      vertex -20.25 7.7153 19.0625
      vertex -20.25 7.57905 19.0163
    endloop
  endfacet
  facet normal 0 0.321124 -0.947037
    outer loop
      vertex -20.25 7.7153 19.0625
      vertex -21.45 7.57905 19.0163
      vertex -21.45 7.7153 19.0625
    endloop
  endfacet
  facet normal 0 0.99786 0.065389
    outer loop
      vertex -20.25 6.90941 17.8564
      vertex -21.45 6.9 18
      vertex -20.25 6.9 18
    endloop
  endfacet
  facet normal 0 0.99786 0.065389
    outer loop
      vertex -21.45 6.9 18
      vertex -20.25 6.90941 17.8564
      vertex -21.45 6.90941 17.8564
    endloop
  endfacet
  facet normal -0 0.0653289 0.997864
    outer loop
      vertex -21.45 8 16.9
      vertex -20.25 7.85642 16.9094
      vertex -20.25 8 16.9
    endloop
  endfacet
  facet normal 0 0.0653289 0.997864
    outer loop
      vertex -20.25 7.85642 16.9094
      vertex -21.45 8 16.9
      vertex -21.45 7.85642 16.9094
    endloop
  endfacet
  facet normal 0 -0.99786 0.065389
    outer loop
      vertex -21.45 9.09059 17.8564
      vertex -20.25 9.1 18
      vertex -21.45 9.1 18
    endloop
  endfacet
  facet normal 0 -0.99786 0.065389
    outer loop
      vertex -20.25 9.1 18
      vertex -21.45 9.09059 17.8564
      vertex -20.25 9.09059 17.8564
    endloop
  endfacet
  facet normal 0 -0.751905 -0.659272
    outer loop
      vertex -21.45 8.87269 18.6696
      vertex -20.25 8.77782 18.7778
      vertex -21.45 8.77782 18.7778
    endloop
  endfacet
  facet normal 0 -0.751905 -0.659272
    outer loop
      vertex -20.25 8.77782 18.7778
      vertex -21.45 8.87269 18.6696
      vertex -20.25 8.87269 18.6696
    endloop
  endfacet
  facet normal 0 0.946967 0.32133
    outer loop
      vertex -20.25 6.98373 17.579
      vertex -21.45 6.93748 17.7153
      vertex -20.25 6.93748 17.7153
    endloop
  endfacet
  facet normal 0 0.946967 0.32133
    outer loop
      vertex -21.45 6.93748 17.7153
      vertex -20.25 6.98373 17.579
      vertex -21.45 6.98373 17.579
    endloop
  endfacet
  facet normal 0 0.980781 0.195113
    outer loop
      vertex -20.25 6.93748 17.7153
      vertex -21.45 6.90941 17.8564
      vertex -20.25 6.90941 17.8564
    endloop
  endfacet
  facet normal 0 0.980781 0.195113
    outer loop
      vertex -21.45 6.90941 17.8564
      vertex -20.25 6.93748 17.7153
      vertex -21.45 6.93748 17.7153
    endloop
  endfacet
  facet normal 0 -0.195287 -0.980746
    outer loop
      vertex -21.45 8.14358 19.0906
      vertex -20.25 8.2847 19.0625
      vertex -20.25 8.14358 19.0906
    endloop
  endfacet
  facet normal -0 -0.195287 -0.980746
    outer loop
      vertex -20.25 8.2847 19.0625
      vertex -21.45 8.14358 19.0906
      vertex -21.45 8.2847 19.0625
    endloop
  endfacet
  facet normal 0 0.751905 0.659272
    outer loop
      vertex -20.25 7.22218 17.2222
      vertex -21.45 7.12731 17.3304
      vertex -20.25 7.12731 17.3304
    endloop
  endfacet
  facet normal 0 0.751905 0.659272
    outer loop
      vertex -21.45 7.12731 17.3304
      vertex -20.25 7.22218 17.2222
      vertex -21.45 7.22218 17.2222
    endloop
  endfacet
  facet normal 0 0.659458 -0.751741
    outer loop
      vertex -21.45 7.22218 18.7778
      vertex -20.25 7.33036 18.8727
      vertex -20.25 7.22218 18.7778
    endloop
  endfacet
  facet normal 0 0.659458 -0.751741
    outer loop
      vertex -20.25 7.33036 18.8727
      vertex -21.45 7.22218 18.7778
      vertex -21.45 7.33036 18.8727
    endloop
  endfacet
  facet normal 0 0.896806 -0.442424
    outer loop
      vertex -20.25 6.98373 18.421
      vertex -21.45 7.04737 18.55
      vertex -20.25 7.04737 18.55
    endloop
  endfacet
  facet normal 0 0.896806 -0.442424
    outer loop
      vertex -21.45 7.04737 18.55
      vertex -20.25 6.98373 18.421
      vertex -21.45 6.98373 18.421
    endloop
  endfacet
  facet normal 0 -0.831387 0.555694
    outer loop
      vertex -21.45 8.87269 17.3304
      vertex -20.25 8.95263 17.45
      vertex -21.45 8.95263 17.45
    endloop
  endfacet
  facet normal 0 -0.831387 0.555694
    outer loop
      vertex -20.25 8.95263 17.45
      vertex -21.45 8.87269 17.3304
      vertex -20.25 8.87269 17.3304
    endloop
  endfacet
  facet normal 0 -0.831387 -0.555694
    outer loop
      vertex -21.45 8.95263 18.55
      vertex -20.25 8.87269 18.6696
      vertex -21.45 8.87269 18.6696
    endloop
  endfacet
  facet normal 0 -0.831387 -0.555694
    outer loop
      vertex -20.25 8.87269 18.6696
      vertex -21.45 8.95263 18.55
      vertex -20.25 8.95263 18.55
    endloop
  endfacet
  facet normal 0 0.751905 -0.659272
    outer loop
      vertex -20.25 7.12731 18.6696
      vertex -21.45 7.22218 18.7778
      vertex -20.25 7.22218 18.7778
    endloop
  endfacet
  facet normal 0 0.751905 -0.659272
    outer loop
      vertex -21.45 7.22218 18.7778
      vertex -20.25 7.12731 18.6696
      vertex -21.45 7.12731 18.6696
    endloop
  endfacet
  facet normal 0 -0.659458 0.751741
    outer loop
      vertex -21.45 8.77782 17.2222
      vertex -20.25 8.66964 17.1273
      vertex -20.25 8.77782 17.2222
    endloop
  endfacet
  facet normal 0 -0.659458 0.751741
    outer loop
      vertex -20.25 8.66964 17.1273
      vertex -21.45 8.77782 17.2222
      vertex -21.45 8.66964 17.1273
    endloop
  endfacet
  facet normal 0 0.831387 0.555694
    outer loop
      vertex -20.25 7.12731 17.3304
      vertex -21.45 7.04737 17.45
      vertex -20.25 7.04737 17.45
    endloop
  endfacet
  facet normal 0 0.831387 0.555694
    outer loop
      vertex -21.45 7.04737 17.45
      vertex -20.25 7.12731 17.3304
      vertex -21.45 7.12731 17.3304
    endloop
  endfacet
  facet normal 0 0.195287 -0.980746
    outer loop
      vertex -21.45 7.7153 19.0625
      vertex -20.25 7.85642 19.0906
      vertex -20.25 7.7153 19.0625
    endloop
  endfacet
  facet normal 0 0.195287 -0.980746
    outer loop
      vertex -20.25 7.85642 19.0906
      vertex -21.45 7.7153 19.0625
      vertex -21.45 7.85642 19.0906
    endloop
  endfacet
  facet normal 0 -0.946967 0.32133
    outer loop
      vertex -21.45 9.01627 17.579
      vertex -20.25 9.06252 17.7153
      vertex -21.45 9.06252 17.7153
    endloop
  endfacet
  facet normal 0 -0.946967 0.32133
    outer loop
      vertex -20.25 9.06252 17.7153
      vertex -21.45 9.01627 17.579
      vertex -20.25 9.01627 17.579
    endloop
  endfacet
  facet normal 0 -0.442622 -0.896708
    outer loop
      vertex -21.45 8.42095 19.0163
      vertex -20.25 8.55 18.9526
      vertex -20.25 8.42095 19.0163
    endloop
  endfacet
  facet normal -0 -0.442622 -0.896708
    outer loop
      vertex -20.25 8.55 18.9526
      vertex -21.45 8.42095 19.0163
      vertex -21.45 8.55 18.9526
    endloop
  endfacet
  facet normal 0 0.0653289 -0.997864
    outer loop
      vertex -21.45 7.85642 19.0906
      vertex -20.25 8 19.1
      vertex -20.25 7.85642 19.0906
    endloop
  endfacet
  facet normal 0 0.0653289 -0.997864
    outer loop
      vertex -20.25 8 19.1
      vertex -21.45 7.85642 19.0906
      vertex -21.45 8 19.1
    endloop
  endfacet
  facet normal 0 -0.0653289 0.997864
    outer loop
      vertex -21.45 8.14358 16.9094
      vertex -20.25 8 16.9
      vertex -20.25 8.14358 16.9094
    endloop
  endfacet
  facet normal 0 -0.0653289 0.997864
    outer loop
      vertex -20.25 8 16.9
      vertex -21.45 8.14358 16.9094
      vertex -21.45 8 16.9
    endloop
  endfacet
  facet normal 0 -0.555374 -0.831601
    outer loop
      vertex -21.45 8.55 18.9526
      vertex -20.25 8.66964 18.8727
      vertex -20.25 8.55 18.9526
    endloop
  endfacet
  facet normal -0 -0.555374 -0.831601
    outer loop
      vertex -20.25 8.66964 18.8727
      vertex -21.45 8.55 18.9526
      vertex -21.45 8.66964 18.8727
    endloop
  endfacet
  facet normal 0 0.896806 0.442424
    outer loop
      vertex -20.25 7.04737 17.45
      vertex -21.45 6.98373 17.579
      vertex -20.25 6.98373 17.579
    endloop
  endfacet
  facet normal 0 0.896806 0.442424
    outer loop
      vertex -21.45 6.98373 17.579
      vertex -20.25 7.04737 17.45
      vertex -21.45 7.04737 17.45
    endloop
  endfacet
  facet normal -0 0.659458 0.751741
    outer loop
      vertex -21.45 7.33036 17.1273
      vertex -20.25 7.22218 17.2222
      vertex -20.25 7.33036 17.1273
    endloop
  endfacet
  facet normal 0 0.659458 0.751741
    outer loop
      vertex -20.25 7.22218 17.2222
      vertex -21.45 7.33036 17.1273
      vertex -21.45 7.22218 17.2222
    endloop
  endfacet
  facet normal 0 0.980781 -0.195113
    outer loop
      vertex -20.25 6.90941 18.1436
      vertex -21.45 6.93748 18.2847
      vertex -20.25 6.93748 18.2847
    endloop
  endfacet
  facet normal 0 0.980781 -0.195113
    outer loop
      vertex -21.45 6.93748 18.2847
      vertex -20.25 6.90941 18.1436
      vertex -21.45 6.90941 18.1436
    endloop
  endfacet
  facet normal 0 -0.896806 -0.442424
    outer loop
      vertex -21.45 9.01627 18.421
      vertex -20.25 8.95263 18.55
      vertex -21.45 8.95263 18.55
    endloop
  endfacet
  facet normal 0 -0.896806 -0.442424
    outer loop
      vertex -20.25 8.95263 18.55
      vertex -21.45 9.01627 18.421
      vertex -20.25 9.01627 18.421
    endloop
  endfacet
  facet normal 0 -0.195287 0.980746
    outer loop
      vertex -21.45 8.2847 16.9375
      vertex -20.25 8.14358 16.9094
      vertex -20.25 8.2847 16.9375
    endloop
  endfacet
  facet normal 0 -0.195287 0.980746
    outer loop
      vertex -20.25 8.14358 16.9094
      vertex -21.45 8.2847 16.9375
      vertex -21.45 8.14358 16.9094
    endloop
  endfacet
  facet normal 0 -0.896806 0.442424
    outer loop
      vertex -21.45 8.95263 17.45
      vertex -20.25 9.01627 17.579
      vertex -21.45 9.01627 17.579
    endloop
  endfacet
  facet normal 0 -0.896806 0.442424
    outer loop
      vertex -20.25 9.01627 17.579
      vertex -21.45 8.95263 17.45
      vertex -20.25 8.95263 17.45
    endloop
  endfacet
  facet normal 0 -0.980781 0.195113
    outer loop
      vertex -21.45 9.06252 17.7153
      vertex -20.25 9.09059 17.8564
      vertex -21.45 9.09059 17.8564
    endloop
  endfacet
  facet normal 0 -0.980781 0.195113
    outer loop
      vertex -20.25 9.09059 17.8564
      vertex -21.45 9.06252 17.7153
      vertex -20.25 9.06252 17.7153
    endloop
  endfacet
  facet normal 0 0.555374 -0.831601
    outer loop
      vertex -21.45 7.33036 18.8727
      vertex -20.25 7.45 18.9526
      vertex -20.25 7.33036 18.8727
    endloop
  endfacet
  facet normal 0 0.555374 -0.831601
    outer loop
      vertex -20.25 7.45 18.9526
      vertex -21.45 7.33036 18.8727
      vertex -21.45 7.45 18.9526
    endloop
  endfacet
  facet normal 0 -0.946967 -0.32133
    outer loop
      vertex -21.45 9.06252 18.2847
      vertex -20.25 9.01627 18.421
      vertex -21.45 9.01627 18.421
    endloop
  endfacet
  facet normal 0 -0.946967 -0.32133
    outer loop
      vertex -20.25 9.01627 18.421
      vertex -21.45 9.06252 18.2847
      vertex -20.25 9.06252 18.2847
    endloop
  endfacet
  facet normal 0 -0.321124 0.947037
    outer loop
      vertex -21.45 8.42095 16.9837
      vertex -20.25 8.2847 16.9375
      vertex -20.25 8.42095 16.9837
    endloop
  endfacet
  facet normal 0 -0.321124 0.947037
    outer loop
      vertex -20.25 8.2847 16.9375
      vertex -21.45 8.42095 16.9837
      vertex -21.45 8.2847 16.9375
    endloop
  endfacet
  facet normal 0 -0.442622 0.896708
    outer loop
      vertex -21.45 8.55 17.0474
      vertex -20.25 8.42095 16.9837
      vertex -20.25 8.55 17.0474
    endloop
  endfacet
  facet normal 0 -0.442622 0.896708
    outer loop
      vertex -20.25 8.42095 16.9837
      vertex -21.45 8.55 17.0474
      vertex -21.45 8.42095 16.9837
    endloop
  endfacet
  facet normal 0 0.99786 -0.065389
    outer loop
      vertex -20.25 6.9 18
      vertex -21.45 6.90941 18.1436
      vertex -20.25 6.90941 18.1436
    endloop
  endfacet
  facet normal 0 0.99786 -0.065389
    outer loop
      vertex -21.45 6.90941 18.1436
      vertex -20.25 6.9 18
      vertex -21.45 6.9 18
    endloop
  endfacet
  facet normal -0 0.321124 0.947037
    outer loop
      vertex -21.45 7.7153 16.9375
      vertex -20.25 7.57905 16.9837
      vertex -20.25 7.7153 16.9375
    endloop
  endfacet
  facet normal 0 0.321124 0.947037
    outer loop
      vertex -20.25 7.57905 16.9837
      vertex -21.45 7.7153 16.9375
      vertex -21.45 7.57905 16.9837
    endloop
  endfacet
  facet normal 0 0.442622 -0.896708
    outer loop
      vertex -21.45 7.45 18.9526
      vertex -20.25 7.57905 19.0163
      vertex -20.25 7.45 18.9526
    endloop
  endfacet
  facet normal 0 0.442622 -0.896708
    outer loop
      vertex -20.25 7.57905 19.0163
      vertex -21.45 7.45 18.9526
      vertex -21.45 7.57905 19.0163
    endloop
  endfacet
  facet normal 0 0.831387 -0.555694
    outer loop
      vertex -20.25 7.04737 18.55
      vertex -21.45 7.12731 18.6696
      vertex -20.25 7.12731 18.6696
    endloop
  endfacet
  facet normal 0 0.831387 -0.555694
    outer loop
      vertex -21.45 7.12731 18.6696
      vertex -20.25 7.04737 18.55
      vertex -21.45 7.04737 18.55
    endloop
  endfacet
  facet normal -0 0.442622 0.896708
    outer loop
      vertex -21.45 7.57905 16.9837
      vertex -20.25 7.45 17.0474
      vertex -20.25 7.57905 16.9837
    endloop
  endfacet
  facet normal 0 0.442622 0.896708
    outer loop
      vertex -20.25 7.45 17.0474
      vertex -21.45 7.57905 16.9837
      vertex -21.45 7.45 17.0474
    endloop
  endfacet
  facet normal -0 0.555374 0.831601
    outer loop
      vertex -21.45 7.45 17.0474
      vertex -20.25 7.33036 17.1273
      vertex -20.25 7.45 17.0474
    endloop
  endfacet
  facet normal 0 0.555374 0.831601
    outer loop
      vertex -20.25 7.33036 17.1273
      vertex -21.45 7.45 17.0474
      vertex -21.45 7.33036 17.1273
    endloop
  endfacet
  facet normal 0 -0.980741 -0.195314
    outer loop
      vertex -21.45 -10.9094 18.1436
      vertex -20.25 -10.9375 18.2847
      vertex -21.45 -10.9375 18.2847
    endloop
  endfacet
  facet normal 0 -0.980741 -0.195314
    outer loop
      vertex -20.25 -10.9375 18.2847
      vertex -21.45 -10.9094 18.1436
      vertex -20.25 -10.9094 18.1436
    endloop
  endfacet
  facet normal 0 -0.997864 -0.0653198
    outer loop
      vertex -21.45 -10.9 18
      vertex -20.25 -10.9094 18.1436
      vertex -21.45 -10.9094 18.1436
    endloop
  endfacet
  facet normal 0 -0.997864 -0.0653198
    outer loop
      vertex -20.25 -10.9094 18.1436
      vertex -21.45 -10.9 18
      vertex -20.25 -10.9 18
    endloop
  endfacet
  facet normal 0 -0.321018 -0.947073
    outer loop
      vertex -21.45 -11.7153 19.0625
      vertex -20.25 -11.579 19.0163
      vertex -20.25 -11.7153 19.0625
    endloop
  endfacet
  facet normal -0 -0.321018 -0.947073
    outer loop
      vertex -20.25 -11.579 19.0163
      vertex -21.45 -11.7153 19.0625
      vertex -21.45 -11.579 19.0163
    endloop
  endfacet
  facet normal -0 0.195314 0.980741
    outer loop
      vertex -21.45 -12.1436 16.9094
      vertex -20.25 -12.2847 16.9375
      vertex -20.25 -12.1436 16.9094
    endloop
  endfacet
  facet normal 0 0.195314 0.980741
    outer loop
      vertex -20.25 -12.2847 16.9375
      vertex -21.45 -12.1436 16.9094
      vertex -21.45 -12.2847 16.9375
    endloop
  endfacet
  facet normal -0 0.65939 0.751801
    outer loop
      vertex -21.45 -12.6696 17.1273
      vertex -20.25 -12.7778 17.2222
      vertex -20.25 -12.6696 17.1273
    endloop
  endfacet
  facet normal 0 0.65939 0.751801
    outer loop
      vertex -20.25 -12.7778 17.2222
      vertex -21.45 -12.6696 17.1273
      vertex -21.45 -12.7778 17.2222
    endloop
  endfacet
  facet normal 0 -0.751801 0.65939
    outer loop
      vertex -21.45 -11.2222 17.2222
      vertex -20.25 -11.1273 17.3304
      vertex -21.45 -11.1273 17.3304
    endloop
  endfacet
  facet normal 0 -0.751801 0.65939
    outer loop
      vertex -20.25 -11.1273 17.3304
      vertex -21.45 -11.2222 17.2222
      vertex -20.25 -11.2222 17.2222
    endloop
  endfacet
  facet normal 0 0.947073 -0.321018
    outer loop
      vertex -20.25 -13.0625 18.2847
      vertex -21.45 -13.0163 18.421
      vertex -20.25 -13.0163 18.421
    endloop
  endfacet
  facet normal 0 0.947073 -0.321018
    outer loop
      vertex -21.45 -13.0163 18.421
      vertex -20.25 -13.0625 18.2847
      vertex -21.45 -13.0625 18.2847
    endloop
  endfacet
  facet normal 0 -0.321018 0.947073
    outer loop
      vertex -21.45 -11.579 16.9837
      vertex -20.25 -11.7153 16.9375
      vertex -20.25 -11.579 16.9837
    endloop
  endfacet
  facet normal 0 -0.321018 0.947073
    outer loop
      vertex -20.25 -11.7153 16.9375
      vertex -21.45 -11.579 16.9837
      vertex -21.45 -11.7153 16.9375
    endloop
  endfacet
  facet normal 0 0.321018 -0.947073
    outer loop
      vertex -21.45 -12.421 19.0163
      vertex -20.25 -12.2847 19.0625
      vertex -20.25 -12.421 19.0163
    endloop
  endfacet
  facet normal 0 0.321018 -0.947073
    outer loop
      vertex -20.25 -12.2847 19.0625
      vertex -21.45 -12.421 19.0163
      vertex -21.45 -12.2847 19.0625
    endloop
  endfacet
  facet normal 0 -0.65939 -0.751801
    outer loop
      vertex -21.45 -11.3304 18.8727
      vertex -20.25 -11.2222 18.7778
      vertex -20.25 -11.3304 18.8727
    endloop
  endfacet
  facet normal -0 -0.65939 -0.751801
    outer loop
      vertex -20.25 -11.2222 18.7778
      vertex -21.45 -11.3304 18.8727
      vertex -21.45 -11.2222 18.7778
    endloop
  endfacet
  facet normal 0 0.997864 0.0653198
    outer loop
      vertex -20.25 -13.0906 17.8564
      vertex -21.45 -13.1 18
      vertex -20.25 -13.1 18
    endloop
  endfacet
  facet normal 0 0.997864 0.0653198
    outer loop
      vertex -21.45 -13.1 18
      vertex -20.25 -13.0906 17.8564
      vertex -21.45 -13.0906 17.8564
    endloop
  endfacet
  facet normal -0 0.0653198 0.997864
    outer loop
      vertex -21.45 -12 16.9
      vertex -20.25 -12.1436 16.9094
      vertex -20.25 -12 16.9
    endloop
  endfacet
  facet normal 0 0.0653198 0.997864
    outer loop
      vertex -20.25 -12.1436 16.9094
      vertex -21.45 -12 16.9
      vertex -21.45 -12.1436 16.9094
    endloop
  endfacet
  facet normal 0 -0.980741 0.195314
    outer loop
      vertex -21.45 -10.9375 17.7153
      vertex -20.25 -10.9094 17.8564
      vertex -21.45 -10.9094 17.8564
    endloop
  endfacet
  facet normal 0 -0.980741 0.195314
    outer loop
      vertex -20.25 -10.9094 17.8564
      vertex -21.45 -10.9375 17.7153
      vertex -20.25 -10.9375 17.7153
    endloop
  endfacet
  facet normal 0 -0.751801 -0.65939
    outer loop
      vertex -21.45 -11.1273 18.6696
      vertex -20.25 -11.2222 18.7778
      vertex -21.45 -11.2222 18.7778
    endloop
  endfacet
  facet normal 0 -0.751801 -0.65939
    outer loop
      vertex -20.25 -11.2222 18.7778
      vertex -21.45 -11.1273 18.6696
      vertex -20.25 -11.1273 18.6696
    endloop
  endfacet
  facet normal 0 0.980741 -0.195314
    outer loop
      vertex -20.25 -13.0906 18.1436
      vertex -21.45 -13.0625 18.2847
      vertex -20.25 -13.0625 18.2847
    endloop
  endfacet
  facet normal 0 0.980741 -0.195314
    outer loop
      vertex -21.45 -13.0625 18.2847
      vertex -20.25 -13.0906 18.1436
      vertex -21.45 -13.0906 18.1436
    endloop
  endfacet
  facet normal 0 -0.89664 0.44276
    outer loop
      vertex -21.45 -11.0474 17.45
      vertex -20.25 -10.9837 17.579
      vertex -21.45 -10.9837 17.579
    endloop
  endfacet
  facet normal 0 -0.89664 0.44276
    outer loop
      vertex -20.25 -10.9837 17.579
      vertex -21.45 -11.0474 17.45
      vertex -20.25 -11.0474 17.45
    endloop
  endfacet
  facet normal 0 0.947073 0.321018
    outer loop
      vertex -20.25 -13.0163 17.579
      vertex -21.45 -13.0625 17.7153
      vertex -20.25 -13.0625 17.7153
    endloop
  endfacet
  facet normal 0 0.947073 0.321018
    outer loop
      vertex -21.45 -13.0625 17.7153
      vertex -20.25 -13.0163 17.579
      vertex -21.45 -13.0163 17.579
    endloop
  endfacet
  facet normal 0 0.980741 0.195314
    outer loop
      vertex -20.25 -13.0625 17.7153
      vertex -21.45 -13.0906 17.8564
      vertex -20.25 -13.0906 17.8564
    endloop
  endfacet
  facet normal 0 0.980741 0.195314
    outer loop
      vertex -21.45 -13.0906 17.8564
      vertex -20.25 -13.0625 17.7153
      vertex -21.45 -13.0625 17.7153
    endloop
  endfacet
  facet normal 0 -0.195314 -0.980741
    outer loop
      vertex -21.45 -11.8564 19.0906
      vertex -20.25 -11.7153 19.0625
      vertex -20.25 -11.8564 19.0906
    endloop
  endfacet
  facet normal -0 -0.195314 -0.980741
    outer loop
      vertex -20.25 -11.7153 19.0625
      vertex -21.45 -11.8564 19.0906
      vertex -21.45 -11.7153 19.0625
    endloop
  endfacet
  facet normal 0 0.751801 0.65939
    outer loop
      vertex -20.25 -12.7778 17.2222
      vertex -21.45 -12.8727 17.3304
      vertex -20.25 -12.8727 17.3304
    endloop
  endfacet
  facet normal 0 0.751801 0.65939
    outer loop
      vertex -21.45 -12.8727 17.3304
      vertex -20.25 -12.7778 17.2222
      vertex -21.45 -12.7778 17.2222
    endloop
  endfacet
  facet normal 0 0.65939 -0.751801
    outer loop
      vertex -21.45 -12.7778 18.7778
      vertex -20.25 -12.6696 18.8727
      vertex -20.25 -12.7778 18.7778
    endloop
  endfacet
  facet normal 0 0.65939 -0.751801
    outer loop
      vertex -20.25 -12.6696 18.8727
      vertex -21.45 -12.7778 18.7778
      vertex -21.45 -12.6696 18.8727
    endloop
  endfacet
  facet normal 0 0.89664 -0.44276
    outer loop
      vertex -20.25 -13.0163 18.421
      vertex -21.45 -12.9526 18.55
      vertex -20.25 -12.9526 18.55
    endloop
  endfacet
  facet normal 0 0.89664 -0.44276
    outer loop
      vertex -21.45 -12.9526 18.55
      vertex -20.25 -13.0163 18.421
      vertex -21.45 -13.0163 18.421
    endloop
  endfacet
  facet normal 0 -0.831515 0.555502
    outer loop
      vertex -21.45 -11.1273 17.3304
      vertex -20.25 -11.0474 17.45
      vertex -21.45 -11.0474 17.45
    endloop
  endfacet
  facet normal 0 -0.831515 0.555502
    outer loop
      vertex -20.25 -11.0474 17.45
      vertex -21.45 -11.1273 17.3304
      vertex -20.25 -11.1273 17.3304
    endloop
  endfacet
  facet normal 0 -0.831515 -0.555502
    outer loop
      vertex -21.45 -11.0474 18.55
      vertex -20.25 -11.1273 18.6696
      vertex -21.45 -11.1273 18.6696
    endloop
  endfacet
  facet normal 0 -0.831515 -0.555502
    outer loop
      vertex -20.25 -11.1273 18.6696
      vertex -21.45 -11.0474 18.55
      vertex -20.25 -11.0474 18.55
    endloop
  endfacet
  facet normal 0 -0.65939 0.751801
    outer loop
      vertex -21.45 -11.2222 17.2222
      vertex -20.25 -11.3304 17.1273
      vertex -20.25 -11.2222 17.2222
    endloop
  endfacet
  facet normal 0 -0.65939 0.751801
    outer loop
      vertex -20.25 -11.3304 17.1273
      vertex -21.45 -11.2222 17.2222
      vertex -21.45 -11.3304 17.1273
    endloop
  endfacet
  facet normal 0 0.831515 0.555502
    outer loop
      vertex -20.25 -12.8727 17.3304
      vertex -21.45 -12.9526 17.45
      vertex -20.25 -12.9526 17.45
    endloop
  endfacet
  facet normal 0 0.831515 0.555502
    outer loop
      vertex -21.45 -12.9526 17.45
      vertex -20.25 -12.8727 17.3304
      vertex -21.45 -12.8727 17.3304
    endloop
  endfacet
  facet normal 0 -0.997864 0.0653198
    outer loop
      vertex -21.45 -10.9094 17.8564
      vertex -20.25 -10.9 18
      vertex -21.45 -10.9 18
    endloop
  endfacet
  facet normal 0 -0.997864 0.0653198
    outer loop
      vertex -20.25 -10.9 18
      vertex -21.45 -10.9094 17.8564
      vertex -20.25 -10.9094 17.8564
    endloop
  endfacet
  facet normal 0 0.195314 -0.980741
    outer loop
      vertex -21.45 -12.2847 19.0625
      vertex -20.25 -12.1436 19.0906
      vertex -20.25 -12.2847 19.0625
    endloop
  endfacet
  facet normal 0 0.195314 -0.980741
    outer loop
      vertex -20.25 -12.1436 19.0906
      vertex -21.45 -12.2847 19.0625
      vertex -21.45 -12.1436 19.0906
    endloop
  endfacet
  facet normal 0 -0.555502 -0.831515
    outer loop
      vertex -21.45 -11.45 18.9526
      vertex -20.25 -11.3304 18.8727
      vertex -20.25 -11.45 18.9526
    endloop
  endfacet
  facet normal -0 -0.555502 -0.831515
    outer loop
      vertex -20.25 -11.3304 18.8727
      vertex -21.45 -11.45 18.9526
      vertex -21.45 -11.3304 18.8727
    endloop
  endfacet
  facet normal 0 -0.44276 -0.89664
    outer loop
      vertex -21.45 -11.579 19.0163
      vertex -20.25 -11.45 18.9526
      vertex -20.25 -11.579 19.0163
    endloop
  endfacet
  facet normal -0 -0.44276 -0.89664
    outer loop
      vertex -20.25 -11.45 18.9526
      vertex -21.45 -11.579 19.0163
      vertex -21.45 -11.45 18.9526
    endloop
  endfacet
  facet normal 0 0.0653198 -0.997864
    outer loop
      vertex -21.45 -12.1436 19.0906
      vertex -20.25 -12 19.1
      vertex -20.25 -12.1436 19.0906
    endloop
  endfacet
  facet normal 0 0.0653198 -0.997864
    outer loop
      vertex -20.25 -12 19.1
      vertex -21.45 -12.1436 19.0906
      vertex -21.45 -12 19.1
    endloop
  endfacet
  facet normal 0 -0.0653198 0.997864
    outer loop
      vertex -21.45 -11.8564 16.9094
      vertex -20.25 -12 16.9
      vertex -20.25 -11.8564 16.9094
    endloop
  endfacet
  facet normal 0 -0.0653198 0.997864
    outer loop
      vertex -20.25 -12 16.9
      vertex -21.45 -11.8564 16.9094
      vertex -21.45 -12 16.9
    endloop
  endfacet
  facet normal 0 0.89664 0.44276
    outer loop
      vertex -20.25 -12.9526 17.45
      vertex -21.45 -13.0163 17.579
      vertex -20.25 -13.0163 17.579
    endloop
  endfacet
  facet normal 0 0.89664 0.44276
    outer loop
      vertex -21.45 -13.0163 17.579
      vertex -20.25 -12.9526 17.45
      vertex -21.45 -12.9526 17.45
    endloop
  endfacet
  facet normal 0 -0.89664 -0.44276
    outer loop
      vertex -21.45 -10.9837 18.421
      vertex -20.25 -11.0474 18.55
      vertex -21.45 -11.0474 18.55
    endloop
  endfacet
  facet normal 0 -0.89664 -0.44276
    outer loop
      vertex -20.25 -11.0474 18.55
      vertex -21.45 -10.9837 18.421
      vertex -20.25 -10.9837 18.421
    endloop
  endfacet
  facet normal 0 -0.195314 0.980741
    outer loop
      vertex -21.45 -11.7153 16.9375
      vertex -20.25 -11.8564 16.9094
      vertex -20.25 -11.7153 16.9375
    endloop
  endfacet
  facet normal 0 -0.195314 0.980741
    outer loop
      vertex -20.25 -11.8564 16.9094
      vertex -21.45 -11.7153 16.9375
      vertex -21.45 -11.8564 16.9094
    endloop
  endfacet
  facet normal 0 0.751801 -0.65939
    outer loop
      vertex -20.25 -12.8727 18.6696
      vertex -21.45 -12.7778 18.7778
      vertex -20.25 -12.7778 18.7778
    endloop
  endfacet
  facet normal 0 0.751801 -0.65939
    outer loop
      vertex -21.45 -12.7778 18.7778
      vertex -20.25 -12.8727 18.6696
      vertex -21.45 -12.8727 18.6696
    endloop
  endfacet
  facet normal 0 -0.0653198 -0.997864
    outer loop
      vertex -21.45 -12 19.1
      vertex -20.25 -11.8564 19.0906
      vertex -20.25 -12 19.1
    endloop
  endfacet
  facet normal -0 -0.0653198 -0.997864
    outer loop
      vertex -20.25 -11.8564 19.0906
      vertex -21.45 -12 19.1
      vertex -21.45 -11.8564 19.0906
    endloop
  endfacet
  facet normal 0 -0.947073 -0.321018
    outer loop
      vertex -21.45 -10.9375 18.2847
      vertex -20.25 -10.9837 18.421
      vertex -21.45 -10.9837 18.421
    endloop
  endfacet
  facet normal 0 -0.947073 -0.321018
    outer loop
      vertex -20.25 -10.9837 18.421
      vertex -21.45 -10.9375 18.2847
      vertex -20.25 -10.9375 18.2847
    endloop
  endfacet
  facet normal 0 -0.555502 0.831515
    outer loop
      vertex -21.45 -11.3304 17.1273
      vertex -20.25 -11.45 17.0474
      vertex -20.25 -11.3304 17.1273
    endloop
  endfacet
  facet normal 0 -0.555502 0.831515
    outer loop
      vertex -20.25 -11.45 17.0474
      vertex -21.45 -11.3304 17.1273
      vertex -21.45 -11.45 17.0474
    endloop
  endfacet
  facet normal 0 -0.947073 0.321018
    outer loop
      vertex -21.45 -10.9837 17.579
      vertex -20.25 -10.9375 17.7153
      vertex -21.45 -10.9375 17.7153
    endloop
  endfacet
  facet normal 0 -0.947073 0.321018
    outer loop
      vertex -20.25 -10.9375 17.7153
      vertex -21.45 -10.9837 17.579
      vertex -20.25 -10.9837 17.579
    endloop
  endfacet
  facet normal 0 0.997864 -0.0653198
    outer loop
      vertex -20.25 -13.1 18
      vertex -21.45 -13.0906 18.1436
      vertex -20.25 -13.0906 18.1436
    endloop
  endfacet
  facet normal 0 0.997864 -0.0653198
    outer loop
      vertex -21.45 -13.0906 18.1436
      vertex -20.25 -13.1 18
      vertex -21.45 -13.1 18
    endloop
  endfacet
  facet normal -0 0.321018 0.947073
    outer loop
      vertex -21.45 -12.2847 16.9375
      vertex -20.25 -12.421 16.9837
      vertex -20.25 -12.2847 16.9375
    endloop
  endfacet
  facet normal 0 0.321018 0.947073
    outer loop
      vertex -20.25 -12.421 16.9837
      vertex -21.45 -12.2847 16.9375
      vertex -21.45 -12.421 16.9837
    endloop
  endfacet
  facet normal 0 0.44276 -0.89664
    outer loop
      vertex -21.45 -12.55 18.9526
      vertex -20.25 -12.421 19.0163
      vertex -20.25 -12.55 18.9526
    endloop
  endfacet
  facet normal 0 0.44276 -0.89664
    outer loop
      vertex -20.25 -12.421 19.0163
      vertex -21.45 -12.55 18.9526
      vertex -21.45 -12.421 19.0163
    endloop
  endfacet
  facet normal 0 -0.44276 0.89664
    outer loop
      vertex -21.45 -11.45 17.0474
      vertex -20.25 -11.579 16.9837
      vertex -20.25 -11.45 17.0474
    endloop
  endfacet
  facet normal 0 -0.44276 0.89664
    outer loop
      vertex -20.25 -11.579 16.9837
      vertex -21.45 -11.45 17.0474
      vertex -21.45 -11.579 16.9837
    endloop
  endfacet
  facet normal -0 0.44276 0.89664
    outer loop
      vertex -21.45 -12.421 16.9837
      vertex -20.25 -12.55 17.0474
      vertex -20.25 -12.421 16.9837
    endloop
  endfacet
  facet normal 0 0.44276 0.89664
    outer loop
      vertex -20.25 -12.55 17.0474
      vertex -21.45 -12.421 16.9837
      vertex -21.45 -12.55 17.0474
    endloop
  endfacet
  facet normal 0 0.555502 -0.831515
    outer loop
      vertex -21.45 -12.6696 18.8727
      vertex -20.25 -12.55 18.9526
      vertex -20.25 -12.6696 18.8727
    endloop
  endfacet
  facet normal 0 0.555502 -0.831515
    outer loop
      vertex -20.25 -12.55 18.9526
      vertex -21.45 -12.6696 18.8727
      vertex -21.45 -12.55 18.9526
    endloop
  endfacet
  facet normal 0 0.831515 -0.555502
    outer loop
      vertex -20.25 -12.9526 18.55
      vertex -21.45 -12.8727 18.6696
      vertex -20.25 -12.8727 18.6696
    endloop
  endfacet
  facet normal 0 0.831515 -0.555502
    outer loop
      vertex -21.45 -12.8727 18.6696
      vertex -20.25 -12.9526 18.55
      vertex -21.45 -12.9526 18.55
    endloop
  endfacet
  facet normal -0 0.555502 0.831515
    outer loop
      vertex -21.45 -12.55 17.0474
      vertex -20.25 -12.6696 17.1273
      vertex -20.25 -12.55 17.0474
    endloop
  endfacet
  facet normal 0 0.555502 0.831515
    outer loop
      vertex -20.25 -12.6696 17.1273
      vertex -21.45 -12.55 17.0474
      vertex -21.45 -12.6696 17.1273
    endloop
  endfacet
  facet normal 0 -0.980741 -0.195314
    outer loop
      vertex -21.45 13.0906 18.1436
      vertex -20.25 13.0625 18.2847
      vertex -21.45 13.0625 18.2847
    endloop
  endfacet
  facet normal 0 -0.980741 -0.195314
    outer loop
      vertex -20.25 13.0625 18.2847
      vertex -21.45 13.0906 18.1436
      vertex -20.25 13.0906 18.1436
    endloop
  endfacet
  facet normal 0 -0.997864 -0.0653198
    outer loop
      vertex -21.45 13.1 18
      vertex -20.25 13.0906 18.1436
      vertex -21.45 13.0906 18.1436
    endloop
  endfacet
  facet normal 0 -0.997864 -0.0653198
    outer loop
      vertex -20.25 13.0906 18.1436
      vertex -21.45 13.1 18
      vertex -20.25 13.1 18
    endloop
  endfacet
  facet normal 0 -0.321018 -0.947073
    outer loop
      vertex -21.45 12.2847 19.0625
      vertex -20.25 12.421 19.0163
      vertex -20.25 12.2847 19.0625
    endloop
  endfacet
  facet normal -0 -0.321018 -0.947073
    outer loop
      vertex -20.25 12.421 19.0163
      vertex -21.45 12.2847 19.0625
      vertex -21.45 12.421 19.0163
    endloop
  endfacet
  facet normal 0 -0.555502 0.831515
    outer loop
      vertex -21.45 12.6696 17.1273
      vertex -20.25 12.55 17.0474
      vertex -20.25 12.6696 17.1273
    endloop
  endfacet
  facet normal 0 -0.555502 0.831515
    outer loop
      vertex -20.25 12.55 17.0474
      vertex -21.45 12.6696 17.1273
      vertex -21.45 12.55 17.0474
    endloop
  endfacet
  facet normal 0 -0.65939 -0.751801
    outer loop
      vertex -21.45 12.6696 18.8727
      vertex -20.25 12.7778 18.7778
      vertex -20.25 12.6696 18.8727
    endloop
  endfacet
  facet normal -0 -0.65939 -0.751801
    outer loop
      vertex -20.25 12.7778 18.7778
      vertex -21.45 12.6696 18.8727
      vertex -21.45 12.7778 18.7778
    endloop
  endfacet
  facet normal -0 0.195314 0.980741
    outer loop
      vertex -21.45 11.8564 16.9094
      vertex -20.25 11.7153 16.9375
      vertex -20.25 11.8564 16.9094
    endloop
  endfacet
  facet normal 0 0.195314 0.980741
    outer loop
      vertex -20.25 11.7153 16.9375
      vertex -21.45 11.8564 16.9094
      vertex -21.45 11.7153 16.9375
    endloop
  endfacet
  facet normal 0 -0.751801 0.65939
    outer loop
      vertex -21.45 12.7778 17.2222
      vertex -20.25 12.8727 17.3304
      vertex -21.45 12.8727 17.3304
    endloop
  endfacet
  facet normal 0 -0.751801 0.65939
    outer loop
      vertex -20.25 12.8727 17.3304
      vertex -21.45 12.7778 17.2222
      vertex -20.25 12.7778 17.2222
    endloop
  endfacet
  facet normal 0 0.947073 -0.321018
    outer loop
      vertex -20.25 10.9375 18.2847
      vertex -21.45 10.9837 18.421
      vertex -20.25 10.9837 18.421
    endloop
  endfacet
  facet normal 0 0.947073 -0.321018
    outer loop
      vertex -21.45 10.9837 18.421
      vertex -20.25 10.9375 18.2847
      vertex -21.45 10.9375 18.2847
    endloop
  endfacet
  facet normal 0 -0.0653198 -0.997864
    outer loop
      vertex -21.45 12 19.1
      vertex -20.25 12.1436 19.0906
      vertex -20.25 12 19.1
    endloop
  endfacet
  facet normal -0 -0.0653198 -0.997864
    outer loop
      vertex -20.25 12.1436 19.0906
      vertex -21.45 12 19.1
      vertex -21.45 12.1436 19.0906
    endloop
  endfacet
  facet normal 0 0.321018 -0.947073
    outer loop
      vertex -21.45 11.579 19.0163
      vertex -20.25 11.7153 19.0625
      vertex -20.25 11.579 19.0163
    endloop
  endfacet
  facet normal 0 0.321018 -0.947073
    outer loop
      vertex -20.25 11.7153 19.0625
      vertex -21.45 11.579 19.0163
      vertex -21.45 11.7153 19.0625
    endloop
  endfacet
  facet normal 0 0.997864 0.0653198
    outer loop
      vertex -20.25 10.9094 17.8564
      vertex -21.45 10.9 18
      vertex -20.25 10.9 18
    endloop
  endfacet
  facet normal 0 0.997864 0.0653198
    outer loop
      vertex -21.45 10.9 18
      vertex -20.25 10.9094 17.8564
      vertex -21.45 10.9094 17.8564
    endloop
  endfacet
  facet normal -0 0.0653198 0.997864
    outer loop
      vertex -21.45 12 16.9
      vertex -20.25 11.8564 16.9094
      vertex -20.25 12 16.9
    endloop
  endfacet
  facet normal 0 0.0653198 0.997864
    outer loop
      vertex -20.25 11.8564 16.9094
      vertex -21.45 12 16.9
      vertex -21.45 11.8564 16.9094
    endloop
  endfacet
  facet normal 0 -0.997864 0.0653198
    outer loop
      vertex -21.45 13.0906 17.8564
      vertex -20.25 13.1 18
      vertex -21.45 13.1 18
    endloop
  endfacet
  facet normal 0 -0.997864 0.0653198
    outer loop
      vertex -20.25 13.1 18
      vertex -21.45 13.0906 17.8564
      vertex -20.25 13.0906 17.8564
    endloop
  endfacet
  facet normal 0 -0.751801 -0.65939
    outer loop
      vertex -21.45 12.8727 18.6696
      vertex -20.25 12.7778 18.7778
      vertex -21.45 12.7778 18.7778
    endloop
  endfacet
  facet normal 0 -0.751801 -0.65939
    outer loop
      vertex -20.25 12.7778 18.7778
      vertex -21.45 12.8727 18.6696
      vertex -20.25 12.8727 18.6696
    endloop
  endfacet
  facet normal 0 0.947073 0.321018
    outer loop
      vertex -20.25 10.9837 17.579
      vertex -21.45 10.9375 17.7153
      vertex -20.25 10.9375 17.7153
    endloop
  endfacet
  facet normal 0 0.947073 0.321018
    outer loop
      vertex -21.45 10.9375 17.7153
      vertex -20.25 10.9837 17.579
      vertex -21.45 10.9837 17.579
    endloop
  endfacet
  facet normal 0 0.980741 0.195314
    outer loop
      vertex -20.25 10.9375 17.7153
      vertex -21.45 10.9094 17.8564
      vertex -20.25 10.9094 17.8564
    endloop
  endfacet
  facet normal 0 0.980741 0.195314
    outer loop
      vertex -21.45 10.9094 17.8564
      vertex -20.25 10.9375 17.7153
      vertex -21.45 10.9375 17.7153
    endloop
  endfacet
  facet normal 0 -0.195314 -0.980741
    outer loop
      vertex -21.45 12.1436 19.0906
      vertex -20.25 12.2847 19.0625
      vertex -20.25 12.1436 19.0906
    endloop
  endfacet
  facet normal -0 -0.195314 -0.980741
    outer loop
      vertex -20.25 12.2847 19.0625
      vertex -21.45 12.1436 19.0906
      vertex -21.45 12.2847 19.0625
    endloop
  endfacet
  facet normal 0 0.751801 0.65939
    outer loop
      vertex -20.25 11.2222 17.2222
      vertex -21.45 11.1273 17.3304
      vertex -20.25 11.1273 17.3304
    endloop
  endfacet
  facet normal 0 0.751801 0.65939
    outer loop
      vertex -21.45 11.1273 17.3304
      vertex -20.25 11.2222 17.2222
      vertex -21.45 11.2222 17.2222
    endloop
  endfacet
  facet normal 0 0.65939 -0.751801
    outer loop
      vertex -21.45 11.2222 18.7778
      vertex -20.25 11.3304 18.8727
      vertex -20.25 11.2222 18.7778
    endloop
  endfacet
  facet normal 0 0.65939 -0.751801
    outer loop
      vertex -20.25 11.3304 18.8727
      vertex -21.45 11.2222 18.7778
      vertex -21.45 11.3304 18.8727
    endloop
  endfacet
  facet normal 0 0.89664 -0.44276
    outer loop
      vertex -20.25 10.9837 18.421
      vertex -21.45 11.0474 18.55
      vertex -20.25 11.0474 18.55
    endloop
  endfacet
  facet normal 0 0.89664 -0.44276
    outer loop
      vertex -21.45 11.0474 18.55
      vertex -20.25 10.9837 18.421
      vertex -21.45 10.9837 18.421
    endloop
  endfacet
  facet normal 0 -0.831515 0.555502
    outer loop
      vertex -21.45 12.8727 17.3304
      vertex -20.25 12.9526 17.45
      vertex -21.45 12.9526 17.45
    endloop
  endfacet
  facet normal 0 -0.831515 0.555502
    outer loop
      vertex -20.25 12.9526 17.45
      vertex -21.45 12.8727 17.3304
      vertex -20.25 12.8727 17.3304
    endloop
  endfacet
  facet normal 0 -0.831515 -0.555502
    outer loop
      vertex -21.45 12.9526 18.55
      vertex -20.25 12.8727 18.6696
      vertex -21.45 12.8727 18.6696
    endloop
  endfacet
  facet normal 0 -0.831515 -0.555502
    outer loop
      vertex -20.25 12.8727 18.6696
      vertex -21.45 12.9526 18.55
      vertex -20.25 12.9526 18.55
    endloop
  endfacet
  facet normal 0 0.751801 -0.65939
    outer loop
      vertex -20.25 11.1273 18.6696
      vertex -21.45 11.2222 18.7778
      vertex -20.25 11.2222 18.7778
    endloop
  endfacet
  facet normal 0 0.751801 -0.65939
    outer loop
      vertex -21.45 11.2222 18.7778
      vertex -20.25 11.1273 18.6696
      vertex -21.45 11.1273 18.6696
    endloop
  endfacet
  facet normal 0 -0.65939 0.751801
    outer loop
      vertex -21.45 12.7778 17.2222
      vertex -20.25 12.6696 17.1273
      vertex -20.25 12.7778 17.2222
    endloop
  endfacet
  facet normal 0 -0.65939 0.751801
    outer loop
      vertex -20.25 12.6696 17.1273
      vertex -21.45 12.7778 17.2222
      vertex -21.45 12.6696 17.1273
    endloop
  endfacet
  facet normal 0 0.831515 0.555502
    outer loop
      vertex -20.25 11.1273 17.3304
      vertex -21.45 11.0474 17.45
      vertex -20.25 11.0474 17.45
    endloop
  endfacet
  facet normal 0 0.831515 0.555502
    outer loop
      vertex -21.45 11.0474 17.45
      vertex -20.25 11.1273 17.3304
      vertex -21.45 11.1273 17.3304
    endloop
  endfacet
  facet normal 0 0.195314 -0.980741
    outer loop
      vertex -21.45 11.7153 19.0625
      vertex -20.25 11.8564 19.0906
      vertex -20.25 11.7153 19.0625
    endloop
  endfacet
  facet normal 0 0.195314 -0.980741
    outer loop
      vertex -20.25 11.8564 19.0906
      vertex -21.45 11.7153 19.0625
      vertex -21.45 11.8564 19.0906
    endloop
  endfacet
  facet normal 0 -0.947073 0.321018
    outer loop
      vertex -21.45 13.0163 17.579
      vertex -20.25 13.0625 17.7153
      vertex -21.45 13.0625 17.7153
    endloop
  endfacet
  facet normal 0 -0.947073 0.321018
    outer loop
      vertex -20.25 13.0625 17.7153
      vertex -21.45 13.0163 17.579
      vertex -20.25 13.0163 17.579
    endloop
  endfacet
  facet normal 0 -0.44276 -0.89664
    outer loop
      vertex -21.45 12.421 19.0163
      vertex -20.25 12.55 18.9526
      vertex -20.25 12.421 19.0163
    endloop
  endfacet
  facet normal -0 -0.44276 -0.89664
    outer loop
      vertex -20.25 12.55 18.9526
      vertex -21.45 12.421 19.0163
      vertex -21.45 12.55 18.9526
    endloop
  endfacet
  facet normal 0 0.0653198 -0.997864
    outer loop
      vertex -21.45 11.8564 19.0906
      vertex -20.25 12 19.1
      vertex -20.25 11.8564 19.0906
    endloop
  endfacet
  facet normal 0 0.0653198 -0.997864
    outer loop
      vertex -20.25 12 19.1
      vertex -21.45 11.8564 19.0906
      vertex -21.45 12 19.1
    endloop
  endfacet
  facet normal 0 -0.0653198 0.997864
    outer loop
      vertex -21.45 12.1436 16.9094
      vertex -20.25 12 16.9
      vertex -20.25 12.1436 16.9094
    endloop
  endfacet
  facet normal 0 -0.0653198 0.997864
    outer loop
      vertex -20.25 12 16.9
      vertex -21.45 12.1436 16.9094
      vertex -21.45 12 16.9
    endloop
  endfacet
  facet normal 0 -0.555502 -0.831515
    outer loop
      vertex -21.45 12.55 18.9526
      vertex -20.25 12.6696 18.8727
      vertex -20.25 12.55 18.9526
    endloop
  endfacet
  facet normal -0 -0.555502 -0.831515
    outer loop
      vertex -20.25 12.6696 18.8727
      vertex -21.45 12.55 18.9526
      vertex -21.45 12.6696 18.8727
    endloop
  endfacet
  facet normal 0 0.89664 0.44276
    outer loop
      vertex -20.25 11.0474 17.45
      vertex -21.45 10.9837 17.579
      vertex -20.25 10.9837 17.579
    endloop
  endfacet
  facet normal 0 0.89664 0.44276
    outer loop
      vertex -21.45 10.9837 17.579
      vertex -20.25 11.0474 17.45
      vertex -21.45 11.0474 17.45
    endloop
  endfacet
  facet normal -0 0.65939 0.751801
    outer loop
      vertex -21.45 11.3304 17.1273
      vertex -20.25 11.2222 17.2222
      vertex -20.25 11.3304 17.1273
    endloop
  endfacet
  facet normal 0 0.65939 0.751801
    outer loop
      vertex -20.25 11.2222 17.2222
      vertex -21.45 11.3304 17.1273
      vertex -21.45 11.2222 17.2222
    endloop
  endfacet
  facet normal 0 0.980741 -0.195314
    outer loop
      vertex -20.25 10.9094 18.1436
      vertex -21.45 10.9375 18.2847
      vertex -20.25 10.9375 18.2847
    endloop
  endfacet
  facet normal 0 0.980741 -0.195314
    outer loop
      vertex -21.45 10.9375 18.2847
      vertex -20.25 10.9094 18.1436
      vertex -21.45 10.9094 18.1436
    endloop
  endfacet
  facet normal 0 -0.89664 -0.44276
    outer loop
      vertex -21.45 13.0163 18.421
      vertex -20.25 12.9526 18.55
      vertex -21.45 12.9526 18.55
    endloop
  endfacet
  facet normal 0 -0.89664 -0.44276
    outer loop
      vertex -20.25 12.9526 18.55
      vertex -21.45 13.0163 18.421
      vertex -20.25 13.0163 18.421
    endloop
  endfacet
  facet normal 0 -0.195314 0.980741
    outer loop
      vertex -21.45 12.2847 16.9375
      vertex -20.25 12.1436 16.9094
      vertex -20.25 12.2847 16.9375
    endloop
  endfacet
  facet normal 0 -0.195314 0.980741
    outer loop
      vertex -20.25 12.1436 16.9094
      vertex -21.45 12.2847 16.9375
      vertex -21.45 12.1436 16.9094
    endloop
  endfacet
  facet normal 0 -0.89664 0.44276
    outer loop
      vertex -21.45 12.9526 17.45
      vertex -20.25 13.0163 17.579
      vertex -21.45 13.0163 17.579
    endloop
  endfacet
  facet normal 0 -0.89664 0.44276
    outer loop
      vertex -20.25 13.0163 17.579
      vertex -21.45 12.9526 17.45
      vertex -20.25 12.9526 17.45
    endloop
  endfacet
  facet normal 0 -0.980741 0.195314
    outer loop
      vertex -21.45 13.0625 17.7153
      vertex -20.25 13.0906 17.8564
      vertex -21.45 13.0906 17.8564
    endloop
  endfacet
  facet normal 0 -0.980741 0.195314
    outer loop
      vertex -20.25 13.0906 17.8564
      vertex -21.45 13.0625 17.7153
      vertex -20.25 13.0625 17.7153
    endloop
  endfacet
  facet normal 0 0.555502 -0.831515
    outer loop
      vertex -21.45 11.3304 18.8727
      vertex -20.25 11.45 18.9526
      vertex -20.25 11.3304 18.8727
    endloop
  endfacet
  facet normal 0 0.555502 -0.831515
    outer loop
      vertex -20.25 11.45 18.9526
      vertex -21.45 11.3304 18.8727
      vertex -21.45 11.45 18.9526
    endloop
  endfacet
  facet normal 0 -0.947073 -0.321018
    outer loop
      vertex -21.45 13.0625 18.2847
      vertex -20.25 13.0163 18.421
      vertex -21.45 13.0163 18.421
    endloop
  endfacet
  facet normal 0 -0.947073 -0.321018
    outer loop
      vertex -20.25 13.0163 18.421
      vertex -21.45 13.0625 18.2847
      vertex -20.25 13.0625 18.2847
    endloop
  endfacet
  facet normal 0 -0.321018 0.947073
    outer loop
      vertex -21.45 12.421 16.9837
      vertex -20.25 12.2847 16.9375
      vertex -20.25 12.421 16.9837
    endloop
  endfacet
  facet normal 0 -0.321018 0.947073
    outer loop
      vertex -20.25 12.2847 16.9375
      vertex -21.45 12.421 16.9837
      vertex -21.45 12.2847 16.9375
    endloop
  endfacet
  facet normal 0 -0.44276 0.89664
    outer loop
      vertex -21.45 12.55 17.0474
      vertex -20.25 12.421 16.9837
      vertex -20.25 12.55 17.0474
    endloop
  endfacet
  facet normal 0 -0.44276 0.89664
    outer loop
      vertex -20.25 12.421 16.9837
      vertex -21.45 12.55 17.0474
      vertex -21.45 12.421 16.9837
    endloop
  endfacet
  facet normal 0 0.997864 -0.0653198
    outer loop
      vertex -20.25 10.9 18
      vertex -21.45 10.9094 18.1436
      vertex -20.25 10.9094 18.1436
    endloop
  endfacet
  facet normal 0 0.997864 -0.0653198
    outer loop
      vertex -21.45 10.9094 18.1436
      vertex -20.25 10.9 18
      vertex -21.45 10.9 18
    endloop
  endfacet
  facet normal -0 0.321018 0.947073
    outer loop
      vertex -21.45 11.7153 16.9375
      vertex -20.25 11.579 16.9837
      vertex -20.25 11.7153 16.9375
    endloop
  endfacet
  facet normal 0 0.321018 0.947073
    outer loop
      vertex -20.25 11.579 16.9837
      vertex -21.45 11.7153 16.9375
      vertex -21.45 11.579 16.9837
    endloop
  endfacet
  facet normal 0 0.44276 -0.89664
    outer loop
      vertex -21.45 11.45 18.9526
      vertex -20.25 11.579 19.0163
      vertex -20.25 11.45 18.9526
    endloop
  endfacet
  facet normal 0 0.44276 -0.89664
    outer loop
      vertex -20.25 11.579 19.0163
      vertex -21.45 11.45 18.9526
      vertex -21.45 11.579 19.0163
    endloop
  endfacet
  facet normal 0 0.831515 -0.555502
    outer loop
      vertex -20.25 11.0474 18.55
      vertex -21.45 11.1273 18.6696
      vertex -20.25 11.1273 18.6696
    endloop
  endfacet
  facet normal 0 0.831515 -0.555502
    outer loop
      vertex -21.45 11.1273 18.6696
      vertex -20.25 11.0474 18.55
      vertex -21.45 11.0474 18.55
    endloop
  endfacet
  facet normal -0 0.44276 0.89664
    outer loop
      vertex -21.45 11.579 16.9837
      vertex -20.25 11.45 17.0474
      vertex -20.25 11.579 16.9837
    endloop
  endfacet
  facet normal 0 0.44276 0.89664
    outer loop
      vertex -20.25 11.45 17.0474
      vertex -21.45 11.579 16.9837
      vertex -21.45 11.45 17.0474
    endloop
  endfacet
  facet normal -0 0.555502 0.831515
    outer loop
      vertex -21.45 11.45 17.0474
      vertex -20.25 11.3304 17.1273
      vertex -20.25 11.45 17.0474
    endloop
  endfacet
  facet normal 0 0.555502 0.831515
    outer loop
      vertex -20.25 11.3304 17.1273
      vertex -21.45 11.45 17.0474
      vertex -21.45 11.3304 17.1273
    endloop
  endfacet
  facet normal 0 -0.89695 -0.442131
    outer loop
      vertex -23.25 16.0711 18.8993
      vertex -21.45 15.9352 19.175
      vertex -23.25 15.9352 19.175
    endloop
  endfacet
  facet normal 0 -0.89695 -0.442131
    outer loop
      vertex -21.45 15.9352 19.175
      vertex -23.25 16.0711 18.8993
      vertex -21.45 16.0711 18.8993
    endloop
  endfacet
  facet normal 0 0.997859 -0.0653961
    outer loop
      vertex -21.45 -16.25 18
      vertex -23.25 -16.2299 18.3067
      vertex -21.45 -16.2299 18.3067
    endloop
  endfacet
  facet normal 0 0.997859 -0.0653961
    outer loop
      vertex -23.25 -16.2299 18.3067
      vertex -21.45 -16.25 18
      vertex -23.25 -16.25 18
    endloop
  endfacet
  facet normal 0 0.89695 -0.442131
    outer loop
      vertex -21.45 -16.0711 18.8993
      vertex -23.25 -15.9352 19.175
      vertex -21.45 -15.9352 19.175
    endloop
  endfacet
  facet normal 0 0.89695 -0.442131
    outer loop
      vertex -23.25 -15.9352 19.175
      vertex -21.45 -16.0711 18.8993
      vertex -23.25 -16.0711 18.8993
    endloop
  endfacet
  facet normal 0 0.555601 -0.831449
    outer loop
      vertex -23.25 -15.3306 19.8644
      vertex -21.45 -15.075 20.0352
      vertex -21.45 -15.3306 19.8644
    endloop
  endfacet
  facet normal 0 0.555601 -0.831449
    outer loop
      vertex -21.45 -15.075 20.0352
      vertex -23.25 -15.3306 19.8644
      vertex -23.25 -15.075 20.0352
    endloop
  endfacet
  facet normal 0 -0.0654171 0.997858
    outer loop
      vertex -23.25 0.515578 14.0838
      vertex -21.45 0 14.05
      vertex -21.45 0.515578 14.0838
    endloop
  endfacet
  facet normal 0 -0.0654171 0.997858
    outer loop
      vertex -21.45 0 14.05
      vertex -23.25 0.515578 14.0838
      vertex -23.25 0 14.05
    endloop
  endfacet
  facet normal 0 0.946945 0.321395
    outer loop
      vertex -21.45 -16.0711 17.1007
      vertex -23.25 -16.1699 17.3918
      vertex -21.45 -16.1699 17.3918
    endloop
  endfacet
  facet normal 0 0.946945 0.321395
    outer loop
      vertex -23.25 -16.1699 17.3918
      vertex -21.45 -16.0711 17.1007
      vertex -23.25 -16.0711 17.1007
    endloop
  endfacet
  facet normal -0 0.0654171 0.997858
    outer loop
      vertex -23.25 0 14.05
      vertex -21.45 -0.515578 14.0838
      vertex -21.45 0 14.05
    endloop
  endfacet
  facet normal 0 0.0654171 0.997858
    outer loop
      vertex -21.45 -0.515578 14.0838
      vertex -23.25 0 14.05
      vertex -23.25 -0.515578 14.0838
    endloop
  endfacet
  facet normal 0 -0.321395 -0.946945
    outer loop
      vertex -23.25 14.5082 20.2699
      vertex -21.45 14.7993 20.1711
      vertex -21.45 14.5082 20.2699
    endloop
  endfacet
  facet normal -0 -0.321395 -0.946945
    outer loop
      vertex -21.45 14.7993 20.1711
      vertex -23.25 14.5082 20.2699
      vertex -23.25 14.7993 20.1711
    endloop
  endfacet
  facet normal -0 0.442131 0.89695
    outer loop
      vertex -23.25 -14.7993 15.8289
      vertex -21.45 -15.075 15.9648
      vertex -21.45 -14.7993 15.8289
    endloop
  endfacet
  facet normal 0 0.442131 0.89695
    outer loop
      vertex -21.45 -15.075 15.9648
      vertex -23.25 -14.7993 15.8289
      vertex -23.25 -15.075 15.9648
    endloop
  endfacet
  facet normal -0 0.195178 0.980768
    outer loop
      vertex -23.25 -14.2067 15.6701
      vertex -21.45 -14.5082 15.7301
      vertex -21.45 -14.2067 15.6701
    endloop
  endfacet
  facet normal 0 0.195178 0.980768
    outer loop
      vertex -21.45 -14.5082 15.7301
      vertex -23.25 -14.2067 15.6701
      vertex -23.25 -14.5082 15.7301
    endloop
  endfacet
  facet normal 0 0.0654171 -0.997858
    outer loop
      vertex -23.25 -0.515578 21.9162
      vertex -21.45 0 21.95
      vertex -21.45 -0.515578 21.9162
    endloop
  endfacet
  facet normal 0 0.0654171 -0.997858
    outer loop
      vertex -21.45 0 21.95
      vertex -23.25 -0.515578 21.9162
      vertex -23.25 0 21.95
    endloop
  endfacet
  facet normal 0 0.115093 -0.993355
    outer loop
      vertex -23.25 -14.2067 20.3299
      vertex -21.45 -0.515578 21.9162
      vertex -21.45 -14.2067 20.3299
    endloop
  endfacet
  facet normal 0 0.115093 -0.993355
    outer loop
      vertex -21.45 -0.515578 21.9162
      vertex -23.25 -14.2067 20.3299
      vertex -23.25 -0.515578 21.9162
    endloop
  endfacet
  facet normal 0 0.321395 -0.946945
    outer loop
      vertex -23.25 -14.7993 20.1711
      vertex -21.45 -14.5082 20.2699
      vertex -21.45 -14.7993 20.1711
    endloop
  endfacet
  facet normal 0 0.321395 -0.946945
    outer loop
      vertex -21.45 -14.5082 20.2699
      vertex -23.25 -14.7993 20.1711
      vertex -23.25 -14.5082 20.2699
    endloop
  endfacet
  facet normal 0 -0.0654171 -0.997858
    outer loop
      vertex -23.25 0 21.95
      vertex -21.45 0.515578 21.9162
      vertex -21.45 0 21.95
    endloop
  endfacet
  facet normal -0 -0.0654171 -0.997858
    outer loop
      vertex -21.45 0.515578 21.9162
      vertex -23.25 0 21.95
      vertex -23.25 0.515578 21.9162
    endloop
  endfacet
  facet normal -0 0.115093 0.993355
    outer loop
      vertex -23.25 -0.515578 14.0838
      vertex -21.45 -14.2067 15.6701
      vertex -21.45 -0.515578 14.0838
    endloop
  endfacet
  facet normal 0 0.115093 0.993355
    outer loop
      vertex -21.45 -14.2067 15.6701
      vertex -23.25 -0.515578 14.0838
      vertex -23.25 -14.2067 15.6701
    endloop
  endfacet
  facet normal 0 -0.442131 0.89695
    outer loop
      vertex -23.25 15.075 15.9648
      vertex -21.45 14.7993 15.8289
      vertex -21.45 15.075 15.9648
    endloop
  endfacet
  facet normal 0 -0.442131 0.89695
    outer loop
      vertex -21.45 14.7993 15.8289
      vertex -23.25 15.075 15.9648
      vertex -23.25 14.7993 15.8289
    endloop
  endfacet
  facet normal 0 -0.555601 -0.831449
    outer loop
      vertex -23.25 15.075 20.0352
      vertex -21.45 15.3306 19.8644
      vertex -21.45 15.075 20.0352
    endloop
  endfacet
  facet normal -0 -0.555601 -0.831449
    outer loop
      vertex -21.45 15.3306 19.8644
      vertex -23.25 15.075 20.0352
      vertex -23.25 15.3306 19.8644
    endloop
  endfacet
  facet normal 0 0.831449 -0.555601
    outer loop
      vertex -21.45 -15.9352 19.175
      vertex -23.25 -15.7644 19.4306
      vertex -21.45 -15.7644 19.4306
    endloop
  endfacet
  facet normal 0 0.831449 -0.555601
    outer loop
      vertex -23.25 -15.7644 19.4306
      vertex -21.45 -15.9352 19.175
      vertex -23.25 -15.9352 19.175
    endloop
  endfacet
  facet normal 0 -0.442131 -0.89695
    outer loop
      vertex -23.25 14.7993 20.1711
      vertex -21.45 15.075 20.0352
      vertex -21.45 14.7993 20.1711
    endloop
  endfacet
  facet normal -0 -0.442131 -0.89695
    outer loop
      vertex -21.45 15.075 20.0352
      vertex -23.25 14.7993 20.1711
      vertex -23.25 15.075 20.0352
    endloop
  endfacet
  facet normal 0 -0.946945 -0.321395
    outer loop
      vertex -23.25 16.1699 18.6082
      vertex -21.45 16.0711 18.8993
      vertex -23.25 16.0711 18.8993
    endloop
  endfacet
  facet normal 0 -0.946945 -0.321395
    outer loop
      vertex -21.45 16.0711 18.8993
      vertex -23.25 16.1699 18.6082
      vertex -21.45 16.1699 18.6082
    endloop
  endfacet
  facet normal 0 -0.115093 -0.993355
    outer loop
      vertex -23.25 0.515578 21.9162
      vertex -21.45 14.2067 20.3299
      vertex -21.45 0.515578 21.9162
    endloop
  endfacet
  facet normal -0 -0.115093 -0.993355
    outer loop
      vertex -21.45 14.2067 20.3299
      vertex -23.25 0.515578 21.9162
      vertex -23.25 14.2067 20.3299
    endloop
  endfacet
  facet normal 0 -0.195178 0.980768
    outer loop
      vertex -23.25 14.5082 15.7301
      vertex -21.45 14.2067 15.6701
      vertex -21.45 14.5082 15.7301
    endloop
  endfacet
  facet normal 0 -0.195178 0.980768
    outer loop
      vertex -21.45 14.2067 15.6701
      vertex -23.25 14.5082 15.7301
      vertex -23.25 14.2067 15.6701
    endloop
  endfacet
  facet normal 0 -0.659402 -0.75179
    outer loop
      vertex -23.25 15.3306 19.8644
      vertex -21.45 15.5617 19.6617
      vertex -21.45 15.3306 19.8644
    endloop
  endfacet
  facet normal -0 -0.659402 -0.75179
    outer loop
      vertex -21.45 15.5617 19.6617
      vertex -23.25 15.3306 19.8644
      vertex -23.25 15.5617 19.6617
    endloop
  endfacet
  facet normal 0 -0.997859 0.0653961
    outer loop
      vertex -23.25 16.2299 17.6933
      vertex -21.45 16.25 18
      vertex -23.25 16.25 18
    endloop
  endfacet
  facet normal 0 -0.997859 0.0653961
    outer loop
      vertex -21.45 16.25 18
      vertex -23.25 16.2299 17.6933
      vertex -21.45 16.2299 17.6933
    endloop
  endfacet
  facet normal 0 -0.997859 -0.0653961
    outer loop
      vertex -23.25 16.25 18
      vertex -21.45 16.2299 18.3067
      vertex -23.25 16.2299 18.3067
    endloop
  endfacet
  facet normal 0 -0.997859 -0.0653961
    outer loop
      vertex -21.45 16.2299 18.3067
      vertex -23.25 16.25 18
      vertex -21.45 16.25 18
    endloop
  endfacet
  facet normal 0 0.831449 0.555601
    outer loop
      vertex -21.45 -15.7644 16.5694
      vertex -23.25 -15.9352 16.825
      vertex -21.45 -15.9352 16.825
    endloop
  endfacet
  facet normal 0 0.831449 0.555601
    outer loop
      vertex -23.25 -15.9352 16.825
      vertex -21.45 -15.7644 16.5694
      vertex -23.25 -15.7644 16.5694
    endloop
  endfacet
  facet normal 0 -0.115093 0.993355
    outer loop
      vertex -23.25 14.2067 15.6701
      vertex -21.45 0.515578 14.0838
      vertex -21.45 14.2067 15.6701
    endloop
  endfacet
  facet normal 0 -0.115093 0.993355
    outer loop
      vertex -21.45 0.515578 14.0838
      vertex -23.25 14.2067 15.6701
      vertex -23.25 0.515578 14.0838
    endloop
  endfacet
  facet normal -1 0 0
    outer loop
      vertex -21.45 13.1 18
      vertex -21.45 16.25 18
      vertex -21.45 16.2299 17.6933
    endloop
  endfacet
  facet normal -1 0 0
    outer loop
      vertex -21.45 13.1 18
      vertex -21.45 16.2299 17.6933
      vertex -21.45 16.1699 17.3918
    endloop
  endfacet
  facet normal -1 0 0
    outer loop
      vertex -21.45 16.25 18
      vertex -21.45 13.1 18
      vertex -21.45 16.2299 18.3067
    endloop
  endfacet
  facet normal -1 0 0
    outer loop
      vertex -21.45 13.0906 17.8564
      vertex -21.45 16.1699 17.3918
      vertex -21.45 16.0711 17.1007
    endloop
  endfacet
  facet normal -1 -0 0
    outer loop
      vertex -21.45 16.2299 18.3067
      vertex -21.45 13.1 18
      vertex -21.45 16.1699 18.6082
    endloop
  endfacet
  facet normal -1 0 0
    outer loop
      vertex -21.45 13.0906 17.8564
      vertex -21.45 16.0711 17.1007
      vertex -21.45 15.9352 16.825
    endloop
  endfacet
  facet normal -1 0 0
    outer loop
      vertex -21.45 13.0906 18.1436
      vertex -21.45 16.1699 18.6082
      vertex -21.45 13.1 18
    endloop
  endfacet
  facet normal -1 0 0
    outer loop
      vertex -21.45 13.0906 17.8564
      vertex -21.45 15.9352 16.825
      vertex -21.45 15.7644 16.5694
    endloop
  endfacet
  facet normal -1 -0 0
    outer loop
      vertex -21.45 16.1699 18.6082
      vertex -21.45 13.0906 18.1436
      vertex -21.45 16.0711 18.8993
    endloop
  endfacet
  facet normal -1 0 0
    outer loop
      vertex -21.45 13.0625 17.7153
      vertex -21.45 15.7644 16.5694
      vertex -21.45 15.5617 16.3383
    endloop
  endfacet
  facet normal -1 -0 0
    outer loop
      vertex -21.45 16.0711 18.8993
      vertex -21.45 13.0906 18.1436
      vertex -21.45 15.9352 19.175
    endloop
  endfacet
  facet normal -1 0 0
    outer loop
      vertex -21.45 13.0625 17.7153
      vertex -21.45 15.5617 16.3383
      vertex -21.45 15.3306 16.1356
    endloop
  endfacet
  facet normal -1 -0 0
    outer loop
      vertex -21.45 15.9352 19.175
      vertex -21.45 13.0906 18.1436
      vertex -21.45 15.7644 19.4306
    endloop
  endfacet
  facet normal -1 0 0
    outer loop
      vertex -21.45 13.0625 17.7153
      vertex -21.45 15.3306 16.1356
      vertex -21.45 15.075 15.9648
    endloop
  endfacet
  facet normal -1 0 0
    outer loop
      vertex -21.45 13.0625 18.2847
      vertex -21.45 15.7644 19.4306
      vertex -21.45 13.0906 18.1436
    endloop
  endfacet
  facet normal -1 0 0
    outer loop
      vertex -21.45 13.0163 17.579
      vertex -21.45 15.075 15.9648
      vertex -21.45 14.7993 15.8289
    endloop
  endfacet
  facet normal -1 -0 0
    outer loop
      vertex -21.45 15.7644 19.4306
      vertex -21.45 13.0625 18.2847
      vertex -21.45 15.5617 19.6617
    endloop
  endfacet
  facet normal -1 0 0
    outer loop
      vertex -21.45 13.0163 17.579
      vertex -21.45 14.7993 15.8289
      vertex -21.45 14.5082 15.7301
    endloop
  endfacet
  facet normal -1 -0 0
    outer loop
      vertex -21.45 15.5617 19.6617
      vertex -21.45 13.0625 18.2847
      vertex -21.45 15.3306 19.8644
    endloop
  endfacet
  facet normal -1 0 0
    outer loop
      vertex -21.45 12.9526 17.45
      vertex -21.45 14.5082 15.7301
      vertex -21.45 14.2067 15.6701
    endloop
  endfacet
  facet normal -1 -0 0
    outer loop
      vertex -21.45 15.3306 19.8644
      vertex -21.45 13.0625 18.2847
      vertex -21.45 15.075 20.0352
    endloop
  endfacet
  facet normal -1 0 0
    outer loop
      vertex -21.45 13.0163 18.421
      vertex -21.45 15.075 20.0352
      vertex -21.45 13.0625 18.2847
    endloop
  endfacet
  facet normal -1 0 0
    outer loop
      vertex -21.45 16.1699 17.3918
      vertex -21.45 13.0906 17.8564
      vertex -21.45 13.1 18
    endloop
  endfacet
  facet normal -1 0 0
    outer loop
      vertex -21.45 15.7644 16.5694
      vertex -21.45 13.0625 17.7153
      vertex -21.45 13.0906 17.8564
    endloop
  endfacet
  facet normal -1 0 0
    outer loop
      vertex -21.45 15.075 15.9648
      vertex -21.45 13.0163 17.579
      vertex -21.45 13.0625 17.7153
    endloop
  endfacet
  facet normal -1 0 0
    outer loop
      vertex -21.45 14.5082 15.7301
      vertex -21.45 12.9526 17.45
      vertex -21.45 13.0163 17.579
    endloop
  endfacet
  facet normal -1 0 0
    outer loop
      vertex -21.45 14.2067 15.6701
      vertex -21.45 12.8727 17.3304
      vertex -21.45 12.9526 17.45
    endloop
  endfacet
  facet normal -1 0 0
    outer loop
      vertex -21.45 14.2067 15.6701
      vertex -21.45 12.7778 17.2222
      vertex -21.45 12.8727 17.3304
    endloop
  endfacet
  facet normal -1 0 0
    outer loop
      vertex -21.45 14.2067 15.6701
      vertex -21.45 12.6696 17.1273
      vertex -21.45 12.7778 17.2222
    endloop
  endfacet
  facet normal -1 0 0
    outer loop
      vertex -21.45 14.2067 15.6701
      vertex -21.45 12.55 17.0474
      vertex -21.45 12.6696 17.1273
    endloop
  endfacet
  facet normal -1 0 0
    outer loop
      vertex -21.45 14.2067 15.6701
      vertex -21.45 12.421 16.9837
      vertex -21.45 12.55 17.0474
    endloop
  endfacet
  facet normal -1 0 0
    outer loop
      vertex -21.45 14.2067 15.6701
      vertex -21.45 12.2847 16.9375
      vertex -21.45 12.421 16.9837
    endloop
  endfacet
  facet normal -1 0 0
    outer loop
      vertex -21.45 14.2067 15.6701
      vertex -21.45 12.1436 16.9094
      vertex -21.45 12.2847 16.9375
    endloop
  endfacet
  facet normal -1 0 0
    outer loop
      vertex -21.45 14.2067 15.6701
      vertex -21.45 12 16.9
      vertex -21.45 12.1436 16.9094
    endloop
  endfacet
  facet normal -1 0 0
    outer loop
      vertex -21.45 14.2067 15.6701
      vertex -21.45 11.8564 16.9094
      vertex -21.45 12 16.9
    endloop
  endfacet
  facet normal -1 0 0
    outer loop
      vertex -21.45 14.2067 15.6701
      vertex -21.45 11.7153 16.9375
      vertex -21.45 11.8564 16.9094
    endloop
  endfacet
  facet normal -1 0 0
    outer loop
      vertex -21.45 8.2847 16.9375
      vertex -21.45 11.7153 16.9375
      vertex -21.45 14.2067 15.6701
    endloop
  endfacet
  facet normal -1 0 0
    outer loop
      vertex -21.45 11.7153 16.9375
      vertex -21.45 8.2847 16.9375
      vertex -21.45 11.579 16.9837
    endloop
  endfacet
  facet normal -1 0 0
    outer loop
      vertex -21.45 10.9094 17.8564
      vertex -21.45 9.1 18
      vertex -21.45 10.9 18
    endloop
  endfacet
  facet normal -1 0 0
    outer loop
      vertex -21.45 9.09059 17.8564
      vertex -21.45 10.9094 17.8564
      vertex -21.45 10.9375 17.7153
    endloop
  endfacet
  facet normal -1 0 0
    outer loop
      vertex -21.45 9.06252 17.7153
      vertex -21.45 10.9375 17.7153
      vertex -21.45 10.9837 17.579
    endloop
  endfacet
  facet normal -1 0 0
    outer loop
      vertex -21.45 9.01627 17.579
      vertex -21.45 10.9837 17.579
      vertex -21.45 11.0474 17.45
    endloop
  endfacet
  facet normal -1 0 0
    outer loop
      vertex -21.45 8.95263 17.45
      vertex -21.45 11.0474 17.45
      vertex -21.45 11.1273 17.3304
    endloop
  endfacet
  facet normal -1 0 0
    outer loop
      vertex -21.45 8.87269 17.3304
      vertex -21.45 11.1273 17.3304
      vertex -21.45 11.2222 17.2222
    endloop
  endfacet
  facet normal -1 0 0
    outer loop
      vertex -21.45 8.77782 17.2222
      vertex -21.45 11.2222 17.2222
      vertex -21.45 11.3304 17.1273
    endloop
  endfacet
  facet normal -1 0 0
    outer loop
      vertex -21.45 8.66964 17.1273
      vertex -21.45 11.3304 17.1273
      vertex -21.45 11.45 17.0474
    endloop
  endfacet
  facet normal -1 0 -0
    outer loop
      vertex -21.45 8.42095 16.9837
      vertex -21.45 11.579 16.9837
      vertex -21.45 8.2847 16.9375
    endloop
  endfacet
  facet normal -1 0 0
    outer loop
      vertex -21.45 10.9094 17.8564
      vertex -21.45 9.09059 17.8564
      vertex -21.45 9.1 18
    endloop
  endfacet
  facet normal -1 0 0
    outer loop
      vertex -21.45 10.9375 17.7153
      vertex -21.45 9.06252 17.7153
      vertex -21.45 9.09059 17.8564
    endloop
  endfacet
  facet normal -1 0 0
    outer loop
      vertex -21.45 10.9837 17.579
      vertex -21.45 9.01627 17.579
      vertex -21.45 9.06252 17.7153
    endloop
  endfacet
  facet normal -1 0 0
    outer loop
      vertex -21.45 11.0474 17.45
      vertex -21.45 8.95263 17.45
      vertex -21.45 9.01627 17.579
    endloop
  endfacet
  facet normal -1 0 0
    outer loop
      vertex -21.45 11.1273 17.3304
      vertex -21.45 8.87269 17.3304
      vertex -21.45 8.95263 17.45
    endloop
  endfacet
  facet normal -1 0 0
    outer loop
      vertex -21.45 11.2222 17.2222
      vertex -21.45 8.77782 17.2222
      vertex -21.45 8.87269 17.3304
    endloop
  endfacet
  facet normal -1 0 0
    outer loop
      vertex -21.45 11.3304 17.1273
      vertex -21.45 8.66964 17.1273
      vertex -21.45 8.77782 17.2222
    endloop
  endfacet
  facet normal -1 0 0
    outer loop
      vertex -21.45 11.45 17.0474
      vertex -21.45 8.55 17.0474
      vertex -21.45 8.66964 17.1273
    endloop
  endfacet
  facet normal -1 -0 0
    outer loop
      vertex -21.45 11.45 17.0474
      vertex -21.45 8.42095 16.9837
      vertex -21.45 8.55 17.0474
    endloop
  endfacet
  facet normal -1 0 0
    outer loop
      vertex -21.45 11.579 16.9837
      vertex -21.45 8.42095 16.9837
      vertex -21.45 11.45 17.0474
    endloop
  endfacet
  facet normal -1 0 0
    outer loop
      vertex -21.45 14.2067 15.6701
      vertex -21.45 8.14358 16.9094
      vertex -21.45 8.2847 16.9375
    endloop
  endfacet
  facet normal -1 0 0
    outer loop
      vertex -21.45 14.2067 15.6701
      vertex -21.45 8 16.9
      vertex -21.45 8.14358 16.9094
    endloop
  endfacet
  facet normal -1 0 0
    outer loop
      vertex -21.45 0.515578 14.0838
      vertex -21.45 8 16.9
      vertex -21.45 14.2067 15.6701
    endloop
  endfacet
  facet normal -1 0 0
    outer loop
      vertex -21.45 6.90941 17.8564
      vertex -21.45 2.75 18
      vertex -21.45 6.9 18
    endloop
  endfacet
  facet normal -1 0 0
    outer loop
      vertex -21.45 2.72647 17.6411
      vertex -21.45 6.90941 17.8564
      vertex -21.45 6.93748 17.7153
    endloop
  endfacet
  facet normal -1 0 0
    outer loop
      vertex -21.45 2.6563 17.2882
      vertex -21.45 6.93748 17.7153
      vertex -21.45 6.98373 17.579
    endloop
  endfacet
  facet normal -1 0 0
    outer loop
      vertex -21.45 2.6563 17.2882
      vertex -21.45 6.98373 17.579
      vertex -21.45 7.04737 17.45
    endloop
  endfacet
  facet normal -1 0 0
    outer loop
      vertex -21.45 2.54067 16.9476
      vertex -21.45 7.04737 17.45
      vertex -21.45 7.12731 17.3304
    endloop
  endfacet
  facet normal -1 0 0
    outer loop
      vertex -21.45 2.38157 16.625
      vertex -21.45 7.12731 17.3304
      vertex -21.45 7.22218 17.2222
    endloop
  endfacet
  facet normal -1 0 0
    outer loop
      vertex -21.45 2.38157 16.625
      vertex -21.45 7.22218 17.2222
      vertex -21.45 7.33036 17.1273
    endloop
  endfacet
  facet normal -1 0 0
    outer loop
      vertex -21.45 2.18172 16.3259
      vertex -21.45 7.33036 17.1273
      vertex -21.45 7.45 17.0474
    endloop
  endfacet
  facet normal -1 0 0
    outer loop
      vertex -21.45 1.94454 16.0555
      vertex -21.45 7.45 17.0474
      vertex -21.45 7.57905 16.9837
    endloop
  endfacet
  facet normal -1 0 0
    outer loop
      vertex -21.45 0.515578 14.0838
      vertex -21.45 7.57905 16.9837
      vertex -21.45 7.7153 16.9375
    endloop
  endfacet
  facet normal -1 -0 0
    outer loop
      vertex -21.45 6.90941 17.8564
      vertex -21.45 2.72647 17.6411
      vertex -21.45 2.75 18
    endloop
  endfacet
  facet normal -1 0 0
    outer loop
      vertex -21.45 0.515578 14.0838
      vertex -21.45 7.7153 16.9375
      vertex -21.45 7.85642 16.9094
    endloop
  endfacet
  facet normal -1 -0 0
    outer loop
      vertex -21.45 8 16.9
      vertex -21.45 0.515578 14.0838
      vertex -21.45 7.85642 16.9094
    endloop
  endfacet
  facet normal -1 0 0
    outer loop
      vertex -21.45 6.93748 17.7153
      vertex -21.45 2.6563 17.2882
      vertex -21.45 2.72647 17.6411
    endloop
  endfacet
  facet normal -1 0 0
    outer loop
      vertex -21.45 7.04737 17.45
      vertex -21.45 2.54067 16.9476
      vertex -21.45 2.6563 17.2882
    endloop
  endfacet
  facet normal -1 0 0
    outer loop
      vertex -21.45 7.12731 17.3304
      vertex -21.45 2.38157 16.625
      vertex -21.45 2.54067 16.9476
    endloop
  endfacet
  facet normal -1 0 0
    outer loop
      vertex -21.45 7.33036 17.1273
      vertex -21.45 2.18172 16.3259
      vertex -21.45 2.38157 16.625
    endloop
  endfacet
  facet normal -1 0 0
    outer loop
      vertex -21.45 7.45 17.0474
      vertex -21.45 1.94454 16.0555
      vertex -21.45 2.18172 16.3259
    endloop
  endfacet
  facet normal -1 0 0
    outer loop
      vertex -21.45 7.57905 16.9837
      vertex -21.45 0.515578 14.0838
      vertex -21.45 1.94454 16.0555
    endloop
  endfacet
  facet normal -1 0 0
    outer loop
      vertex -21.45 1.94454 16.0555
      vertex -21.45 0.515578 14.0838
      vertex -21.45 1.67409 15.8183
    endloop
  endfacet
  facet normal -1 0 0
    outer loop
      vertex -21.45 1.67409 15.8183
      vertex -21.45 0.515578 14.0838
      vertex -21.45 1.375 15.6184
    endloop
  endfacet
  facet normal -1 0 0
    outer loop
      vertex -21.45 1.375 15.6184
      vertex -21.45 0.515578 14.0838
      vertex -21.45 1.05238 15.4593
    endloop
  endfacet
  facet normal -1 0 0
    outer loop
      vertex -21.45 1.05238 15.4593
      vertex -21.45 0.515578 14.0838
      vertex -21.45 0.711752 15.3437
    endloop
  endfacet
  facet normal -1 0 0
    outer loop
      vertex -21.45 0.515578 14.0838
      vertex -21.45 0.358947 15.2735
      vertex -21.45 0.711752 15.3437
    endloop
  endfacet
  facet normal -1 0 0
    outer loop
      vertex -21.45 0 14.05
      vertex -21.45 0.358947 15.2735
      vertex -21.45 0.515578 14.0838
    endloop
  endfacet
  facet normal -1 0 0
    outer loop
      vertex -21.45 0 14.05
      vertex -21.45 0 15.25
      vertex -21.45 0.358947 15.2735
    endloop
  endfacet
  facet normal -1 0 0
    outer loop
      vertex -21.45 0 14.05
      vertex -21.45 -0.358947 15.2735
      vertex -21.45 0 15.25
    endloop
  endfacet
  facet normal -1 0 0
    outer loop
      vertex -21.45 -0.515578 14.0838
      vertex -21.45 -0.358947 15.2735
      vertex -21.45 0 14.05
    endloop
  endfacet
  facet normal -1 0 0
    outer loop
      vertex -21.45 -0.515578 14.0838
      vertex -21.45 -0.711752 15.3437
      vertex -21.45 -0.358947 15.2735
    endloop
  endfacet
  facet normal -1 0 0
    outer loop
      vertex -21.45 -0.515578 14.0838
      vertex -21.45 -1.05238 15.4593
      vertex -21.45 -0.711752 15.3437
    endloop
  endfacet
  facet normal -1 0 0
    outer loop
      vertex -21.45 -0.515578 14.0838
      vertex -21.45 -1.375 15.6184
      vertex -21.45 -1.05238 15.4593
    endloop
  endfacet
  facet normal -1 0 0
    outer loop
      vertex -21.45 -0.515578 14.0838
      vertex -21.45 -1.67409 15.8183
      vertex -21.45 -1.375 15.6184
    endloop
  endfacet
  facet normal -1 0 0
    outer loop
      vertex -21.45 -0.515578 14.0838
      vertex -21.45 -1.94454 16.0555
      vertex -21.45 -1.67409 15.8183
    endloop
  endfacet
  facet normal -1 0 0
    outer loop
      vertex -21.45 -7.57905 16.9837
      vertex -21.45 -1.94454 16.0555
      vertex -21.45 -0.515578 14.0838
    endloop
  endfacet
  facet normal -1 0 0
    outer loop
      vertex -21.45 -6.90941 17.8564
      vertex -21.45 -2.75 18
      vertex -21.45 -2.72647 17.6411
    endloop
  endfacet
  facet normal -1 0 0
    outer loop
      vertex -21.45 -6.93748 17.7153
      vertex -21.45 -2.72647 17.6411
      vertex -21.45 -2.6563 17.2882
    endloop
  endfacet
  facet normal -1 0 0
    outer loop
      vertex -21.45 -7.04737 17.45
      vertex -21.45 -2.6563 17.2882
      vertex -21.45 -2.54067 16.9476
    endloop
  endfacet
  facet normal -1 0 0
    outer loop
      vertex -21.45 -7.12731 17.3304
      vertex -21.45 -2.54067 16.9476
      vertex -21.45 -2.38157 16.625
    endloop
  endfacet
  facet normal -1 0 0
    outer loop
      vertex -21.45 -7.33036 17.1273
      vertex -21.45 -2.38157 16.625
      vertex -21.45 -2.18172 16.3259
    endloop
  endfacet
  facet normal -1 0 -0
    outer loop
      vertex -21.45 -7.45 17.0474
      vertex -21.45 -1.94454 16.0555
      vertex -21.45 -7.57905 16.9837
    endloop
  endfacet
  facet normal -1 -0 0
    outer loop
      vertex -21.45 -2.75 18
      vertex -21.45 -6.90941 17.8564
      vertex -21.45 -6.9 18
    endloop
  endfacet
  facet normal -1 0 0
    outer loop
      vertex -21.45 -2.72647 17.6411
      vertex -21.45 -6.93748 17.7153
      vertex -21.45 -6.90941 17.8564
    endloop
  endfacet
  facet normal -1 0 0
    outer loop
      vertex -21.45 -2.6563 17.2882
      vertex -21.45 -6.98373 17.579
      vertex -21.45 -6.93748 17.7153
    endloop
  endfacet
  facet normal -1 0 0
    outer loop
      vertex -21.45 -2.6563 17.2882
      vertex -21.45 -7.04737 17.45
      vertex -21.45 -6.98373 17.579
    endloop
  endfacet
  facet normal -1 0 0
    outer loop
      vertex -21.45 -2.54067 16.9476
      vertex -21.45 -7.12731 17.3304
      vertex -21.45 -7.04737 17.45
    endloop
  endfacet
  facet normal -1 0 0
    outer loop
      vertex -21.45 -2.38157 16.625
      vertex -21.45 -7.22218 17.2222
      vertex -21.45 -7.12731 17.3304
    endloop
  endfacet
  facet normal -1 0 0
    outer loop
      vertex -21.45 -2.38157 16.625
      vertex -21.45 -7.33036 17.1273
      vertex -21.45 -7.22218 17.2222
    endloop
  endfacet
  facet normal -1 0 0
    outer loop
      vertex -21.45 -2.18172 16.3259
      vertex -21.45 -7.45 17.0474
      vertex -21.45 -7.33036 17.1273
    endloop
  endfacet
  facet normal -1 0 0
    outer loop
      vertex -21.45 -1.94454 16.0555
      vertex -21.45 -7.45 17.0474
      vertex -21.45 -2.18172 16.3259
    endloop
  endfacet
  facet normal -1 0 0
    outer loop
      vertex -21.45 -0.515578 14.0838
      vertex -21.45 -7.7153 16.9375
      vertex -21.45 -7.57905 16.9837
    endloop
  endfacet
  facet normal -1 0 0
    outer loop
      vertex -21.45 -0.515578 14.0838
      vertex -21.45 -7.85642 16.9094
      vertex -21.45 -7.7153 16.9375
    endloop
  endfacet
  facet normal -1 0 0
    outer loop
      vertex -21.45 -0.515578 14.0838
      vertex -21.45 -8 16.9
      vertex -21.45 -7.85642 16.9094
    endloop
  endfacet
  facet normal -1 0 0
    outer loop
      vertex -21.45 -14.2067 15.6701
      vertex -21.45 -8 16.9
      vertex -21.45 -0.515578 14.0838
    endloop
  endfacet
  facet normal -1 -0 0
    outer loop
      vertex -21.45 -8 16.9
      vertex -21.45 -14.2067 15.6701
      vertex -21.45 -8.14358 16.9094
    endloop
  endfacet
  facet normal -1 -0 0
    outer loop
      vertex -21.45 -8.14358 16.9094
      vertex -21.45 -14.2067 15.6701
      vertex -21.45 -8.2847 16.9375
    endloop
  endfacet
  facet normal -1 0 0
    outer loop
      vertex -21.45 -9.09059 17.8564
      vertex -21.45 -10.9 18
      vertex -21.45 -9.1 18
    endloop
  endfacet
  facet normal -1 0 0
    outer loop
      vertex -21.45 -10.9094 17.8564
      vertex -21.45 -9.09059 17.8564
      vertex -21.45 -9.06252 17.7153
    endloop
  endfacet
  facet normal -1 0 0
    outer loop
      vertex -21.45 -10.9375 17.7153
      vertex -21.45 -9.06252 17.7153
      vertex -21.45 -9.01627 17.579
    endloop
  endfacet
  facet normal -1 0 0
    outer loop
      vertex -21.45 -10.9837 17.579
      vertex -21.45 -9.01627 17.579
      vertex -21.45 -8.95263 17.45
    endloop
  endfacet
  facet normal -1 0 0
    outer loop
      vertex -21.45 -11.0474 17.45
      vertex -21.45 -8.95263 17.45
      vertex -21.45 -8.87269 17.3304
    endloop
  endfacet
  facet normal -1 0 0
    outer loop
      vertex -21.45 -11.1273 17.3304
      vertex -21.45 -8.87269 17.3304
      vertex -21.45 -8.77782 17.2222
    endloop
  endfacet
  facet normal -1 0 0
    outer loop
      vertex -21.45 -11.2222 17.2222
      vertex -21.45 -8.77782 17.2222
      vertex -21.45 -8.66964 17.1273
    endloop
  endfacet
  facet normal -1 0 0
    outer loop
      vertex -21.45 -11.3304 17.1273
      vertex -21.45 -8.66964 17.1273
      vertex -21.45 -8.55 17.0474
    endloop
  endfacet
  facet normal -1 0 0
    outer loop
      vertex -21.45 -11.45 17.0474
      vertex -21.45 -8.55 17.0474
      vertex -21.45 -8.42095 16.9837
    endloop
  endfacet
  facet normal -1 0 0
    outer loop
      vertex -21.45 -9.09059 17.8564
      vertex -21.45 -10.9094 17.8564
      vertex -21.45 -10.9 18
    endloop
  endfacet
  facet normal -1 0 -0
    outer loop
      vertex -21.45 -11.7153 16.9375
      vertex -21.45 -8.2847 16.9375
      vertex -21.45 -14.2067 15.6701
    endloop
  endfacet
  facet normal -1 0 0
    outer loop
      vertex -21.45 -9.06252 17.7153
      vertex -21.45 -10.9375 17.7153
      vertex -21.45 -10.9094 17.8564
    endloop
  endfacet
  facet normal -1 0 0
    outer loop
      vertex -21.45 -9.01627 17.579
      vertex -21.45 -10.9837 17.579
      vertex -21.45 -10.9375 17.7153
    endloop
  endfacet
  facet normal -1 0 0
    outer loop
      vertex -21.45 -8.95263 17.45
      vertex -21.45 -11.0474 17.45
      vertex -21.45 -10.9837 17.579
    endloop
  endfacet
  facet normal -1 0 0
    outer loop
      vertex -21.45 -8.87269 17.3304
      vertex -21.45 -11.1273 17.3304
      vertex -21.45 -11.0474 17.45
    endloop
  endfacet
  facet normal -1 0 0
    outer loop
      vertex -21.45 -8.77782 17.2222
      vertex -21.45 -11.2222 17.2222
      vertex -21.45 -11.1273 17.3304
    endloop
  endfacet
  facet normal -1 0 0
    outer loop
      vertex -21.45 -8.66964 17.1273
      vertex -21.45 -11.3304 17.1273
      vertex -21.45 -11.2222 17.2222
    endloop
  endfacet
  facet normal -1 0 0
    outer loop
      vertex -21.45 -8.55 17.0474
      vertex -21.45 -11.45 17.0474
      vertex -21.45 -11.3304 17.1273
    endloop
  endfacet
  facet normal -1 0 0
    outer loop
      vertex -21.45 -8.42095 16.9837
      vertex -21.45 -11.579 16.9837
      vertex -21.45 -11.45 17.0474
    endloop
  endfacet
  facet normal -1 -0 0
    outer loop
      vertex -21.45 -8.42095 16.9837
      vertex -21.45 -11.7153 16.9375
      vertex -21.45 -11.579 16.9837
    endloop
  endfacet
  facet normal -1 0 0
    outer loop
      vertex -21.45 -8.2847 16.9375
      vertex -21.45 -11.7153 16.9375
      vertex -21.45 -8.42095 16.9837
    endloop
  endfacet
  facet normal -1 0 0
    outer loop
      vertex -21.45 -11.7153 16.9375
      vertex -21.45 -14.2067 15.6701
      vertex -21.45 -11.8564 16.9094
    endloop
  endfacet
  facet normal -1 0 0
    outer loop
      vertex -21.45 -11.8564 16.9094
      vertex -21.45 -14.2067 15.6701
      vertex -21.45 -12 16.9
    endloop
  endfacet
  facet normal -1 -0 0
    outer loop
      vertex -21.45 -12 16.9
      vertex -21.45 -14.2067 15.6701
      vertex -21.45 -12.1436 16.9094
    endloop
  endfacet
  facet normal -1 0 0
    outer loop
      vertex -21.45 -15.075 15.9648
      vertex -21.45 -13.0163 17.579
      vertex -21.45 -14.7993 15.8289
    endloop
  endfacet
  facet normal -1 0 0
    outer loop
      vertex -21.45 -14.7993 15.8289
      vertex -21.45 -13.0163 17.579
      vertex -21.45 -14.5082 15.7301
    endloop
  endfacet
  facet normal -1 -0 0
    outer loop
      vertex -21.45 -12.9526 17.45
      vertex -21.45 -14.5082 15.7301
      vertex -21.45 -13.0163 17.579
    endloop
  endfacet
  facet normal -1 0 0
    outer loop
      vertex -21.45 -14.5082 15.7301
      vertex -21.45 -12.9526 17.45
      vertex -21.45 -14.2067 15.6701
    endloop
  endfacet
  facet normal -1 -0 0
    outer loop
      vertex -21.45 -12.8727 17.3304
      vertex -21.45 -14.2067 15.6701
      vertex -21.45 -12.9526 17.45
    endloop
  endfacet
  facet normal -1 -0 0
    outer loop
      vertex -21.45 -12.7778 17.2222
      vertex -21.45 -14.2067 15.6701
      vertex -21.45 -12.8727 17.3304
    endloop
  endfacet
  facet normal -1 -0 0
    outer loop
      vertex -21.45 -12.6696 17.1273
      vertex -21.45 -14.2067 15.6701
      vertex -21.45 -12.7778 17.2222
    endloop
  endfacet
  facet normal -1 -0 0
    outer loop
      vertex -21.45 -12.55 17.0474
      vertex -21.45 -14.2067 15.6701
      vertex -21.45 -12.6696 17.1273
    endloop
  endfacet
  facet normal -1 -0 0
    outer loop
      vertex -21.45 -12.421 16.9837
      vertex -21.45 -14.2067 15.6701
      vertex -21.45 -12.55 17.0474
    endloop
  endfacet
  facet normal -1 -0 0
    outer loop
      vertex -21.45 -12.2847 16.9375
      vertex -21.45 -14.2067 15.6701
      vertex -21.45 -12.421 16.9837
    endloop
  endfacet
  facet normal -1 -0 0
    outer loop
      vertex -21.45 -12.1436 16.9094
      vertex -21.45 -14.2067 15.6701
      vertex -21.45 -12.2847 16.9375
    endloop
  endfacet
  facet normal -1 -0 0
    outer loop
      vertex -21.45 15.075 20.0352
      vertex -21.45 13.0163 18.421
      vertex -21.45 14.7993 20.1711
    endloop
  endfacet
  facet normal -1 -0 0
    outer loop
      vertex -21.45 14.7993 20.1711
      vertex -21.45 13.0163 18.421
      vertex -21.45 14.5082 20.2699
    endloop
  endfacet
  facet normal -1 0 0
    outer loop
      vertex -21.45 12.9526 18.55
      vertex -21.45 14.5082 20.2699
      vertex -21.45 13.0163 18.421
    endloop
  endfacet
  facet normal -1 -0 0
    outer loop
      vertex -21.45 14.5082 20.2699
      vertex -21.45 12.9526 18.55
      vertex -21.45 14.2067 20.3299
    endloop
  endfacet
  facet normal -1 0 0
    outer loop
      vertex -21.45 12.8727 18.6696
      vertex -21.45 14.2067 20.3299
      vertex -21.45 12.9526 18.55
    endloop
  endfacet
  facet normal -1 0 0
    outer loop
      vertex -21.45 12.7778 18.7778
      vertex -21.45 14.2067 20.3299
      vertex -21.45 12.8727 18.6696
    endloop
  endfacet
  facet normal -1 0 0
    outer loop
      vertex -21.45 12.6696 18.8727
      vertex -21.45 14.2067 20.3299
      vertex -21.45 12.7778 18.7778
    endloop
  endfacet
  facet normal -1 0 0
    outer loop
      vertex -21.45 12.55 18.9526
      vertex -21.45 14.2067 20.3299
      vertex -21.45 12.6696 18.8727
    endloop
  endfacet
  facet normal -1 0 0
    outer loop
      vertex -21.45 12.421 19.0163
      vertex -21.45 14.2067 20.3299
      vertex -21.45 12.55 18.9526
    endloop
  endfacet
  facet normal -1 0 0
    outer loop
      vertex -21.45 12.2847 19.0625
      vertex -21.45 14.2067 20.3299
      vertex -21.45 12.421 19.0163
    endloop
  endfacet
  facet normal -1 0 0
    outer loop
      vertex -21.45 12.1436 19.0906
      vertex -21.45 14.2067 20.3299
      vertex -21.45 12.2847 19.0625
    endloop
  endfacet
  facet normal -1 0 0
    outer loop
      vertex -21.45 12 19.1
      vertex -21.45 14.2067 20.3299
      vertex -21.45 12.1436 19.0906
    endloop
  endfacet
  facet normal -1 0 0
    outer loop
      vertex -21.45 11.8564 19.0906
      vertex -21.45 14.2067 20.3299
      vertex -21.45 12 19.1
    endloop
  endfacet
  facet normal -1 0 0
    outer loop
      vertex -21.45 11.7153 19.0625
      vertex -21.45 14.2067 20.3299
      vertex -21.45 11.8564 19.0906
    endloop
  endfacet
  facet normal -1 0 0
    outer loop
      vertex -21.45 8.2847 19.0625
      vertex -21.45 11.7153 19.0625
      vertex -21.45 11.579 19.0163
    endloop
  endfacet
  facet normal -1 0 0
    outer loop
      vertex -21.45 8.42095 19.0163
      vertex -21.45 11.579 19.0163
      vertex -21.45 11.45 18.9526
    endloop
  endfacet
  facet normal -1 0 0
    outer loop
      vertex -21.45 9.1 18
      vertex -21.45 10.9094 18.1436
      vertex -21.45 10.9 18
    endloop
  endfacet
  facet normal -1 0 0
    outer loop
      vertex -21.45 9.09059 18.1436
      vertex -21.45 10.9094 18.1436
      vertex -21.45 9.1 18
    endloop
  endfacet
  facet normal -1 0 0
    outer loop
      vertex -21.45 10.9094 18.1436
      vertex -21.45 9.09059 18.1436
      vertex -21.45 10.9375 18.2847
    endloop
  endfacet
  facet normal -1 0 0
    outer loop
      vertex -21.45 9.06252 18.2847
      vertex -21.45 10.9375 18.2847
      vertex -21.45 9.09059 18.1436
    endloop
  endfacet
  facet normal -1 0 0
    outer loop
      vertex -21.45 10.9375 18.2847
      vertex -21.45 9.06252 18.2847
      vertex -21.45 10.9837 18.421
    endloop
  endfacet
  facet normal -1 0 0
    outer loop
      vertex -21.45 9.01627 18.421
      vertex -21.45 10.9837 18.421
      vertex -21.45 9.06252 18.2847
    endloop
  endfacet
  facet normal -1 0 0
    outer loop
      vertex -21.45 10.9837 18.421
      vertex -21.45 9.01627 18.421
      vertex -21.45 11.0474 18.55
    endloop
  endfacet
  facet normal -1 0 0
    outer loop
      vertex -21.45 8.95263 18.55
      vertex -21.45 11.0474 18.55
      vertex -21.45 9.01627 18.421
    endloop
  endfacet
  facet normal -1 0 0
    outer loop
      vertex -21.45 11.0474 18.55
      vertex -21.45 8.95263 18.55
      vertex -21.45 11.1273 18.6696
    endloop
  endfacet
  facet normal -1 0 0
    outer loop
      vertex -21.45 8.87269 18.6696
      vertex -21.45 11.1273 18.6696
      vertex -21.45 8.95263 18.55
    endloop
  endfacet
  facet normal -1 0 0
    outer loop
      vertex -21.45 11.1273 18.6696
      vertex -21.45 8.87269 18.6696
      vertex -21.45 11.2222 18.7778
    endloop
  endfacet
  facet normal -1 0 0
    outer loop
      vertex -21.45 8.77782 18.7778
      vertex -21.45 11.2222 18.7778
      vertex -21.45 8.87269 18.6696
    endloop
  endfacet
  facet normal -1 0 0
    outer loop
      vertex -21.45 11.2222 18.7778
      vertex -21.45 8.77782 18.7778
      vertex -21.45 11.3304 18.8727
    endloop
  endfacet
  facet normal -1 0 0
    outer loop
      vertex -21.45 8.66964 18.8727
      vertex -21.45 11.3304 18.8727
      vertex -21.45 8.77782 18.7778
    endloop
  endfacet
  facet normal -1 0 0
    outer loop
      vertex -21.45 11.3304 18.8727
      vertex -21.45 8.66964 18.8727
      vertex -21.45 11.45 18.9526
    endloop
  endfacet
  facet normal -1 0 0
    outer loop
      vertex -21.45 8.55 18.9526
      vertex -21.45 11.45 18.9526
      vertex -21.45 8.66964 18.8727
    endloop
  endfacet
  facet normal -1 0 0
    outer loop
      vertex -21.45 8.42095 19.0163
      vertex -21.45 11.45 18.9526
      vertex -21.45 8.55 18.9526
    endloop
  endfacet
  facet normal -1 0 0
    outer loop
      vertex -21.45 11.579 19.0163
      vertex -21.45 8.42095 19.0163
      vertex -21.45 8.2847 19.0625
    endloop
  endfacet
  facet normal -1 0 0
    outer loop
      vertex -21.45 11.7153 19.0625
      vertex -21.45 8.2847 19.0625
      vertex -21.45 14.2067 20.3299
    endloop
  endfacet
  facet normal -1 0 0
    outer loop
      vertex -21.45 8.14358 19.0906
      vertex -21.45 14.2067 20.3299
      vertex -21.45 8.2847 19.0625
    endloop
  endfacet
  facet normal -1 0 0
    outer loop
      vertex -21.45 8 19.1
      vertex -21.45 14.2067 20.3299
      vertex -21.45 8.14358 19.0906
    endloop
  endfacet
  facet normal -1 0 0
    outer loop
      vertex -21.45 0.515578 21.9162
      vertex -21.45 8 19.1
      vertex -21.45 7.85642 19.0906
    endloop
  endfacet
  facet normal -1 0 0
    outer loop
      vertex -21.45 2.75 18
      vertex -21.45 6.90941 18.1436
      vertex -21.45 6.9 18
    endloop
  endfacet
  facet normal -1 0 0
    outer loop
      vertex -21.45 2.72647 18.3589
      vertex -21.45 6.90941 18.1436
      vertex -21.45 2.75 18
    endloop
  endfacet
  facet normal -1 0 0
    outer loop
      vertex -21.45 6.90941 18.1436
      vertex -21.45 2.72647 18.3589
      vertex -21.45 6.93748 18.2847
    endloop
  endfacet
  facet normal -1 0 0
    outer loop
      vertex -21.45 2.6563 18.7118
      vertex -21.45 6.93748 18.2847
      vertex -21.45 2.72647 18.3589
    endloop
  endfacet
  facet normal -1 0 0
    outer loop
      vertex -21.45 6.93748 18.2847
      vertex -21.45 2.6563 18.7118
      vertex -21.45 6.98373 18.421
    endloop
  endfacet
  facet normal -1 0 0
    outer loop
      vertex -21.45 6.98373 18.421
      vertex -21.45 2.6563 18.7118
      vertex -21.45 7.04737 18.55
    endloop
  endfacet
  facet normal -1 0 0
    outer loop
      vertex -21.45 2.54067 19.0524
      vertex -21.45 7.04737 18.55
      vertex -21.45 2.6563 18.7118
    endloop
  endfacet
  facet normal -1 0 0
    outer loop
      vertex -21.45 7.04737 18.55
      vertex -21.45 2.54067 19.0524
      vertex -21.45 7.12731 18.6696
    endloop
  endfacet
  facet normal -1 0 0
    outer loop
      vertex -21.45 2.38157 19.375
      vertex -21.45 7.12731 18.6696
      vertex -21.45 2.54067 19.0524
    endloop
  endfacet
  facet normal -1 0 0
    outer loop
      vertex -21.45 7.12731 18.6696
      vertex -21.45 2.38157 19.375
      vertex -21.45 7.22218 18.7778
    endloop
  endfacet
  facet normal -1 0 0
    outer loop
      vertex -21.45 7.22218 18.7778
      vertex -21.45 2.38157 19.375
      vertex -21.45 7.33036 18.8727
    endloop
  endfacet
  facet normal -1 0 0
    outer loop
      vertex -21.45 2.18172 19.6741
      vertex -21.45 7.33036 18.8727
      vertex -21.45 2.38157 19.375
    endloop
  endfacet
  facet normal -1 0 0
    outer loop
      vertex -21.45 7.33036 18.8727
      vertex -21.45 2.18172 19.6741
      vertex -21.45 7.45 18.9526
    endloop
  endfacet
  facet normal -1 0 0
    outer loop
      vertex -21.45 1.94454 19.9445
      vertex -21.45 7.45 18.9526
      vertex -21.45 2.18172 19.6741
    endloop
  endfacet
  facet normal -1 0 0
    outer loop
      vertex -21.45 7.45 18.9526
      vertex -21.45 1.94454 19.9445
      vertex -21.45 7.57905 19.0163
    endloop
  endfacet
  facet normal -1 0 0
    outer loop
      vertex -21.45 0.515578 21.9162
      vertex -21.45 7.57905 19.0163
      vertex -21.45 1.94454 19.9445
    endloop
  endfacet
  facet normal -1 0 0
    outer loop
      vertex -21.45 7.57905 19.0163
      vertex -21.45 0.515578 21.9162
      vertex -21.45 7.7153 19.0625
    endloop
  endfacet
  facet normal -1 0 0
    outer loop
      vertex -21.45 7.7153 19.0625
      vertex -21.45 0.515578 21.9162
      vertex -21.45 7.85642 19.0906
    endloop
  endfacet
  facet normal -1 0 0
    outer loop
      vertex -21.45 0.515578 21.9162
      vertex -21.45 1.94454 19.9445
      vertex -21.45 1.67409 20.1817
    endloop
  endfacet
  facet normal -1 0 0
    outer loop
      vertex -21.45 0.515578 21.9162
      vertex -21.45 1.67409 20.1817
      vertex -21.45 1.375 20.3816
    endloop
  endfacet
  facet normal -1 0 0
    outer loop
      vertex -21.45 0.515578 21.9162
      vertex -21.45 1.375 20.3816
      vertex -21.45 1.05238 20.5407
    endloop
  endfacet
  facet normal -1 0 0
    outer loop
      vertex -21.45 0.515578 21.9162
      vertex -21.45 1.05238 20.5407
      vertex -21.45 0.711752 20.6563
    endloop
  endfacet
  facet normal -1 0 0
    outer loop
      vertex -21.45 8 19.1
      vertex -21.45 0.515578 21.9162
      vertex -21.45 14.2067 20.3299
    endloop
  endfacet
  facet normal -1 0 0
    outer loop
      vertex -21.45 0.358947 20.7265
      vertex -21.45 0.515578 21.9162
      vertex -21.45 0.711752 20.6563
    endloop
  endfacet
  facet normal -1 0 0
    outer loop
      vertex -21.45 0 20.75
      vertex -21.45 0.515578 21.9162
      vertex -21.45 0.358947 20.7265
    endloop
  endfacet
  facet normal -1 0 0
    outer loop
      vertex -21.45 0 20.75
      vertex -21.45 0 21.95
      vertex -21.45 0.515578 21.9162
    endloop
  endfacet
  facet normal -1 0 0
    outer loop
      vertex -21.45 -0.358947 20.7265
      vertex -21.45 0 21.95
      vertex -21.45 0 20.75
    endloop
  endfacet
  facet normal -1 0 0
    outer loop
      vertex -21.45 -0.358947 20.7265
      vertex -21.45 -0.515578 21.9162
      vertex -21.45 0 21.95
    endloop
  endfacet
  facet normal -1 0 0
    outer loop
      vertex -21.45 -0.711752 20.6563
      vertex -21.45 -0.515578 21.9162
      vertex -21.45 -0.358947 20.7265
    endloop
  endfacet
  facet normal -1 0 0
    outer loop
      vertex -21.45 -1.05238 20.5407
      vertex -21.45 -0.515578 21.9162
      vertex -21.45 -0.711752 20.6563
    endloop
  endfacet
  facet normal -1 0 0
    outer loop
      vertex -21.45 -1.375 20.3816
      vertex -21.45 -0.515578 21.9162
      vertex -21.45 -1.05238 20.5407
    endloop
  endfacet
  facet normal -1 0 0
    outer loop
      vertex -21.45 -1.67409 20.1817
      vertex -21.45 -0.515578 21.9162
      vertex -21.45 -1.375 20.3816
    endloop
  endfacet
  facet normal -1 0 0
    outer loop
      vertex -21.45 -1.94454 19.9445
      vertex -21.45 -0.515578 21.9162
      vertex -21.45 -1.67409 20.1817
    endloop
  endfacet
  facet normal -1 0 0
    outer loop
      vertex -21.45 -7.45 18.9526
      vertex -21.45 -1.94454 19.9445
      vertex -21.45 -2.18172 19.6741
    endloop
  endfacet
  facet normal -1 0 0
    outer loop
      vertex -21.45 -6.90941 18.1436
      vertex -21.45 -2.75 18
      vertex -21.45 -6.9 18
    endloop
  endfacet
  facet normal -1 0 0
    outer loop
      vertex -21.45 -2.75 18
      vertex -21.45 -6.90941 18.1436
      vertex -21.45 -2.72647 18.3589
    endloop
  endfacet
  facet normal -1 0 0
    outer loop
      vertex -21.45 -6.93748 18.2847
      vertex -21.45 -2.72647 18.3589
      vertex -21.45 -6.90941 18.1436
    endloop
  endfacet
  facet normal -1 -0 0
    outer loop
      vertex -21.45 -2.72647 18.3589
      vertex -21.45 -6.93748 18.2847
      vertex -21.45 -2.6563 18.7118
    endloop
  endfacet
  facet normal -1 0 0
    outer loop
      vertex -21.45 -6.98373 18.421
      vertex -21.45 -2.6563 18.7118
      vertex -21.45 -6.93748 18.2847
    endloop
  endfacet
  facet normal -1 0 0
    outer loop
      vertex -21.45 -7.04737 18.55
      vertex -21.45 -2.6563 18.7118
      vertex -21.45 -6.98373 18.421
    endloop
  endfacet
  facet normal -1 -0 0
    outer loop
      vertex -21.45 -2.6563 18.7118
      vertex -21.45 -7.04737 18.55
      vertex -21.45 -2.54067 19.0524
    endloop
  endfacet
  facet normal -1 0 0
    outer loop
      vertex -21.45 -7.12731 18.6696
      vertex -21.45 -2.54067 19.0524
      vertex -21.45 -7.04737 18.55
    endloop
  endfacet
  facet normal -1 -0 0
    outer loop
      vertex -21.45 -2.54067 19.0524
      vertex -21.45 -7.12731 18.6696
      vertex -21.45 -2.38157 19.375
    endloop
  endfacet
  facet normal -1 0 0
    outer loop
      vertex -21.45 -7.22218 18.7778
      vertex -21.45 -2.38157 19.375
      vertex -21.45 -7.12731 18.6696
    endloop
  endfacet
  facet normal -1 0 0
    outer loop
      vertex -21.45 -7.33036 18.8727
      vertex -21.45 -2.38157 19.375
      vertex -21.45 -7.22218 18.7778
    endloop
  endfacet
  facet normal -1 -0 0
    outer loop
      vertex -21.45 -2.38157 19.375
      vertex -21.45 -7.33036 18.8727
      vertex -21.45 -2.18172 19.6741
    endloop
  endfacet
  facet normal -1 0 0
    outer loop
      vertex -21.45 -7.45 18.9526
      vertex -21.45 -2.18172 19.6741
      vertex -21.45 -7.33036 18.8727
    endloop
  endfacet
  facet normal -1 0 0
    outer loop
      vertex -21.45 -1.94454 19.9445
      vertex -21.45 -7.45 18.9526
      vertex -21.45 -7.57905 19.0163
    endloop
  endfacet
  facet normal -1 -0 0
    outer loop
      vertex -21.45 -1.94454 19.9445
      vertex -21.45 -7.57905 19.0163
      vertex -21.45 -0.515578 21.9162
    endloop
  endfacet
  facet normal -1 0 0
    outer loop
      vertex -21.45 -7.7153 19.0625
      vertex -21.45 -0.515578 21.9162
      vertex -21.45 -7.57905 19.0163
    endloop
  endfacet
  facet normal -1 0 0
    outer loop
      vertex -21.45 -7.85642 19.0906
      vertex -21.45 -0.515578 21.9162
      vertex -21.45 -7.7153 19.0625
    endloop
  endfacet
  facet normal -1 0 0
    outer loop
      vertex -21.45 -8 19.1
      vertex -21.45 -0.515578 21.9162
      vertex -21.45 -7.85642 19.0906
    endloop
  endfacet
  facet normal -1 0 0
    outer loop
      vertex -21.45 -14.2067 20.3299
      vertex -21.45 -8 19.1
      vertex -21.45 -8.14358 19.0906
    endloop
  endfacet
  facet normal -1 0 0
    outer loop
      vertex -21.45 -14.2067 20.3299
      vertex -21.45 -8.14358 19.0906
      vertex -21.45 -8.2847 19.0625
    endloop
  endfacet
  facet normal -1 0 0
    outer loop
      vertex -21.45 -11.7153 19.0625
      vertex -21.45 -8.2847 19.0625
      vertex -21.45 -8.42095 19.0163
    endloop
  endfacet
  facet normal -1 0 0
    outer loop
      vertex -21.45 -10.9 18
      vertex -21.45 -9.09059 18.1436
      vertex -21.45 -9.1 18
    endloop
  endfacet
  facet normal -1 0 0
    outer loop
      vertex -21.45 -10.9094 18.1436
      vertex -21.45 -9.09059 18.1436
      vertex -21.45 -10.9 18
    endloop
  endfacet
  facet normal -1 0 0
    outer loop
      vertex -21.45 -9.09059 18.1436
      vertex -21.45 -10.9094 18.1436
      vertex -21.45 -9.06252 18.2847
    endloop
  endfacet
  facet normal -1 0 0
    outer loop
      vertex -21.45 -10.9375 18.2847
      vertex -21.45 -9.06252 18.2847
      vertex -21.45 -10.9094 18.1436
    endloop
  endfacet
  facet normal -1 0 0
    outer loop
      vertex -21.45 -9.06252 18.2847
      vertex -21.45 -10.9375 18.2847
      vertex -21.45 -9.01627 18.421
    endloop
  endfacet
  facet normal -1 0 0
    outer loop
      vertex -21.45 -10.9837 18.421
      vertex -21.45 -9.01627 18.421
      vertex -21.45 -10.9375 18.2847
    endloop
  endfacet
  facet normal -1 0 0
    outer loop
      vertex -21.45 -9.01627 18.421
      vertex -21.45 -10.9837 18.421
      vertex -21.45 -8.95263 18.55
    endloop
  endfacet
  facet normal -1 0 0
    outer loop
      vertex -21.45 -11.0474 18.55
      vertex -21.45 -8.95263 18.55
      vertex -21.45 -10.9837 18.421
    endloop
  endfacet
  facet normal -1 0 0
    outer loop
      vertex -21.45 -8.95263 18.55
      vertex -21.45 -11.0474 18.55
      vertex -21.45 -8.87269 18.6696
    endloop
  endfacet
  facet normal -1 0 0
    outer loop
      vertex -21.45 -11.1273 18.6696
      vertex -21.45 -8.87269 18.6696
      vertex -21.45 -11.0474 18.55
    endloop
  endfacet
  facet normal -1 0 0
    outer loop
      vertex -21.45 -8.87269 18.6696
      vertex -21.45 -11.1273 18.6696
      vertex -21.45 -8.77782 18.7778
    endloop
  endfacet
  facet normal -1 0 0
    outer loop
      vertex -21.45 -11.2222 18.7778
      vertex -21.45 -8.77782 18.7778
      vertex -21.45 -11.1273 18.6696
    endloop
  endfacet
  facet normal -1 0 0
    outer loop
      vertex -21.45 -8.77782 18.7778
      vertex -21.45 -11.2222 18.7778
      vertex -21.45 -8.66964 18.8727
    endloop
  endfacet
  facet normal -1 0 0
    outer loop
      vertex -21.45 -11.3304 18.8727
      vertex -21.45 -8.66964 18.8727
      vertex -21.45 -11.2222 18.7778
    endloop
  endfacet
  facet normal -1 0 0
    outer loop
      vertex -21.45 -8.66964 18.8727
      vertex -21.45 -11.3304 18.8727
      vertex -21.45 -8.55 18.9526
    endloop
  endfacet
  facet normal -1 0 0
    outer loop
      vertex -21.45 -11.45 18.9526
      vertex -21.45 -8.55 18.9526
      vertex -21.45 -11.3304 18.8727
    endloop
  endfacet
  facet normal -1 0 0
    outer loop
      vertex -21.45 -8.55 18.9526
      vertex -21.45 -11.45 18.9526
      vertex -21.45 -8.42095 19.0163
    endloop
  endfacet
  facet normal -1 0 0
    outer loop
      vertex -21.45 -11.579 19.0163
      vertex -21.45 -8.42095 19.0163
      vertex -21.45 -11.45 18.9526
    endloop
  endfacet
  facet normal -1 0 0
    outer loop
      vertex -21.45 -11.7153 19.0625
      vertex -21.45 -8.42095 19.0163
      vertex -21.45 -11.579 19.0163
    endloop
  endfacet
  facet normal -1 0 0
    outer loop
      vertex -21.45 -8.2847 19.0625
      vertex -21.45 -11.7153 19.0625
      vertex -21.45 -14.2067 20.3299
    endloop
  endfacet
  facet normal -1 0 0
    outer loop
      vertex -21.45 -14.2067 20.3299
      vertex -21.45 -11.7153 19.0625
      vertex -21.45 -11.8564 19.0906
    endloop
  endfacet
  facet normal -1 0 0
    outer loop
      vertex -21.45 -14.2067 20.3299
      vertex -21.45 -11.8564 19.0906
      vertex -21.45 -12 19.1
    endloop
  endfacet
  facet normal -1 0 0
    outer loop
      vertex -21.45 -14.2067 20.3299
      vertex -21.45 -12 19.1
      vertex -21.45 -12.1436 19.0906
    endloop
  endfacet
  facet normal -1 0 0
    outer loop
      vertex -21.45 -14.2067 20.3299
      vertex -21.45 -12.1436 19.0906
      vertex -21.45 -12.2847 19.0625
    endloop
  endfacet
  facet normal -1 -0 0
    outer loop
      vertex -21.45 -13.0163 17.579
      vertex -21.45 -15.075 15.9648
      vertex -21.45 -13.0625 17.7153
    endloop
  endfacet
  facet normal -1 0 0
    outer loop
      vertex -21.45 -15.3306 16.1356
      vertex -21.45 -13.0625 17.7153
      vertex -21.45 -15.075 15.9648
    endloop
  endfacet
  facet normal -1 0 0
    outer loop
      vertex -21.45 -15.5617 16.3383
      vertex -21.45 -13.0625 17.7153
      vertex -21.45 -15.3306 16.1356
    endloop
  endfacet
  facet normal -1 0 0
    outer loop
      vertex -21.45 -8 19.1
      vertex -21.45 -14.2067 20.3299
      vertex -21.45 -0.515578 21.9162
    endloop
  endfacet
  facet normal -1 0 0
    outer loop
      vertex -21.45 -12.421 19.0163
      vertex -21.45 -14.2067 20.3299
      vertex -21.45 -12.2847 19.0625
    endloop
  endfacet
  facet normal -1 0 0
    outer loop
      vertex -21.45 -12.55 18.9526
      vertex -21.45 -14.2067 20.3299
      vertex -21.45 -12.421 19.0163
    endloop
  endfacet
  facet normal -1 0 0
    outer loop
      vertex -21.45 -12.6696 18.8727
      vertex -21.45 -14.2067 20.3299
      vertex -21.45 -12.55 18.9526
    endloop
  endfacet
  facet normal -1 0 0
    outer loop
      vertex -21.45 -12.7778 18.7778
      vertex -21.45 -14.2067 20.3299
      vertex -21.45 -12.6696 18.8727
    endloop
  endfacet
  facet normal -1 0 0
    outer loop
      vertex -21.45 -12.8727 18.6696
      vertex -21.45 -14.2067 20.3299
      vertex -21.45 -12.7778 18.7778
    endloop
  endfacet
  facet normal -1 0 0
    outer loop
      vertex -21.45 -12.9526 18.55
      vertex -21.45 -14.2067 20.3299
      vertex -21.45 -12.8727 18.6696
    endloop
  endfacet
  facet normal -1 0 0
    outer loop
      vertex -21.45 -14.5082 20.2699
      vertex -21.45 -12.9526 18.55
      vertex -21.45 -13.0163 18.421
    endloop
  endfacet
  facet normal -1 0 0
    outer loop
      vertex -21.45 -15.7644 16.5694
      vertex -21.45 -13.0625 17.7153
      vertex -21.45 -15.5617 16.3383
    endloop
  endfacet
  facet normal -1 -0 0
    outer loop
      vertex -21.45 -13.0625 17.7153
      vertex -21.45 -15.7644 16.5694
      vertex -21.45 -13.0906 17.8564
    endloop
  endfacet
  facet normal -1 0 0
    outer loop
      vertex -21.45 -12.9526 18.55
      vertex -21.45 -14.5082 20.2699
      vertex -21.45 -14.2067 20.3299
    endloop
  endfacet
  facet normal -1 0 0
    outer loop
      vertex -21.45 -15.9352 16.825
      vertex -21.45 -13.0906 17.8564
      vertex -21.45 -15.7644 16.5694
    endloop
  endfacet
  facet normal -1 0 0
    outer loop
      vertex -21.45 -13.0163 18.421
      vertex -21.45 -14.7993 20.1711
      vertex -21.45 -14.5082 20.2699
    endloop
  endfacet
  facet normal -1 0 0
    outer loop
      vertex -21.45 -16.0711 17.1007
      vertex -21.45 -13.0906 17.8564
      vertex -21.45 -15.9352 16.825
    endloop
  endfacet
  facet normal -1 0 0
    outer loop
      vertex -21.45 -13.0163 18.421
      vertex -21.45 -15.075 20.0352
      vertex -21.45 -14.7993 20.1711
    endloop
  endfacet
  facet normal -1 0 0
    outer loop
      vertex -21.45 -16.1699 17.3918
      vertex -21.45 -13.0906 17.8564
      vertex -21.45 -16.0711 17.1007
    endloop
  endfacet
  facet normal -1 0 0
    outer loop
      vertex -21.45 -13.0625 18.2847
      vertex -21.45 -15.075 20.0352
      vertex -21.45 -13.0163 18.421
    endloop
  endfacet
  facet normal -1 -0 0
    outer loop
      vertex -21.45 -13.0906 17.8564
      vertex -21.45 -16.1699 17.3918
      vertex -21.45 -13.1 18
    endloop
  endfacet
  facet normal -1 0 -0
    outer loop
      vertex -21.45 -15.075 20.0352
      vertex -21.45 -13.0625 18.2847
      vertex -21.45 -15.3306 19.8644
    endloop
  endfacet
  facet normal -1 0 0
    outer loop
      vertex -21.45 -16.2299 17.6933
      vertex -21.45 -13.1 18
      vertex -21.45 -16.1699 17.3918
    endloop
  endfacet
  facet normal -1 0 -0
    outer loop
      vertex -21.45 -15.3306 19.8644
      vertex -21.45 -13.0625 18.2847
      vertex -21.45 -15.5617 19.6617
    endloop
  endfacet
  facet normal -1 0 0
    outer loop
      vertex -21.45 -16.25 18
      vertex -21.45 -13.1 18
      vertex -21.45 -16.2299 17.6933
    endloop
  endfacet
  facet normal -1 0 -0
    outer loop
      vertex -21.45 -15.5617 19.6617
      vertex -21.45 -13.0625 18.2847
      vertex -21.45 -15.7644 19.4306
    endloop
  endfacet
  facet normal -1 0 -0
    outer loop
      vertex -21.45 -16.2299 18.3067
      vertex -21.45 -13.1 18
      vertex -21.45 -16.25 18
    endloop
  endfacet
  facet normal -1 0 0
    outer loop
      vertex -21.45 -13.0906 18.1436
      vertex -21.45 -15.7644 19.4306
      vertex -21.45 -13.0625 18.2847
    endloop
  endfacet
  facet normal -1 0 -0
    outer loop
      vertex -21.45 -16.1699 18.6082
      vertex -21.45 -13.1 18
      vertex -21.45 -16.2299 18.3067
    endloop
  endfacet
  facet normal -1 0 -0
    outer loop
      vertex -21.45 -15.7644 19.4306
      vertex -21.45 -13.0906 18.1436
      vertex -21.45 -15.9352 19.175
    endloop
  endfacet
  facet normal -1 0 0
    outer loop
      vertex -21.45 -13.1 18
      vertex -21.45 -16.1699 18.6082
      vertex -21.45 -13.0906 18.1436
    endloop
  endfacet
  facet normal -1 0 -0
    outer loop
      vertex -21.45 -15.9352 19.175
      vertex -21.45 -13.0906 18.1436
      vertex -21.45 -16.0711 18.8993
    endloop
  endfacet
  facet normal -1 0 -0
    outer loop
      vertex -21.45 -16.0711 18.8993
      vertex -21.45 -13.0906 18.1436
      vertex -21.45 -16.1699 18.6082
    endloop
  endfacet
  facet normal 0 -0.195178 -0.980768
    outer loop
      vertex -23.25 14.2067 20.3299
      vertex -21.45 14.5082 20.2699
      vertex -21.45 14.2067 20.3299
    endloop
  endfacet
  facet normal -0 -0.195178 -0.980768
    outer loop
      vertex -21.45 14.5082 20.2699
      vertex -23.25 14.2067 20.3299
      vertex -23.25 14.5082 20.2699
    endloop
  endfacet
  facet normal 0 -0.555601 0.831449
    outer loop
      vertex -23.25 15.3306 16.1356
      vertex -21.45 15.075 15.9648
      vertex -21.45 15.3306 16.1356
    endloop
  endfacet
  facet normal 0 -0.555601 0.831449
    outer loop
      vertex -21.45 15.075 15.9648
      vertex -23.25 15.3306 16.1356
      vertex -23.25 15.075 15.9648
    endloop
  endfacet
  facet normal 0 0.442131 -0.89695
    outer loop
      vertex -23.25 -15.075 20.0352
      vertex -21.45 -14.7993 20.1711
      vertex -21.45 -15.075 20.0352
    endloop
  endfacet
  facet normal 0 0.442131 -0.89695
    outer loop
      vertex -21.45 -14.7993 20.1711
      vertex -23.25 -15.075 20.0352
      vertex -23.25 -14.7993 20.1711
    endloop
  endfacet
  facet normal 0 -0.75179 0.659402
    outer loop
      vertex -23.25 15.5617 16.3383
      vertex -21.45 15.7644 16.5694
      vertex -23.25 15.7644 16.5694
    endloop
  endfacet
  facet normal 0 -0.75179 0.659402
    outer loop
      vertex -21.45 15.7644 16.5694
      vertex -23.25 15.5617 16.3383
      vertex -21.45 15.5617 16.3383
    endloop
  endfacet
  facet normal 0 -0.946945 0.321395
    outer loop
      vertex -23.25 16.0711 17.1007
      vertex -21.45 16.1699 17.3918
      vertex -23.25 16.1699 17.3918
    endloop
  endfacet
  facet normal 0 -0.946945 0.321395
    outer loop
      vertex -21.45 16.1699 17.3918
      vertex -23.25 16.0711 17.1007
      vertex -21.45 16.0711 17.1007
    endloop
  endfacet
  facet normal 0 0.659402 -0.75179
    outer loop
      vertex -23.25 -15.5617 19.6617
      vertex -21.45 -15.3306 19.8644
      vertex -21.45 -15.5617 19.6617
    endloop
  endfacet
  facet normal 0 0.659402 -0.75179
    outer loop
      vertex -21.45 -15.3306 19.8644
      vertex -23.25 -15.5617 19.6617
      vertex -23.25 -15.3306 19.8644
    endloop
  endfacet
  facet normal 0 0.195178 -0.980768
    outer loop
      vertex -23.25 -14.5082 20.2699
      vertex -21.45 -14.2067 20.3299
      vertex -21.45 -14.5082 20.2699
    endloop
  endfacet
  facet normal 0 0.195178 -0.980768
    outer loop
      vertex -21.45 -14.2067 20.3299
      vertex -23.25 -14.5082 20.2699
      vertex -23.25 -14.2067 20.3299
    endloop
  endfacet
  facet normal 0 0.946945 -0.321395
    outer loop
      vertex -21.45 -16.1699 18.6082
      vertex -23.25 -16.0711 18.8993
      vertex -21.45 -16.0711 18.8993
    endloop
  endfacet
  facet normal 0 0.946945 -0.321395
    outer loop
      vertex -23.25 -16.0711 18.8993
      vertex -21.45 -16.1699 18.6082
      vertex -23.25 -16.1699 18.6082
    endloop
  endfacet
  facet normal 0 0.980768 -0.195178
    outer loop
      vertex -21.45 -16.2299 18.3067
      vertex -23.25 -16.1699 18.6082
      vertex -21.45 -16.1699 18.6082
    endloop
  endfacet
  facet normal 0 0.980768 -0.195178
    outer loop
      vertex -23.25 -16.1699 18.6082
      vertex -21.45 -16.2299 18.3067
      vertex -23.25 -16.2299 18.3067
    endloop
  endfacet
  facet normal 0 -0.89695 0.442131
    outer loop
      vertex -23.25 15.9352 16.825
      vertex -21.45 16.0711 17.1007
      vertex -23.25 16.0711 17.1007
    endloop
  endfacet
  facet normal 0 -0.89695 0.442131
    outer loop
      vertex -21.45 16.0711 17.1007
      vertex -23.25 15.9352 16.825
      vertex -21.45 15.9352 16.825
    endloop
  endfacet
  facet normal 0 -0.980768 0.195178
    outer loop
      vertex -23.25 16.1699 17.3918
      vertex -21.45 16.2299 17.6933
      vertex -23.25 16.2299 17.6933
    endloop
  endfacet
  facet normal 0 -0.980768 0.195178
    outer loop
      vertex -21.45 16.2299 17.6933
      vertex -23.25 16.1699 17.3918
      vertex -21.45 16.1699 17.3918
    endloop
  endfacet
  facet normal 0 0.75179 -0.659402
    outer loop
      vertex -21.45 -15.7644 19.4306
      vertex -23.25 -15.5617 19.6617
      vertex -21.45 -15.5617 19.6617
    endloop
  endfacet
  facet normal 0 0.75179 -0.659402
    outer loop
      vertex -23.25 -15.5617 19.6617
      vertex -21.45 -15.7644 19.4306
      vertex -23.25 -15.7644 19.4306
    endloop
  endfacet
  facet normal 0 -0.321395 0.946945
    outer loop
      vertex -23.25 14.7993 15.8289
      vertex -21.45 14.5082 15.7301
      vertex -21.45 14.7993 15.8289
    endloop
  endfacet
  facet normal 0 -0.321395 0.946945
    outer loop
      vertex -21.45 14.5082 15.7301
      vertex -23.25 14.7993 15.8289
      vertex -23.25 14.5082 15.7301
    endloop
  endfacet
  facet normal 0 -0.831449 0.555601
    outer loop
      vertex -23.25 15.7644 16.5694
      vertex -21.45 15.9352 16.825
      vertex -23.25 15.9352 16.825
    endloop
  endfacet
  facet normal 0 -0.831449 0.555601
    outer loop
      vertex -21.45 15.9352 16.825
      vertex -23.25 15.7644 16.5694
      vertex -21.45 15.7644 16.5694
    endloop
  endfacet
  facet normal 0 -0.980768 -0.195178
    outer loop
      vertex -23.25 16.2299 18.3067
      vertex -21.45 16.1699 18.6082
      vertex -23.25 16.1699 18.6082
    endloop
  endfacet
  facet normal 0 -0.980768 -0.195178
    outer loop
      vertex -21.45 16.1699 18.6082
      vertex -23.25 16.2299 18.3067
      vertex -21.45 16.2299 18.3067
    endloop
  endfacet
  facet normal -0 0.659402 0.75179
    outer loop
      vertex -23.25 -15.3306 16.1356
      vertex -21.45 -15.5617 16.3383
      vertex -21.45 -15.3306 16.1356
    endloop
  endfacet
  facet normal 0 0.659402 0.75179
    outer loop
      vertex -21.45 -15.5617 16.3383
      vertex -23.25 -15.3306 16.1356
      vertex -23.25 -15.5617 16.3383
    endloop
  endfacet
  facet normal 0 0.997859 0.0653961
    outer loop
      vertex -21.45 -16.2299 17.6933
      vertex -23.25 -16.25 18
      vertex -21.45 -16.25 18
    endloop
  endfacet
  facet normal 0 0.997859 0.0653961
    outer loop
      vertex -23.25 -16.25 18
      vertex -21.45 -16.2299 17.6933
      vertex -23.25 -16.2299 17.6933
    endloop
  endfacet
  facet normal 0 -0.831449 -0.555601
    outer loop
      vertex -23.25 15.9352 19.175
      vertex -21.45 15.7644 19.4306
      vertex -23.25 15.7644 19.4306
    endloop
  endfacet
  facet normal 0 -0.831449 -0.555601
    outer loop
      vertex -21.45 15.7644 19.4306
      vertex -23.25 15.9352 19.175
      vertex -21.45 15.9352 19.175
    endloop
  endfacet
  facet normal 0 -0.659402 0.75179
    outer loop
      vertex -23.25 15.5617 16.3383
      vertex -21.45 15.3306 16.1356
      vertex -21.45 15.5617 16.3383
    endloop
  endfacet
  facet normal 0 -0.659402 0.75179
    outer loop
      vertex -21.45 15.3306 16.1356
      vertex -23.25 15.5617 16.3383
      vertex -23.25 15.3306 16.1356
    endloop
  endfacet
  facet normal -0 0.555601 0.831449
    outer loop
      vertex -23.25 -15.075 15.9648
      vertex -21.45 -15.3306 16.1356
      vertex -21.45 -15.075 15.9648
    endloop
  endfacet
  facet normal 0 0.555601 0.831449
    outer loop
      vertex -21.45 -15.3306 16.1356
      vertex -23.25 -15.075 15.9648
      vertex -23.25 -15.3306 16.1356
    endloop
  endfacet
  facet normal 0 0.89695 0.442131
    outer loop
      vertex -21.45 -15.9352 16.825
      vertex -23.25 -16.0711 17.1007
      vertex -21.45 -16.0711 17.1007
    endloop
  endfacet
  facet normal 0 0.89695 0.442131
    outer loop
      vertex -23.25 -16.0711 17.1007
      vertex -21.45 -15.9352 16.825
      vertex -23.25 -15.9352 16.825
    endloop
  endfacet
  facet normal 0 0.980768 0.195178
    outer loop
      vertex -21.45 -16.1699 17.3918
      vertex -23.25 -16.2299 17.6933
      vertex -21.45 -16.2299 17.6933
    endloop
  endfacet
  facet normal 0 0.980768 0.195178
    outer loop
      vertex -23.25 -16.2299 17.6933
      vertex -21.45 -16.1699 17.3918
      vertex -23.25 -16.1699 17.3918
    endloop
  endfacet
  facet normal -0 0.321395 0.946945
    outer loop
      vertex -23.25 -14.5082 15.7301
      vertex -21.45 -14.7993 15.8289
      vertex -21.45 -14.5082 15.7301
    endloop
  endfacet
  facet normal 0 0.321395 0.946945
    outer loop
      vertex -21.45 -14.7993 15.8289
      vertex -23.25 -14.5082 15.7301
      vertex -23.25 -14.7993 15.8289
    endloop
  endfacet
  facet normal 0 0.75179 0.659402
    outer loop
      vertex -21.45 -15.5617 16.3383
      vertex -23.25 -15.7644 16.5694
      vertex -21.45 -15.7644 16.5694
    endloop
  endfacet
  facet normal 0 0.75179 0.659402
    outer loop
      vertex -23.25 -15.7644 16.5694
      vertex -21.45 -15.5617 16.3383
      vertex -23.25 -15.5617 16.3383
    endloop
  endfacet
  facet normal 0 -0.75179 -0.659402
    outer loop
      vertex -23.25 15.7644 19.4306
      vertex -21.45 15.5617 19.6617
      vertex -23.25 15.5617 19.6617
    endloop
  endfacet
  facet normal 0 -0.75179 -0.659402
    outer loop
      vertex -21.45 15.5617 19.6617
      vertex -23.25 15.7644 19.4306
      vertex -21.45 15.7644 19.4306
    endloop
  endfacet
  facet normal 0 -0.980799 0.19502
    outer loop
      vertex -21.45 2.6563 17.2882
      vertex -20.25 2.72647 17.6411
      vertex -21.45 2.72647 17.6411
    endloop
  endfacet
  facet normal 0 -0.980799 0.19502
    outer loop
      vertex -20.25 2.72647 17.6411
      vertex -21.45 2.6563 17.2882
      vertex -20.25 2.6563 17.2882
    endloop
  endfacet
  facet normal 0 -0.980799 -0.19502
    outer loop
      vertex -21.45 2.72647 18.3589
      vertex -20.25 2.6563 18.7118
      vertex -21.45 2.6563 18.7118
    endloop
  endfacet
  facet normal 0 -0.980799 -0.19502
    outer loop
      vertex -20.25 2.6563 18.7118
      vertex -21.45 2.72647 18.3589
      vertex -20.25 2.72647 18.3589
    endloop
  endfacet
  facet normal 0 -0.997858 -0.065421
    outer loop
      vertex -21.45 2.75 18
      vertex -20.25 2.72647 18.3589
      vertex -21.45 2.72647 18.3589
    endloop
  endfacet
  facet normal 0 -0.997858 -0.065421
    outer loop
      vertex -20.25 2.72647 18.3589
      vertex -21.45 2.75 18
      vertex -20.25 2.75 18
    endloop
  endfacet
  facet normal 0 -0.94692 -0.321469
    outer loop
      vertex -21.45 2.6563 18.7118
      vertex -20.25 2.54067 19.0524
      vertex -21.45 2.54067 19.0524
    endloop
  endfacet
  facet normal 0 -0.94692 -0.321469
    outer loop
      vertex -20.25 2.54067 19.0524
      vertex -21.45 2.6563 18.7118
      vertex -20.25 2.6563 18.7118
    endloop
  endfacet
  facet normal 0 -0.442292 0.896871
    outer loop
      vertex -21.45 1.375 15.6184
      vertex -20.25 1.05238 15.4593
      vertex -20.25 1.375 15.6184
    endloop
  endfacet
  facet normal 0 -0.442292 0.896871
    outer loop
      vertex -20.25 1.05238 15.4593
      vertex -21.45 1.375 15.6184
      vertex -21.45 1.05238 15.4593
    endloop
  endfacet
  facet normal 0 -0.195151 -0.980773
    outer loop
      vertex -21.45 0.358947 20.7265
      vertex -20.25 0.711752 20.6563
      vertex -20.25 0.358947 20.7265
    endloop
  endfacet
  facet normal -0 -0.195151 -0.980773
    outer loop
      vertex -20.25 0.711752 20.6563
      vertex -21.45 0.358947 20.7265
      vertex -21.45 0.711752 20.6563
    endloop
  endfacet
  facet normal 0 -0.195151 0.980773
    outer loop
      vertex -21.45 0.711752 15.3437
      vertex -20.25 0.358947 15.2735
      vertex -20.25 0.711752 15.3437
    endloop
  endfacet
  facet normal 0 -0.195151 0.980773
    outer loop
      vertex -20.25 0.358947 15.2735
      vertex -21.45 0.711752 15.3437
      vertex -21.45 0.358947 15.2735
    endloop
  endfacet
  facet normal 0 -0.0653294 0.997864
    outer loop
      vertex -21.45 0.358947 15.2735
      vertex -20.25 0 15.25
      vertex -20.25 0.358947 15.2735
    endloop
  endfacet
  facet normal 0 -0.0653294 0.997864
    outer loop
      vertex -20.25 0 15.25
      vertex -21.45 0.358947 15.2735
      vertex -21.45 0 15.25
    endloop
  endfacet
  facet normal 0 0.65938 -0.75181
    outer loop
      vertex -21.45 -1.94454 19.9445
      vertex -20.25 -1.67409 20.1817
      vertex -20.25 -1.94454 19.9445
    endloop
  endfacet
  facet normal 0 0.65938 -0.75181
    outer loop
      vertex -20.25 -1.67409 20.1817
      vertex -21.45 -1.94454 19.9445
      vertex -21.45 -1.67409 20.1817
    endloop
  endfacet
  facet normal 0 0.831472 -0.555566
    outer loop
      vertex -20.25 -2.38157 19.375
      vertex -21.45 -2.18172 19.6741
      vertex -20.25 -2.18172 19.6741
    endloop
  endfacet
  facet normal 0 0.831472 -0.555566
    outer loop
      vertex -21.45 -2.18172 19.6741
      vertex -20.25 -2.38157 19.375
      vertex -21.45 -2.38157 19.375
    endloop
  endfacet
  facet normal 0 -0.321371 -0.946954
    outer loop
      vertex -21.45 0.711752 20.6563
      vertex -20.25 1.05238 20.5407
      vertex -20.25 0.711752 20.6563
    endloop
  endfacet
  facet normal -0 -0.321371 -0.946954
    outer loop
      vertex -20.25 1.05238 20.5407
      vertex -21.45 0.711752 20.6563
      vertex -21.45 1.05238 20.5407
    endloop
  endfacet
  facet normal 0 -0.65938 0.75181
    outer loop
      vertex -21.45 1.94454 16.0555
      vertex -20.25 1.67409 15.8183
      vertex -20.25 1.94454 16.0555
    endloop
  endfacet
  facet normal 0 -0.65938 0.75181
    outer loop
      vertex -20.25 1.67409 15.8183
      vertex -21.45 1.94454 16.0555
      vertex -21.45 1.67409 15.8183
    endloop
  endfacet
  facet normal 0 0.442292 -0.896871
    outer loop
      vertex -21.45 -1.375 20.3816
      vertex -20.25 -1.05238 20.5407
      vertex -20.25 -1.375 20.3816
    endloop
  endfacet
  facet normal 0 0.442292 -0.896871
    outer loop
      vertex -20.25 -1.05238 20.5407
      vertex -21.45 -1.375 20.3816
      vertex -21.45 -1.05238 20.5407
    endloop
  endfacet
  facet normal -0 0.0653294 0.997864
    outer loop
      vertex -21.45 0 15.25
      vertex -20.25 -0.358947 15.2735
      vertex -20.25 0 15.25
    endloop
  endfacet
  facet normal 0 0.0653294 0.997864
    outer loop
      vertex -20.25 -0.358947 15.2735
      vertex -21.45 0 15.25
      vertex -21.45 -0.358947 15.2735
    endloop
  endfacet
  facet normal 0 -0.751777 0.659417
    outer loop
      vertex -21.45 1.94454 16.0555
      vertex -20.25 2.18172 16.3259
      vertex -21.45 2.18172 16.3259
    endloop
  endfacet
  facet normal 0 -0.751777 0.659417
    outer loop
      vertex -20.25 2.18172 16.3259
      vertex -21.45 1.94454 16.0555
      vertex -20.25 1.94454 16.0555
    endloop
  endfacet
  facet normal 0 0.94692 0.321469
    outer loop
      vertex -20.25 -2.54067 16.9476
      vertex -21.45 -2.6563 17.2882
      vertex -20.25 -2.6563 17.2882
    endloop
  endfacet
  facet normal 0 0.94692 0.321469
    outer loop
      vertex -21.45 -2.6563 17.2882
      vertex -20.25 -2.54067 16.9476
      vertex -21.45 -2.54067 16.9476
    endloop
  endfacet
  facet normal 0 -0.321371 0.946954
    outer loop
      vertex -21.45 1.05238 15.4593
      vertex -20.25 0.711752 15.3437
      vertex -20.25 1.05238 15.4593
    endloop
  endfacet
  facet normal 0 -0.321371 0.946954
    outer loop
      vertex -20.25 0.711752 15.3437
      vertex -21.45 1.05238 15.4593
      vertex -21.45 0.711752 15.3437
    endloop
  endfacet
  facet normal 0 0.321371 -0.946954
    outer loop
      vertex -21.45 -1.05238 20.5407
      vertex -20.25 -0.711752 20.6563
      vertex -20.25 -1.05238 20.5407
    endloop
  endfacet
  facet normal 0 0.321371 -0.946954
    outer loop
      vertex -20.25 -0.711752 20.6563
      vertex -21.45 -1.05238 20.5407
      vertex -21.45 -0.711752 20.6563
    endloop
  endfacet
  facet normal 0 0.555675 -0.8314
    outer loop
      vertex -21.45 -1.67409 20.1817
      vertex -20.25 -1.375 20.3816
      vertex -20.25 -1.67409 20.1817
    endloop
  endfacet
  facet normal 0 0.555675 -0.8314
    outer loop
      vertex -20.25 -1.375 20.3816
      vertex -21.45 -1.67409 20.1817
      vertex -21.45 -1.375 20.3816
    endloop
  endfacet
  facet normal 0 0.94692 -0.321469
    outer loop
      vertex -20.25 -2.6563 18.7118
      vertex -21.45 -2.54067 19.0524
      vertex -20.25 -2.54067 19.0524
    endloop
  endfacet
  facet normal 0 0.94692 -0.321469
    outer loop
      vertex -21.45 -2.54067 19.0524
      vertex -20.25 -2.6563 18.7118
      vertex -21.45 -2.6563 18.7118
    endloop
  endfacet
  facet normal 0 -0.89686 -0.442314
    outer loop
      vertex -21.45 2.54067 19.0524
      vertex -20.25 2.38157 19.375
      vertex -21.45 2.38157 19.375
    endloop
  endfacet
  facet normal 0 -0.89686 -0.442314
    outer loop
      vertex -20.25 2.38157 19.375
      vertex -21.45 2.54067 19.0524
      vertex -20.25 2.54067 19.0524
    endloop
  endfacet
  facet normal 0 0.195151 -0.980773
    outer loop
      vertex -21.45 -0.711752 20.6563
      vertex -20.25 -0.358947 20.7265
      vertex -20.25 -0.711752 20.6563
    endloop
  endfacet
  facet normal 0 0.195151 -0.980773
    outer loop
      vertex -20.25 -0.358947 20.7265
      vertex -21.45 -0.711752 20.6563
      vertex -21.45 -0.358947 20.7265
    endloop
  endfacet
  facet normal 0 -0.65938 -0.75181
    outer loop
      vertex -21.45 1.67409 20.1817
      vertex -20.25 1.94454 19.9445
      vertex -20.25 1.67409 20.1817
    endloop
  endfacet
  facet normal -0 -0.65938 -0.75181
    outer loop
      vertex -20.25 1.94454 19.9445
      vertex -21.45 1.67409 20.1817
      vertex -21.45 1.94454 19.9445
    endloop
  endfacet
  facet normal 0 -0.997858 0.065421
    outer loop
      vertex -21.45 2.72647 17.6411
      vertex -20.25 2.75 18
      vertex -21.45 2.75 18
    endloop
  endfacet
  facet normal 0 -0.997858 0.065421
    outer loop
      vertex -20.25 2.75 18
      vertex -21.45 2.72647 17.6411
      vertex -20.25 2.72647 17.6411
    endloop
  endfacet
  facet normal 0 -0.442292 -0.896871
    outer loop
      vertex -21.45 1.05238 20.5407
      vertex -20.25 1.375 20.3816
      vertex -20.25 1.05238 20.5407
    endloop
  endfacet
  facet normal -0 -0.442292 -0.896871
    outer loop
      vertex -20.25 1.375 20.3816
      vertex -21.45 1.05238 20.5407
      vertex -21.45 1.375 20.3816
    endloop
  endfacet
  facet normal -0 0.321371 0.946954
    outer loop
      vertex -21.45 -0.711752 15.3437
      vertex -20.25 -1.05238 15.4593
      vertex -20.25 -0.711752 15.3437
    endloop
  endfacet
  facet normal 0 0.321371 0.946954
    outer loop
      vertex -20.25 -1.05238 15.4593
      vertex -21.45 -0.711752 15.3437
      vertex -21.45 -1.05238 15.4593
    endloop
  endfacet
  facet normal 0 0.980799 -0.19502
    outer loop
      vertex -20.25 -2.72647 18.3589
      vertex -21.45 -2.6563 18.7118
      vertex -20.25 -2.6563 18.7118
    endloop
  endfacet
  facet normal 0 0.980799 -0.19502
    outer loop
      vertex -21.45 -2.6563 18.7118
      vertex -20.25 -2.72647 18.3589
      vertex -21.45 -2.72647 18.3589
    endloop
  endfacet
  facet normal 0 0.0653294 -0.997864
    outer loop
      vertex -21.45 -0.358947 20.7265
      vertex -20.25 0 20.75
      vertex -20.25 -0.358947 20.7265
    endloop
  endfacet
  facet normal 0 0.0653294 -0.997864
    outer loop
      vertex -20.25 0 20.75
      vertex -21.45 -0.358947 20.7265
      vertex -21.45 0 20.75
    endloop
  endfacet
  facet normal -0 0.195151 0.980773
    outer loop
      vertex -21.45 -0.358947 15.2735
      vertex -20.25 -0.711752 15.3437
      vertex -20.25 -0.358947 15.2735
    endloop
  endfacet
  facet normal 0 0.195151 0.980773
    outer loop
      vertex -20.25 -0.711752 15.3437
      vertex -21.45 -0.358947 15.2735
      vertex -21.45 -0.711752 15.3437
    endloop
  endfacet
  facet normal 0 -0.94692 0.321469
    outer loop
      vertex -21.45 2.54067 16.9476
      vertex -20.25 2.6563 17.2882
      vertex -21.45 2.6563 17.2882
    endloop
  endfacet
  facet normal 0 -0.94692 0.321469
    outer loop
      vertex -20.25 2.6563 17.2882
      vertex -21.45 2.54067 16.9476
      vertex -20.25 2.54067 16.9476
    endloop
  endfacet
  facet normal 0 -0.831472 -0.555566
    outer loop
      vertex -21.45 2.38157 19.375
      vertex -20.25 2.18172 19.6741
      vertex -21.45 2.18172 19.6741
    endloop
  endfacet
  facet normal 0 -0.831472 -0.555566
    outer loop
      vertex -20.25 2.18172 19.6741
      vertex -21.45 2.38157 19.375
      vertex -20.25 2.38157 19.375
    endloop
  endfacet
  facet normal 0 -0.751777 -0.659417
    outer loop
      vertex -21.45 2.18172 19.6741
      vertex -20.25 1.94454 19.9445
      vertex -21.45 1.94454 19.9445
    endloop
  endfacet
  facet normal 0 -0.751777 -0.659417
    outer loop
      vertex -20.25 1.94454 19.9445
      vertex -21.45 2.18172 19.6741
      vertex -20.25 2.18172 19.6741
    endloop
  endfacet
  facet normal 0 0.89686 0.442314
    outer loop
      vertex -20.25 -2.38157 16.625
      vertex -21.45 -2.54067 16.9476
      vertex -20.25 -2.54067 16.9476
    endloop
  endfacet
  facet normal 0 0.89686 0.442314
    outer loop
      vertex -21.45 -2.54067 16.9476
      vertex -20.25 -2.38157 16.625
      vertex -21.45 -2.38157 16.625
    endloop
  endfacet
  facet normal 0 -0.89686 0.442314
    outer loop
      vertex -21.45 2.38157 16.625
      vertex -20.25 2.54067 16.9476
      vertex -21.45 2.54067 16.9476
    endloop
  endfacet
  facet normal 0 -0.89686 0.442314
    outer loop
      vertex -20.25 2.54067 16.9476
      vertex -21.45 2.38157 16.625
      vertex -20.25 2.38157 16.625
    endloop
  endfacet
  facet normal 0 0.751777 0.659417
    outer loop
      vertex -20.25 -1.94454 16.0555
      vertex -21.45 -2.18172 16.3259
      vertex -20.25 -2.18172 16.3259
    endloop
  endfacet
  facet normal 0 0.751777 0.659417
    outer loop
      vertex -21.45 -2.18172 16.3259
      vertex -20.25 -1.94454 16.0555
      vertex -21.45 -1.94454 16.0555
    endloop
  endfacet
  facet normal 0 -0.831472 0.555566
    outer loop
      vertex -21.45 2.18172 16.3259
      vertex -20.25 2.38157 16.625
      vertex -21.45 2.38157 16.625
    endloop
  endfacet
  facet normal 0 -0.831472 0.555566
    outer loop
      vertex -20.25 2.38157 16.625
      vertex -21.45 2.18172 16.3259
      vertex -20.25 2.18172 16.3259
    endloop
  endfacet
  facet normal 0 0.751777 -0.659417
    outer loop
      vertex -20.25 -2.18172 19.6741
      vertex -21.45 -1.94454 19.9445
      vertex -20.25 -1.94454 19.9445
    endloop
  endfacet
  facet normal 0 0.751777 -0.659417
    outer loop
      vertex -21.45 -1.94454 19.9445
      vertex -20.25 -2.18172 19.6741
      vertex -21.45 -2.18172 19.6741
    endloop
  endfacet
  facet normal 0 -0.0653294 -0.997864
    outer loop
      vertex -21.45 0 20.75
      vertex -20.25 0.358947 20.7265
      vertex -20.25 0 20.75
    endloop
  endfacet
  facet normal -0 -0.0653294 -0.997864
    outer loop
      vertex -20.25 0.358947 20.7265
      vertex -21.45 0 20.75
      vertex -21.45 0.358947 20.7265
    endloop
  endfacet
  facet normal 0 -0.555675 -0.8314
    outer loop
      vertex -21.45 1.375 20.3816
      vertex -20.25 1.67409 20.1817
      vertex -20.25 1.375 20.3816
    endloop
  endfacet
  facet normal -0 -0.555675 -0.8314
    outer loop
      vertex -20.25 1.67409 20.1817
      vertex -21.45 1.375 20.3816
      vertex -21.45 1.67409 20.1817
    endloop
  endfacet
  facet normal -0 0.442292 0.896871
    outer loop
      vertex -21.45 -1.05238 15.4593
      vertex -20.25 -1.375 15.6184
      vertex -20.25 -1.05238 15.4593
    endloop
  endfacet
  facet normal 0 0.442292 0.896871
    outer loop
      vertex -20.25 -1.375 15.6184
      vertex -21.45 -1.05238 15.4593
      vertex -21.45 -1.375 15.6184
    endloop
  endfacet
  facet normal 0 0.831472 0.555566
    outer loop
      vertex -20.25 -2.18172 16.3259
      vertex -21.45 -2.38157 16.625
      vertex -20.25 -2.38157 16.625
    endloop
  endfacet
  facet normal 0 0.831472 0.555566
    outer loop
      vertex -21.45 -2.38157 16.625
      vertex -20.25 -2.18172 16.3259
      vertex -21.45 -2.18172 16.3259
    endloop
  endfacet
  facet normal 0 0.980799 0.19502
    outer loop
      vertex -20.25 -2.6563 17.2882
      vertex -21.45 -2.72647 17.6411
      vertex -20.25 -2.72647 17.6411
    endloop
  endfacet
  facet normal 0 0.980799 0.19502
    outer loop
      vertex -21.45 -2.72647 17.6411
      vertex -20.25 -2.6563 17.2882
      vertex -21.45 -2.6563 17.2882
    endloop
  endfacet
  facet normal -0 0.65938 0.75181
    outer loop
      vertex -21.45 -1.67409 15.8183
      vertex -20.25 -1.94454 16.0555
      vertex -20.25 -1.67409 15.8183
    endloop
  endfacet
  facet normal 0 0.65938 0.75181
    outer loop
      vertex -20.25 -1.94454 16.0555
      vertex -21.45 -1.67409 15.8183
      vertex -21.45 -1.94454 16.0555
    endloop
  endfacet
  facet normal 0 0.89686 -0.442314
    outer loop
      vertex -20.25 -2.54067 19.0524
      vertex -21.45 -2.38157 19.375
      vertex -20.25 -2.38157 19.375
    endloop
  endfacet
  facet normal 0 0.89686 -0.442314
    outer loop
      vertex -21.45 -2.38157 19.375
      vertex -20.25 -2.54067 19.0524
      vertex -21.45 -2.54067 19.0524
    endloop
  endfacet
  facet normal 0 0.997858 0.065421
    outer loop
      vertex -20.25 -2.72647 17.6411
      vertex -21.45 -2.75 18
      vertex -20.25 -2.75 18
    endloop
  endfacet
  facet normal 0 0.997858 0.065421
    outer loop
      vertex -21.45 -2.75 18
      vertex -20.25 -2.72647 17.6411
      vertex -21.45 -2.72647 17.6411
    endloop
  endfacet
  facet normal 0 -0.555675 0.8314
    outer loop
      vertex -21.45 1.67409 15.8183
      vertex -20.25 1.375 15.6184
      vertex -20.25 1.67409 15.8183
    endloop
  endfacet
  facet normal 0 -0.555675 0.8314
    outer loop
      vertex -20.25 1.375 15.6184
      vertex -21.45 1.67409 15.8183
      vertex -21.45 1.375 15.6184
    endloop
  endfacet
  facet normal 0 0.997858 -0.065421
    outer loop
      vertex -20.25 -2.75 18
      vertex -21.45 -2.72647 18.3589
      vertex -20.25 -2.72647 18.3589
    endloop
  endfacet
  facet normal 0 0.997858 -0.065421
    outer loop
      vertex -21.45 -2.72647 18.3589
      vertex -20.25 -2.75 18
      vertex -21.45 -2.75 18
    endloop
  endfacet
  facet normal -0 0.555675 0.8314
    outer loop
      vertex -21.45 -1.375 15.6184
      vertex -20.25 -1.67409 15.8183
      vertex -20.25 -1.375 15.6184
    endloop
  endfacet
  facet normal 0 0.555675 0.8314
    outer loop
      vertex -20.25 -1.67409 15.8183
      vertex -21.45 -1.375 15.6184
      vertex -21.45 -1.67409 15.8183
    endloop
  endfacet
  facet normal -1 0 0
    outer loop
      vertex -8 -13 0
      vertex -8 -11 3
      vertex -8 -11 0
    endloop
  endfacet
  facet normal -1 -0 0
    outer loop
      vertex -8 -11 3
      vertex -8 -13 0
      vertex -8 -13 3
    endloop
  endfacet
  facet normal 1 -0 0
    outer loop
      vertex -12 -13 3
      vertex -12 -11 0
      vertex -12 -11 3
    endloop
  endfacet
  facet normal 1 0 0
    outer loop
      vertex -12 -11 0
      vertex -12 -13 3
      vertex -12 -13 0
    endloop
  endfacet
  facet normal 0 -1 0
    outer loop
      vertex -12 -11 0
      vertex -8 -11 3
      vertex -12 -11 3
    endloop
  endfacet
  facet normal 0 -1 -0
    outer loop
      vertex -8 -11 3
      vertex -12 -11 0
      vertex -8 -11 0
    endloop
  endfacet
  facet normal 0 1 -0
    outer loop
      vertex -8 -13 0
      vertex -12 -13 3
      vertex -8 -13 3
    endloop
  endfacet
  facet normal 0 1 0
    outer loop
      vertex -12 -13 3
      vertex -8 -13 0
      vertex -12 -13 0
    endloop
  endfacet
  facet normal -1 0 0
    outer loop
      vertex -8 11 0
      vertex -8 13 3
      vertex -8 13 0
    endloop
  endfacet
  facet normal -1 -0 0
    outer loop
      vertex -8 13 3
      vertex -8 11 0
      vertex -8 11 3
    endloop
  endfacet
  facet normal 1 -0 0
    outer loop
      vertex -12 11 3
      vertex -12 13 0
      vertex -12 13 3
    endloop
  endfacet
  facet normal 1 0 0
    outer loop
      vertex -12 13 0
      vertex -12 11 3
      vertex -12 11 0
    endloop
  endfacet
  facet normal 0 -1 0
    outer loop
      vertex -12 13 0
      vertex -8 13 3
      vertex -12 13 3
    endloop
  endfacet
  facet normal 0 -1 -0
    outer loop
      vertex -8 13 3
      vertex -12 13 0
      vertex -8 13 0
    endloop
  endfacet
  facet normal 0 1 -0
    outer loop
      vertex -8 11 0
      vertex -12 11 3
      vertex -8 11 3
    endloop
  endfacet
  facet normal 0 1 0
    outer loop
      vertex -12 11 3
      vertex -8 11 0
      vertex -12 11 0
    endloop
  endfacet
  facet normal -1 0 0
    outer loop
      vertex 12 -13 0
      vertex 12 -11 3
      vertex 12 -11 0
    endloop
  endfacet
  facet normal -1 -0 0
    outer loop
      vertex 12 -11 3
      vertex 12 -13 0
      vertex 12 -13 3
    endloop
  endfacet
  facet normal 1 -0 0
    outer loop
      vertex 8 -13 3
      vertex 8 -11 0
      vertex 8 -11 3
    endloop
  endfacet
  facet normal 1 0 0
    outer loop
      vertex 8 -11 0
      vertex 8 -13 3
      vertex 8 -13 0
    endloop
  endfacet
  facet normal 0 -1 0
    outer loop
      vertex 8 -11 0
      vertex 12 -11 3
      vertex 8 -11 3
    endloop
  endfacet
  facet normal 0 -1 -0
    outer loop
      vertex 12 -11 3
      vertex 8 -11 0
      vertex 12 -11 0
    endloop
  endfacet
  facet normal 0 1 -0
    outer loop
      vertex 12 -13 0
      vertex 8 -13 3
      vertex 12 -13 3
    endloop
  endfacet
  facet normal 0 1 0
    outer loop
      vertex 8 -13 3
      vertex 12 -13 0
      vertex 8 -13 0
    endloop
  endfacet
  facet normal -1 0 0
    outer loop
      vertex 12 11 0
      vertex 12 13 3
      vertex 12 13 0
    endloop
  endfacet
  facet normal -1 -0 0
    outer loop
      vertex 12 13 3
      vertex 12 11 0
      vertex 12 11 3
    endloop
  endfacet
  facet normal 1 -0 0
    outer loop
      vertex 8 11 3
      vertex 8 13 0
      vertex 8 13 3
    endloop
  endfacet
  facet normal 1 0 0
    outer loop
      vertex 8 13 0
      vertex 8 11 3
      vertex 8 11 0
    endloop
  endfacet
  facet normal 0 -1 0
    outer loop
      vertex 8 13 0
      vertex 12 13 3
      vertex 8 13 3
    endloop
  endfacet
  facet normal 0 -1 -0
    outer loop
      vertex 12 13 3
      vertex 8 13 0
      vertex 12 13 0
    endloop
  endfacet
  facet normal 0 1 -0
    outer loop
      vertex 12 11 0
      vertex 8 11 3
      vertex 12 11 3
    endloop
  endfacet
  facet normal 0 1 0
    outer loop
      vertex 8 11 3
      vertex 12 11 0
      vertex 8 11 0
    endloop
  endfacet
  facet normal 0 -0.321649 0.946859
    outer loop
      vertex 20.25 0.497488 16.799
      vertex 24.24 0.336464 16.7443
      vertex 24.24 0.497488 16.799
    endloop
  endfacet
  facet normal 0 -0.321649 0.946859
    outer loop
      vertex 24.24 0.336464 16.7443
      vertex 20.25 0.497488 16.799
      vertex 20.25 0.336464 16.7443
    endloop
  endfacet
  facet normal 0 -0.65961 0.751608
    outer loop
      vertex 20.25 0.919238 17.0808
      vertex 24.24 0.791389 16.9686
      vertex 24.24 0.919238 17.0808
    endloop
  endfacet
  facet normal 0 -0.65961 0.751608
    outer loop
      vertex 24.24 0.791389 16.9686
      vertex 20.25 0.919238 17.0808
      vertex 20.25 0.791389 16.9686
    endloop
  endfacet
  facet normal 0 -0.442239 0.896897
    outer loop
      vertex 20.25 0.65 16.8742
      vertex 24.24 0.497488 16.799
      vertex 24.24 0.65 16.8742
    endloop
  endfacet
  facet normal 0 -0.442239 0.896897
    outer loop
      vertex 24.24 0.497488 16.799
      vertex 20.25 0.65 16.8742
      vertex 20.25 0.497488 16.799
    endloop
  endfacet
  facet normal 0 -0.555273 0.831668
    outer loop
      vertex 20.25 0.791389 16.9686
      vertex 24.24 0.65 16.8742
      vertex 24.24 0.791389 16.9686
    endloop
  endfacet
  facet normal 0 -0.555273 0.831668
    outer loop
      vertex 24.24 0.65 16.8742
      vertex 20.25 0.791389 16.9686
      vertex 20.25 0.65 16.8742
    endloop
  endfacet
  facet normal -0 0.65961 0.751608
    outer loop
      vertex 20.25 -0.791389 16.9686
      vertex 24.24 -0.919238 17.0808
      vertex 24.24 -0.791389 16.9686
    endloop
  endfacet
  facet normal 0 0.65961 0.751608
    outer loop
      vertex 24.24 -0.919238 17.0808
      vertex 20.25 -0.791389 16.9686
      vertex 20.25 -0.919238 17.0808
    endloop
  endfacet
  facet normal 0 -0.0652766 0.997867
    outer loop
      vertex 20.25 0.169683 16.7111
      vertex 24.24 0 16.7
      vertex 24.24 0.169683 16.7111
    endloop
  endfacet
  facet normal 0 -0.0652766 0.997867
    outer loop
      vertex 24.24 0 16.7
      vertex 20.25 0.169683 16.7111
      vertex 20.25 0 16.7
    endloop
  endfacet
  facet normal 0 -0.89686 -0.442314
    outer loop
      vertex 20.25 1.20104 18.4975
      vertex 24.24 1.12583 18.65
      vertex 20.25 1.12583 18.65
    endloop
  endfacet
  facet normal 0 -0.89686 -0.442314
    outer loop
      vertex 24.24 1.12583 18.65
      vertex 20.25 1.20104 18.4975
      vertex 24.24 1.20104 18.4975
    endloop
  endfacet
  facet normal 0 0.0652766 -0.997867
    outer loop
      vertex 20.25 -0.169683 19.2889
      vertex 24.24 0 19.3
      vertex 24.24 -0.169683 19.2889
    endloop
  endfacet
  facet normal 0 0.0652766 -0.997867
    outer loop
      vertex 24.24 0 19.3
      vertex 20.25 -0.169683 19.2889
      vertex 20.25 0 19.3
    endloop
  endfacet
  facet normal -0 0.442239 0.896897
    outer loop
      vertex 20.25 -0.497488 16.799
      vertex 24.24 -0.65 16.8742
      vertex 24.24 -0.497488 16.799
    endloop
  endfacet
  facet normal 0 0.442239 0.896897
    outer loop
      vertex 24.24 -0.65 16.8742
      vertex 20.25 -0.497488 16.799
      vertex 20.25 -0.65 16.8742
    endloop
  endfacet
  facet normal 0 -0.75171 -0.659493
    outer loop
      vertex 20.25 1.03136 18.7914
      vertex 24.24 0.919238 18.9192
      vertex 20.25 0.919238 18.9192
    endloop
  endfacet
  facet normal 0 -0.75171 -0.659493
    outer loop
      vertex 24.24 0.919238 18.9192
      vertex 20.25 1.03136 18.7914
      vertex 24.24 1.03136 18.7914
    endloop
  endfacet
  facet normal -0 0.195233 0.980757
    outer loop
      vertex 20.25 -0.169683 16.7111
      vertex 24.24 -0.336464 16.7443
      vertex 24.24 -0.169683 16.7111
    endloop
  endfacet
  facet normal 0 0.195233 0.980757
    outer loop
      vertex 24.24 -0.336464 16.7443
      vertex 20.25 -0.169683 16.7111
      vertex 20.25 -0.336464 16.7443
    endloop
  endfacet
  facet normal 0 0.980784 -0.195098
    outer loop
      vertex 24.24 -1.28888 18.1697
      vertex 20.25 -1.2557 18.3365
      vertex 24.24 -1.2557 18.3365
    endloop
  endfacet
  facet normal 0 0.980784 -0.195098
    outer loop
      vertex 20.25 -1.2557 18.3365
      vertex 24.24 -1.28888 18.1697
      vertex 20.25 -1.28888 18.1697
    endloop
  endfacet
  facet normal -0 0.321649 0.946859
    outer loop
      vertex 20.25 -0.336464 16.7443
      vertex 24.24 -0.497488 16.799
      vertex 24.24 -0.336464 16.7443
    endloop
  endfacet
  facet normal 0 0.321649 0.946859
    outer loop
      vertex 24.24 -0.497488 16.799
      vertex 20.25 -0.336464 16.7443
      vertex 20.25 -0.497488 16.799
    endloop
  endfacet
  facet normal 0 -0.946916 0.321481
    outer loop
      vertex 20.25 1.20104 17.5025
      vertex 24.24 1.2557 17.6635
      vertex 20.25 1.2557 17.6635
    endloop
  endfacet
  facet normal 0 -0.946916 0.321481
    outer loop
      vertex 24.24 1.2557 17.6635
      vertex 20.25 1.20104 17.5025
      vertex 24.24 1.20104 17.5025
    endloop
  endfacet
  facet normal 0 0.321649 -0.946859
    outer loop
      vertex 20.25 -0.497488 19.201
      vertex 24.24 -0.336464 19.2557
      vertex 24.24 -0.497488 19.201
    endloop
  endfacet
  facet normal 0 0.321649 -0.946859
    outer loop
      vertex 24.24 -0.336464 19.2557
      vertex 20.25 -0.497488 19.201
      vertex 20.25 -0.336464 19.2557
    endloop
  endfacet
  facet normal 0 -0.831498 0.555528
    outer loop
      vertex 20.25 1.03136 17.2086
      vertex 24.24 1.12583 17.35
      vertex 20.25 1.12583 17.35
    endloop
  endfacet
  facet normal 0 -0.831498 0.555528
    outer loop
      vertex 24.24 1.12583 17.35
      vertex 20.25 1.03136 17.2086
      vertex 24.24 1.03136 17.2086
    endloop
  endfacet
  facet normal -0 0.555273 0.831668
    outer loop
      vertex 20.25 -0.65 16.8742
      vertex 24.24 -0.791389 16.9686
      vertex 24.24 -0.65 16.8742
    endloop
  endfacet
  facet normal 0 0.555273 0.831668
    outer loop
      vertex 24.24 -0.791389 16.9686
      vertex 20.25 -0.65 16.8742
      vertex 20.25 -0.791389 16.9686
    endloop
  endfacet
  facet normal 0 0.946916 0.321481
    outer loop
      vertex 24.24 -1.20104 17.5025
      vertex 20.25 -1.2557 17.6635
      vertex 24.24 -1.2557 17.6635
    endloop
  endfacet
  facet normal 0 0.946916 0.321481
    outer loop
      vertex 20.25 -1.2557 17.6635
      vertex 24.24 -1.20104 17.5025
      vertex 20.25 -1.20104 17.5025
    endloop
  endfacet
  facet normal 0 0.980784 0.195098
    outer loop
      vertex 24.24 -1.2557 17.6635
      vertex 20.25 -1.28888 17.8303
      vertex 24.24 -1.28888 17.8303
    endloop
  endfacet
  facet normal 0 0.980784 0.195098
    outer loop
      vertex 20.25 -1.28888 17.8303
      vertex 24.24 -1.2557 17.6635
      vertex 20.25 -1.2557 17.6635
    endloop
  endfacet
  facet normal 0 -0.99786 0.0653872
    outer loop
      vertex 20.25 1.28888 17.8303
      vertex 24.24 1.3 18
      vertex 20.25 1.3 18
    endloop
  endfacet
  facet normal 0 -0.99786 0.0653872
    outer loop
      vertex 24.24 1.3 18
      vertex 20.25 1.28888 17.8303
      vertex 24.24 1.28888 17.8303
    endloop
  endfacet
  facet normal 0 -0.89686 0.442314
    outer loop
      vertex 20.25 1.12583 17.35
      vertex 24.24 1.20104 17.5025
      vertex 20.25 1.20104 17.5025
    endloop
  endfacet
  facet normal 0 -0.89686 0.442314
    outer loop
      vertex 24.24 1.20104 17.5025
      vertex 20.25 1.12583 17.35
      vertex 24.24 1.12583 17.35
    endloop
  endfacet
  facet normal 0 0.75171 -0.659493
    outer loop
      vertex 24.24 -1.03136 18.7914
      vertex 20.25 -0.919238 18.9192
      vertex 24.24 -0.919238 18.9192
    endloop
  endfacet
  facet normal 0 0.75171 -0.659493
    outer loop
      vertex 20.25 -0.919238 18.9192
      vertex 24.24 -1.03136 18.7914
      vertex 20.25 -1.03136 18.7914
    endloop
  endfacet
  facet normal 0 0.946916 -0.321481
    outer loop
      vertex 24.24 -1.2557 18.3365
      vertex 20.25 -1.20104 18.4975
      vertex 24.24 -1.20104 18.4975
    endloop
  endfacet
  facet normal 0 0.946916 -0.321481
    outer loop
      vertex 20.25 -1.20104 18.4975
      vertex 24.24 -1.2557 18.3365
      vertex 20.25 -1.2557 18.3365
    endloop
  endfacet
  facet normal 0 -0.75171 0.659493
    outer loop
      vertex 20.25 0.919238 17.0808
      vertex 24.24 1.03136 17.2086
      vertex 20.25 1.03136 17.2086
    endloop
  endfacet
  facet normal 0 -0.75171 0.659493
    outer loop
      vertex 24.24 1.03136 17.2086
      vertex 20.25 0.919238 17.0808
      vertex 24.24 0.919238 17.0808
    endloop
  endfacet
  facet normal 0 -0.195233 -0.980757
    outer loop
      vertex 20.25 0.169683 19.2889
      vertex 24.24 0.336464 19.2557
      vertex 24.24 0.169683 19.2889
    endloop
  endfacet
  facet normal -0 -0.195233 -0.980757
    outer loop
      vertex 24.24 0.336464 19.2557
      vertex 20.25 0.169683 19.2889
      vertex 20.25 0.336464 19.2557
    endloop
  endfacet
  facet normal 0 -0.195233 0.980757
    outer loop
      vertex 20.25 0.336464 16.7443
      vertex 24.24 0.169683 16.7111
      vertex 24.24 0.336464 16.7443
    endloop
  endfacet
  facet normal 0 -0.195233 0.980757
    outer loop
      vertex 24.24 0.169683 16.7111
      vertex 20.25 0.336464 16.7443
      vertex 20.25 0.169683 16.7111
    endloop
  endfacet
  facet normal 0 -0.946916 -0.321481
    outer loop
      vertex 20.25 1.2557 18.3365
      vertex 24.24 1.20104 18.4975
      vertex 20.25 1.20104 18.4975
    endloop
  endfacet
  facet normal 0 -0.946916 -0.321481
    outer loop
      vertex 24.24 1.20104 18.4975
      vertex 20.25 1.2557 18.3365
      vertex 24.24 1.2557 18.3365
    endloop
  endfacet
  facet normal 0 0.75171 0.659493
    outer loop
      vertex 24.24 -0.919238 17.0808
      vertex 20.25 -1.03136 17.2086
      vertex 24.24 -1.03136 17.2086
    endloop
  endfacet
  facet normal 0 0.75171 0.659493
    outer loop
      vertex 20.25 -1.03136 17.2086
      vertex 24.24 -0.919238 17.0808
      vertex 20.25 -0.919238 17.0808
    endloop
  endfacet
  facet normal 0 0.195233 -0.980757
    outer loop
      vertex 20.25 -0.336464 19.2557
      vertex 24.24 -0.169683 19.2889
      vertex 24.24 -0.336464 19.2557
    endloop
  endfacet
  facet normal 0 0.195233 -0.980757
    outer loop
      vertex 24.24 -0.169683 19.2889
      vertex 20.25 -0.336464 19.2557
      vertex 20.25 -0.169683 19.2889
    endloop
  endfacet
  facet normal 0 -0.980784 0.195098
    outer loop
      vertex 20.25 1.2557 17.6635
      vertex 24.24 1.28888 17.8303
      vertex 20.25 1.28888 17.8303
    endloop
  endfacet
  facet normal 0 -0.980784 0.195098
    outer loop
      vertex 24.24 1.28888 17.8303
      vertex 20.25 1.2557 17.6635
      vertex 24.24 1.2557 17.6635
    endloop
  endfacet
  facet normal 0 0.65961 -0.751608
    outer loop
      vertex 20.25 -0.919238 18.9192
      vertex 24.24 -0.791389 19.0314
      vertex 24.24 -0.919238 18.9192
    endloop
  endfacet
  facet normal 0 0.65961 -0.751608
    outer loop
      vertex 24.24 -0.791389 19.0314
      vertex 20.25 -0.919238 18.9192
      vertex 20.25 -0.791389 19.0314
    endloop
  endfacet
  facet normal 0 0.99786 0.0653872
    outer loop
      vertex 24.24 -1.28888 17.8303
      vertex 20.25 -1.3 18
      vertex 24.24 -1.3 18
    endloop
  endfacet
  facet normal 0 0.99786 0.0653872
    outer loop
      vertex 20.25 -1.3 18
      vertex 24.24 -1.28888 17.8303
      vertex 20.25 -1.28888 17.8303
    endloop
  endfacet
  facet normal 0 -0.65961 -0.751608
    outer loop
      vertex 20.25 0.791389 19.0314
      vertex 24.24 0.919238 18.9192
      vertex 24.24 0.791389 19.0314
    endloop
  endfacet
  facet normal -0 -0.65961 -0.751608
    outer loop
      vertex 24.24 0.919238 18.9192
      vertex 20.25 0.791389 19.0314
      vertex 20.25 0.919238 18.9192
    endloop
  endfacet
  facet normal 0 -0.555273 -0.831668
    outer loop
      vertex 20.25 0.65 19.1258
      vertex 24.24 0.791389 19.0314
      vertex 24.24 0.65 19.1258
    endloop
  endfacet
  facet normal -0 -0.555273 -0.831668
    outer loop
      vertex 24.24 0.791389 19.0314
      vertex 20.25 0.65 19.1258
      vertex 20.25 0.791389 19.0314
    endloop
  endfacet
  facet normal 0 -0.321649 -0.946859
    outer loop
      vertex 20.25 0.336464 19.2557
      vertex 24.24 0.497488 19.201
      vertex 24.24 0.336464 19.2557
    endloop
  endfacet
  facet normal -0 -0.321649 -0.946859
    outer loop
      vertex 24.24 0.497488 19.201
      vertex 20.25 0.336464 19.2557
      vertex 20.25 0.497488 19.201
    endloop
  endfacet
  facet normal 0 -0.0652766 -0.997867
    outer loop
      vertex 20.25 0 19.3
      vertex 24.24 0.169683 19.2889
      vertex 24.24 0 19.3
    endloop
  endfacet
  facet normal -0 -0.0652766 -0.997867
    outer loop
      vertex 24.24 0.169683 19.2889
      vertex 20.25 0 19.3
      vertex 20.25 0.169683 19.2889
    endloop
  endfacet
  facet normal -0 0.0652766 0.997867
    outer loop
      vertex 20.25 0 16.7
      vertex 24.24 -0.169683 16.7111
      vertex 24.24 0 16.7
    endloop
  endfacet
  facet normal 0 0.0652766 0.997867
    outer loop
      vertex 24.24 -0.169683 16.7111
      vertex 20.25 0 16.7
      vertex 20.25 -0.169683 16.7111
    endloop
  endfacet
  facet normal 0 -0.99786 -0.0653872
    outer loop
      vertex 20.25 1.3 18
      vertex 24.24 1.28888 18.1697
      vertex 20.25 1.28888 18.1697
    endloop
  endfacet
  facet normal 0 -0.99786 -0.0653872
    outer loop
      vertex 24.24 1.28888 18.1697
      vertex 20.25 1.3 18
      vertex 24.24 1.3 18
    endloop
  endfacet
  facet normal 0 0.831498 0.555528
    outer loop
      vertex 24.24 -1.03136 17.2086
      vertex 20.25 -1.12583 17.35
      vertex 24.24 -1.12583 17.35
    endloop
  endfacet
  facet normal 0 0.831498 0.555528
    outer loop
      vertex 20.25 -1.12583 17.35
      vertex 24.24 -1.03136 17.2086
      vertex 20.25 -1.03136 17.2086
    endloop
  endfacet
  facet normal 0 -0.980784 -0.195098
    outer loop
      vertex 20.25 1.28888 18.1697
      vertex 24.24 1.2557 18.3365
      vertex 20.25 1.2557 18.3365
    endloop
  endfacet
  facet normal 0 -0.980784 -0.195098
    outer loop
      vertex 24.24 1.2557 18.3365
      vertex 20.25 1.28888 18.1697
      vertex 24.24 1.28888 18.1697
    endloop
  endfacet
  facet normal 0 -0.442239 -0.896897
    outer loop
      vertex 20.25 0.497488 19.201
      vertex 24.24 0.65 19.1258
      vertex 24.24 0.497488 19.201
    endloop
  endfacet
  facet normal -0 -0.442239 -0.896897
    outer loop
      vertex 24.24 0.65 19.1258
      vertex 20.25 0.497488 19.201
      vertex 20.25 0.65 19.1258
    endloop
  endfacet
  facet normal 0 -0.831498 -0.555528
    outer loop
      vertex 20.25 1.12583 18.65
      vertex 24.24 1.03136 18.7914
      vertex 20.25 1.03136 18.7914
    endloop
  endfacet
  facet normal 0 -0.831498 -0.555528
    outer loop
      vertex 24.24 1.03136 18.7914
      vertex 20.25 1.12583 18.65
      vertex 24.24 1.12583 18.65
    endloop
  endfacet
  facet normal 0 0.89686 0.442314
    outer loop
      vertex 24.24 -1.12583 17.35
      vertex 20.25 -1.20104 17.5025
      vertex 24.24 -1.20104 17.5025
    endloop
  endfacet
  facet normal 0 0.89686 0.442314
    outer loop
      vertex 20.25 -1.20104 17.5025
      vertex 24.24 -1.12583 17.35
      vertex 20.25 -1.12583 17.35
    endloop
  endfacet
  facet normal 0 0.89686 -0.442314
    outer loop
      vertex 24.24 -1.20104 18.4975
      vertex 20.25 -1.12583 18.65
      vertex 24.24 -1.12583 18.65
    endloop
  endfacet
  facet normal 0 0.89686 -0.442314
    outer loop
      vertex 20.25 -1.12583 18.65
      vertex 24.24 -1.20104 18.4975
      vertex 20.25 -1.20104 18.4975
    endloop
  endfacet
  facet normal 0 0.99786 -0.0653872
    outer loop
      vertex 24.24 -1.3 18
      vertex 20.25 -1.28888 18.1697
      vertex 24.24 -1.28888 18.1697
    endloop
  endfacet
  facet normal 0 0.99786 -0.0653872
    outer loop
      vertex 20.25 -1.28888 18.1697
      vertex 24.24 -1.3 18
      vertex 20.25 -1.3 18
    endloop
  endfacet
  facet normal 0 0.442239 -0.896897
    outer loop
      vertex 20.25 -0.65 19.1258
      vertex 24.24 -0.497488 19.201
      vertex 24.24 -0.65 19.1258
    endloop
  endfacet
  facet normal 0 0.442239 -0.896897
    outer loop
      vertex 24.24 -0.497488 19.201
      vertex 20.25 -0.65 19.1258
      vertex 20.25 -0.497488 19.201
    endloop
  endfacet
  facet normal 0 0.555273 -0.831668
    outer loop
      vertex 20.25 -0.791389 19.0314
      vertex 24.24 -0.65 19.1258
      vertex 24.24 -0.791389 19.0314
    endloop
  endfacet
  facet normal 0 0.555273 -0.831668
    outer loop
      vertex 24.24 -0.65 19.1258
      vertex 20.25 -0.791389 19.0314
      vertex 20.25 -0.65 19.1258
    endloop
  endfacet
  facet normal 0 0.831498 -0.555528
    outer loop
      vertex 24.24 -1.12583 18.65
      vertex 20.25 -1.03136 18.7914
      vertex 24.24 -1.03136 18.7914
    endloop
  endfacet
  facet normal 0 0.831498 -0.555528
    outer loop
      vertex 20.25 -1.03136 18.7914
      vertex 24.24 -1.12583 18.65
      vertex 20.25 -1.12583 18.65
    endloop
  endfacet
endsolid OpenSCAD_Model
