solid OpenSCAD_Model
  facet normal -0.442238 0.896898 0
    outer loop
      vertex -26.4307 21.9455 0
      vertex -26.9 21.7141 3
      vertex -26.4307 21.9455 3
    endloop
  endfacet
  facet normal -0.442238 0.896898 0
    outer loop
      vertex -26.9 21.7141 3
      vertex -26.4307 21.9455 0
      vertex -26.9 21.7141 0
    endloop
  endfacet
  facet normal 0.195124 -0.980779 0
    outer loop
      vertex 25.4221 -22.2158 0
      vertex 25.9353 -22.1137 3
      vertex 25.4221 -22.2158 3
    endloop
  endfacet
  facet normal 0.195124 -0.980779 0
    outer loop
      vertex 25.9353 -22.1137 3
      vertex 25.4221 -22.2158 0
      vertex 25.9353 -22.1137 0
    endloop
  endfacet
  facet normal 0 1 -0
    outer loop
      vertex 24.9 22.25 0
      vertex -24.9 22.25 3
      vertex 24.9 22.25 3
    endloop
  endfacet
  facet normal 0 1 0
    outer loop
      vertex -24.9 22.25 3
      vertex 24.9 22.25 0
      vertex -24.9 22.25 0
    endloop
  endfacet
  facet normal 0 -1 0
    outer loop
      vertex -24.9 -22.25 0
      vertex 24.9 -22.25 3
      vertex -24.9 -22.25 3
    endloop
  endfacet
  facet normal 0 -1 -0
    outer loop
      vertex 24.9 -22.25 3
      vertex -24.9 -22.25 0
      vertex 24.9 -22.25 0
    endloop
  endfacet
  facet normal 0.94691 -0.321498 0
    outer loop
      vertex 28.5955 -19.7807 3
      vertex 28.7637 -19.2853 0
      vertex 28.7637 -19.2853 3
    endloop
  endfacet
  facet normal 0.94691 -0.321498 0
    outer loop
      vertex 28.7637 -19.2853 0
      vertex 28.5955 -19.7807 3
      vertex 28.5955 -19.7807 0
    endloop
  endfacet
  facet normal -0.195124 -0.980779 0
    outer loop
      vertex -25.9353 -22.1137 0
      vertex -25.4221 -22.2158 3
      vertex -25.9353 -22.1137 3
    endloop
  endfacet
  facet normal -0.195124 -0.980779 -0
    outer loop
      vertex -25.4221 -22.2158 3
      vertex -25.9353 -22.1137 0
      vertex -25.4221 -22.2158 0
    endloop
  endfacet
  facet normal 0.659343 -0.751842 0
    outer loop
      vertex 27.335 -21.4234 0
      vertex 27.7284 -21.0784 3
      vertex 27.335 -21.4234 3
    endloop
  endfacet
  facet normal 0.659343 -0.751842 0
    outer loop
      vertex 27.7284 -21.0784 3
      vertex 27.335 -21.4234 0
      vertex 27.7284 -21.0784 0
    endloop
  endfacet
  facet normal -1 0 0
    outer loop
      vertex -28.9 -18.25 0
      vertex -28.9 18.25 3
      vertex -28.9 18.25 0
    endloop
  endfacet
  facet normal -1 -0 0
    outer loop
      vertex -28.9 18.25 3
      vertex -28.9 -18.25 0
      vertex -28.9 -18.25 3
    endloop
  endfacet
  facet normal 0.0653646 -0.997861 0
    outer loop
      vertex 24.9 -22.25 0
      vertex 25.4221 -22.2158 3
      vertex 24.9 -22.25 3
    endloop
  endfacet
  facet normal 0.0653646 -0.997861 0
    outer loop
      vertex 25.4221 -22.2158 3
      vertex 24.9 -22.25 0
      vertex 25.4221 -22.2158 0
    endloop
  endfacet
  facet normal 0.321498 -0.94691 0
    outer loop
      vertex 25.9353 -22.1137 0
      vertex 26.4307 -21.9455 3
      vertex 25.9353 -22.1137 3
    endloop
  endfacet
  facet normal 0.321498 -0.94691 0
    outer loop
      vertex 26.4307 -21.9455 3
      vertex 25.9353 -22.1137 0
      vertex 26.4307 -21.9455 0
    endloop
  endfacet
  facet normal -0.980779 0.195124 0
    outer loop
      vertex -28.8658 18.7721 0
      vertex -28.7637 19.2853 3
      vertex -28.7637 19.2853 0
    endloop
  endfacet
  facet normal -0.980779 0.195124 0
    outer loop
      vertex -28.7637 19.2853 3
      vertex -28.8658 18.7721 0
      vertex -28.8658 18.7721 3
    endloop
  endfacet
  facet normal 0.94691 0.321498 0
    outer loop
      vertex 28.7637 19.2853 3
      vertex 28.5955 19.7807 0
      vertex 28.5955 19.7807 3
    endloop
  endfacet
  facet normal 0.94691 0.321498 0
    outer loop
      vertex 28.5955 19.7807 0
      vertex 28.7637 19.2853 3
      vertex 28.7637 19.2853 0
    endloop
  endfacet
  facet normal 0.831432 -0.555626 0
    outer loop
      vertex 28.0734 -20.685 3
      vertex 28.3641 -20.25 0
      vertex 28.3641 -20.25 3
    endloop
  endfacet
  facet normal 0.831432 -0.555626 0
    outer loop
      vertex 28.3641 -20.25 0
      vertex 28.0734 -20.685 3
      vertex 28.0734 -20.685 0
    endloop
  endfacet
  facet normal 0.751842 0.659343 0
    outer loop
      vertex 28.0734 20.685 3
      vertex 27.7284 21.0784 0
      vertex 27.7284 21.0784 3
    endloop
  endfacet
  facet normal 0.751842 0.659343 0
    outer loop
      vertex 27.7284 21.0784 0
      vertex 28.0734 20.685 3
      vertex 28.0734 20.685 0
    endloop
  endfacet
  facet normal 0.555626 0.831432 -0
    outer loop
      vertex 27.335 21.4234 0
      vertex 26.9 21.7141 3
      vertex 27.335 21.4234 3
    endloop
  endfacet
  facet normal 0.555626 0.831432 0
    outer loop
      vertex 26.9 21.7141 3
      vertex 27.335 21.4234 0
      vertex 26.9 21.7141 0
    endloop
  endfacet
  facet normal -0.659343 -0.751842 0
    outer loop
      vertex -27.7284 -21.0784 0
      vertex -27.335 -21.4234 3
      vertex -27.7284 -21.0784 3
    endloop
  endfacet
  facet normal -0.659343 -0.751842 -0
    outer loop
      vertex -27.335 -21.4234 3
      vertex -27.7284 -21.0784 0
      vertex -27.335 -21.4234 0
    endloop
  endfacet
  facet normal -0.0653646 -0.997861 0
    outer loop
      vertex -25.4221 -22.2158 0
      vertex -24.9 -22.25 3
      vertex -25.4221 -22.2158 3
    endloop
  endfacet
  facet normal -0.0653646 -0.997861 -0
    outer loop
      vertex -24.9 -22.25 3
      vertex -25.4221 -22.2158 0
      vertex -24.9 -22.25 0
    endloop
  endfacet
  facet normal -0.997861 -0.0653646 0
    outer loop
      vertex -28.8658 -18.7721 0
      vertex -28.9 -18.25 3
      vertex -28.9 -18.25 0
    endloop
  endfacet
  facet normal -0.997861 -0.0653646 0
    outer loop
      vertex -28.9 -18.25 3
      vertex -28.8658 -18.7721 0
      vertex -28.8658 -18.7721 3
    endloop
  endfacet
  facet normal 0.980779 0.195124 0
    outer loop
      vertex 28.8658 18.7721 3
      vertex 28.7637 19.2853 0
      vertex 28.7637 19.2853 3
    endloop
  endfacet
  facet normal 0.980779 0.195124 0
    outer loop
      vertex 28.7637 19.2853 0
      vertex 28.8658 18.7721 3
      vertex 28.8658 18.7721 0
    endloop
  endfacet
  facet normal 0.442238 -0.896898 0
    outer loop
      vertex 26.4307 -21.9455 0
      vertex 26.9 -21.7141 3
      vertex 26.4307 -21.9455 3
    endloop
  endfacet
  facet normal 0.442238 -0.896898 0
    outer loop
      vertex 26.9 -21.7141 3
      vertex 26.4307 -21.9455 0
      vertex 26.9 -21.7141 0
    endloop
  endfacet
  facet normal 0.831432 0.555626 0
    outer loop
      vertex 28.3641 20.25 3
      vertex 28.0734 20.685 0
      vertex 28.0734 20.685 3
    endloop
  endfacet
  facet normal 0.831432 0.555626 0
    outer loop
      vertex 28.0734 20.685 0
      vertex 28.3641 20.25 3
      vertex 28.3641 20.25 0
    endloop
  endfacet
  facet normal -0.659343 0.751842 0
    outer loop
      vertex -27.335 21.4234 0
      vertex -27.7284 21.0784 3
      vertex -27.335 21.4234 3
    endloop
  endfacet
  facet normal -0.659343 0.751842 0
    outer loop
      vertex -27.7284 21.0784 3
      vertex -27.335 21.4234 0
      vertex -27.7284 21.0784 0
    endloop
  endfacet
  facet normal 1 -0 0
    outer loop
      vertex 28.9 -18.25 3
      vertex 28.9 18.25 0
      vertex 28.9 18.25 3
    endloop
  endfacet
  facet normal 1 0 0
    outer loop
      vertex 28.9 18.25 0
      vertex 28.9 -18.25 3
      vertex 28.9 -18.25 0
    endloop
  endfacet
  facet normal 0.555626 -0.831432 0
    outer loop
      vertex 26.9 -21.7141 0
      vertex 27.335 -21.4234 3
      vertex 26.9 -21.7141 3
    endloop
  endfacet
  facet normal 0.555626 -0.831432 0
    outer loop
      vertex 27.335 -21.4234 3
      vertex 26.9 -21.7141 0
      vertex 27.335 -21.4234 0
    endloop
  endfacet
  facet normal -0.442238 -0.896898 0
    outer loop
      vertex -26.9 -21.7141 0
      vertex -26.4307 -21.9455 3
      vertex -26.9 -21.7141 3
    endloop
  endfacet
  facet normal -0.442238 -0.896898 -0
    outer loop
      vertex -26.4307 -21.9455 3
      vertex -26.9 -21.7141 0
      vertex -26.4307 -21.9455 0
    endloop
  endfacet
  facet normal -0.555626 -0.831432 0
    outer loop
      vertex -27.335 -21.4234 0
      vertex -26.9 -21.7141 3
      vertex -27.335 -21.4234 3
    endloop
  endfacet
  facet normal -0.555626 -0.831432 -0
    outer loop
      vertex -26.9 -21.7141 3
      vertex -27.335 -21.4234 0
      vertex -26.9 -21.7141 0
    endloop
  endfacet
  facet normal 0.980779 -0.195124 0
    outer loop
      vertex 28.7637 -19.2853 3
      vertex 28.8658 -18.7721 0
      vertex 28.8658 -18.7721 3
    endloop
  endfacet
  facet normal 0.980779 -0.195124 0
    outer loop
      vertex 28.8658 -18.7721 0
      vertex 28.7637 -19.2853 3
      vertex 28.7637 -19.2853 0
    endloop
  endfacet
  facet normal 0.0653646 0.997861 -0
    outer loop
      vertex 25.4221 22.2158 0
      vertex 24.9 22.25 3
      vertex 25.4221 22.2158 3
    endloop
  endfacet
  facet normal 0.0653646 0.997861 0
    outer loop
      vertex 24.9 22.25 3
      vertex 25.4221 22.2158 0
      vertex 24.9 22.25 0
    endloop
  endfacet
  facet normal 0.195124 0.980779 -0
    outer loop
      vertex 25.9353 22.1137 0
      vertex 25.4221 22.2158 3
      vertex 25.9353 22.1137 3
    endloop
  endfacet
  facet normal 0.195124 0.980779 0
    outer loop
      vertex 25.4221 22.2158 3
      vertex 25.9353 22.1137 0
      vertex 25.4221 22.2158 0
    endloop
  endfacet
  facet normal -0.0653646 0.997861 0
    outer loop
      vertex -24.9 22.25 0
      vertex -25.4221 22.2158 3
      vertex -24.9 22.25 3
    endloop
  endfacet
  facet normal -0.0653646 0.997861 0
    outer loop
      vertex -25.4221 22.2158 3
      vertex -24.9 22.25 0
      vertex -25.4221 22.2158 0
    endloop
  endfacet
  facet normal 0.321498 0.94691 -0
    outer loop
      vertex 26.4307 21.9455 0
      vertex 25.9353 22.1137 3
      vertex 26.4307 21.9455 3
    endloop
  endfacet
  facet normal 0.321498 0.94691 0
    outer loop
      vertex 25.9353 22.1137 3
      vertex 26.4307 21.9455 0
      vertex 25.9353 22.1137 0
    endloop
  endfacet
  facet normal -0.751842 -0.659343 0
    outer loop
      vertex -27.7284 -21.0784 0
      vertex -28.0734 -20.685 3
      vertex -28.0734 -20.685 0
    endloop
  endfacet
  facet normal -0.751842 -0.659343 0
    outer loop
      vertex -28.0734 -20.685 3
      vertex -27.7284 -21.0784 0
      vertex -27.7284 -21.0784 3
    endloop
  endfacet
  facet normal -0.980779 -0.195124 0
    outer loop
      vertex -28.7637 -19.2853 0
      vertex -28.8658 -18.7721 3
      vertex -28.8658 -18.7721 0
    endloop
  endfacet
  facet normal -0.980779 -0.195124 0
    outer loop
      vertex -28.8658 -18.7721 3
      vertex -28.7637 -19.2853 0
      vertex -28.7637 -19.2853 3
    endloop
  endfacet
  facet normal 0.997861 -0.0653646 0
    outer loop
      vertex 28.8658 -18.7721 3
      vertex 28.9 -18.25 0
      vertex 28.9 -18.25 3
    endloop
  endfacet
  facet normal 0.997861 -0.0653646 0
    outer loop
      vertex 28.9 -18.25 0
      vertex 28.8658 -18.7721 3
      vertex 28.8658 -18.7721 0
    endloop
  endfacet
  facet normal -0.831432 0.555626 0
    outer loop
      vertex -28.3641 20.25 0
      vertex -28.0734 20.685 3
      vertex -28.0734 20.685 0
    endloop
  endfacet
  facet normal -0.831432 0.555626 0
    outer loop
      vertex -28.0734 20.685 3
      vertex -28.3641 20.25 0
      vertex -28.3641 20.25 3
    endloop
  endfacet
  facet normal -0.94691 0.321498 0
    outer loop
      vertex -28.7637 19.2853 0
      vertex -28.5955 19.7807 3
      vertex -28.5955 19.7807 0
    endloop
  endfacet
  facet normal -0.94691 0.321498 0
    outer loop
      vertex -28.5955 19.7807 3
      vertex -28.7637 19.2853 0
      vertex -28.7637 19.2853 3
    endloop
  endfacet
  facet normal -0.997861 0.0653646 0
    outer loop
      vertex -28.9 18.25 0
      vertex -28.8658 18.7721 3
      vertex -28.8658 18.7721 0
    endloop
  endfacet
  facet normal -0.997861 0.0653646 0
    outer loop
      vertex -28.8658 18.7721 3
      vertex -28.9 18.25 0
      vertex -28.9 18.25 3
    endloop
  endfacet
  facet normal 0.751842 -0.659343 0
    outer loop
      vertex 27.7284 -21.0784 3
      vertex 28.0734 -20.685 0
      vertex 28.0734 -20.685 3
    endloop
  endfacet
  facet normal 0.751842 -0.659343 0
    outer loop
      vertex 28.0734 -20.685 0
      vertex 27.7284 -21.0784 3
      vertex 27.7284 -21.0784 0
    endloop
  endfacet
  facet normal -0.94691 -0.321498 0
    outer loop
      vertex -28.5955 -19.7807 0
      vertex -28.7637 -19.2853 3
      vertex -28.7637 -19.2853 0
    endloop
  endfacet
  facet normal -0.94691 -0.321498 0
    outer loop
      vertex -28.7637 -19.2853 3
      vertex -28.5955 -19.7807 0
      vertex -28.5955 -19.7807 3
    endloop
  endfacet
  facet normal -0.321498 -0.94691 0
    outer loop
      vertex -26.4307 -21.9455 0
      vertex -25.9353 -22.1137 3
      vertex -26.4307 -21.9455 3
    endloop
  endfacet
  facet normal -0.321498 -0.94691 -0
    outer loop
      vertex -25.9353 -22.1137 3
      vertex -26.4307 -21.9455 0
      vertex -25.9353 -22.1137 0
    endloop
  endfacet
  facet normal -0.896898 -0.442238 0
    outer loop
      vertex -28.3641 -20.25 0
      vertex -28.5955 -19.7807 3
      vertex -28.5955 -19.7807 0
    endloop
  endfacet
  facet normal -0.896898 -0.442238 0
    outer loop
      vertex -28.5955 -19.7807 3
      vertex -28.3641 -20.25 0
      vertex -28.3641 -20.25 3
    endloop
  endfacet
  facet normal -0.555626 0.831432 0
    outer loop
      vertex -26.9 21.7141 0
      vertex -27.335 21.4234 3
      vertex -26.9 21.7141 3
    endloop
  endfacet
  facet normal -0.555626 0.831432 0
    outer loop
      vertex -27.335 21.4234 3
      vertex -26.9 21.7141 0
      vertex -27.335 21.4234 0
    endloop
  endfacet
  facet normal 0.896898 -0.442238 0
    outer loop
      vertex 28.3641 -20.25 3
      vertex 28.5955 -19.7807 0
      vertex 28.5955 -19.7807 3
    endloop
  endfacet
  facet normal 0.896898 -0.442238 0
    outer loop
      vertex 28.5955 -19.7807 0
      vertex 28.3641 -20.25 3
      vertex 28.3641 -20.25 0
    endloop
  endfacet
  facet normal 0.997861 0.0653646 0
    outer loop
      vertex 28.9 18.25 3
      vertex 28.8658 18.7721 0
      vertex 28.8658 18.7721 3
    endloop
  endfacet
  facet normal 0.997861 0.0653646 0
    outer loop
      vertex 28.8658 18.7721 0
      vertex 28.9 18.25 3
      vertex 28.9 18.25 0
    endloop
  endfacet
  facet normal -0.831432 -0.555626 0
    outer loop
      vertex -28.0734 -20.685 0
      vertex -28.3641 -20.25 3
      vertex -28.3641 -20.25 0
    endloop
  endfacet
  facet normal -0.831432 -0.555626 0
    outer loop
      vertex -28.3641 -20.25 3
      vertex -28.0734 -20.685 0
      vertex -28.0734 -20.685 3
    endloop
  endfacet
  facet normal 0.442238 0.896898 -0
    outer loop
      vertex 26.9 21.7141 0
      vertex 26.4307 21.9455 3
      vertex 26.9 21.7141 3
    endloop
  endfacet
  facet normal 0.442238 0.896898 0
    outer loop
      vertex 26.4307 21.9455 3
      vertex 26.9 21.7141 0
      vertex 26.4307 21.9455 0
    endloop
  endfacet
  facet normal -0.321498 0.94691 0
    outer loop
      vertex -25.9353 22.1137 0
      vertex -26.4307 21.9455 3
      vertex -25.9353 22.1137 3
    endloop
  endfacet
  facet normal -0.321498 0.94691 0
    outer loop
      vertex -26.4307 21.9455 3
      vertex -25.9353 22.1137 0
      vertex -26.4307 21.9455 0
    endloop
  endfacet
  facet normal -0.751842 0.659343 0
    outer loop
      vertex -28.0734 20.685 0
      vertex -27.7284 21.0784 3
      vertex -27.7284 21.0784 0
    endloop
  endfacet
  facet normal -0.751842 0.659343 0
    outer loop
      vertex -27.7284 21.0784 3
      vertex -28.0734 20.685 0
      vertex -28.0734 20.685 3
    endloop
  endfacet
  facet normal -0 0 1
    outer loop
      vertex -22.4278 16.4 3
      vertex -12.55 9.25 3
      vertex -22.3294 16.5994 3
    endloop
  endfacet
  facet normal 0 0 1
    outer loop
      vertex -17.95 -3 3
      vertex -22.2145 -17.0281 3
      vertex -22.2 -17.25 3
    endloop
  endfacet
  facet normal -0 0 1
    outer loop
      vertex -22.5513 16.2151 3
      vertex -12.55 9.25 3
      vertex -22.4278 16.4 3
    endloop
  endfacet
  facet normal 0 0 1
    outer loop
      vertex -17.95 -3 3
      vertex -22.2579 -16.81 3
      vertex -22.2145 -17.0281 3
    endloop
  endfacet
  facet normal -0 0 1
    outer loop
      vertex -22.6979 16.0479 3
      vertex -12.55 9.25 3
      vertex -22.5513 16.2151 3
    endloop
  endfacet
  facet normal 0 0 1
    outer loop
      vertex -17.95 -3 3
      vertex -22.3294 -16.5994 3
      vertex -22.2579 -16.81 3
    endloop
  endfacet
  facet normal -0 0 1
    outer loop
      vertex -22.8651 15.9013 3
      vertex -12.55 9.25 3
      vertex -22.6979 16.0479 3
    endloop
  endfacet
  facet normal 0 0 1
    outer loop
      vertex -17.95 -3 3
      vertex -22.4278 -16.4 3
      vertex -22.3294 -16.5994 3
    endloop
  endfacet
  facet normal -0 0 1
    outer loop
      vertex -23.05 15.7778 3
      vertex -12.55 9.25 3
      vertex -22.8651 15.9013 3
    endloop
  endfacet
  facet normal 0 0 1
    outer loop
      vertex -17.95 -3 3
      vertex -22.5513 -16.2151 3
      vertex -22.4278 -16.4 3
    endloop
  endfacet
  facet normal 0 0 1
    outer loop
      vertex -12.55 9.25 3
      vertex -23.05 15.7778 3
      vertex -17.95 3 3
    endloop
  endfacet
  facet normal 0 0 1
    outer loop
      vertex -17.95 -3 3
      vertex -22.6979 -16.0479 3
      vertex -22.5513 -16.2151 3
    endloop
  endfacet
  facet normal -0 0 1
    outer loop
      vertex -23.2494 15.6794 3
      vertex -17.95 3 3
      vertex -23.05 15.7778 3
    endloop
  endfacet
  facet normal 0 0 1
    outer loop
      vertex -17.95 -3 3
      vertex -22.8651 -15.9013 3
      vertex -22.6979 -16.0479 3
    endloop
  endfacet
  facet normal -0 0 1
    outer loop
      vertex -23.46 15.6079 3
      vertex -17.95 3 3
      vertex -23.2494 15.6794 3
    endloop
  endfacet
  facet normal 0 0 1
    outer loop
      vertex -17.95 -3 3
      vertex -23.05 -15.7778 3
      vertex -22.8651 -15.9013 3
    endloop
  endfacet
  facet normal -0 0 1
    outer loop
      vertex -23.6781 15.5645 3
      vertex -17.95 3 3
      vertex -23.46 15.6079 3
    endloop
  endfacet
  facet normal 0 0 1
    outer loop
      vertex -17.95 -3 3
      vertex -23.2494 -15.6794 3
      vertex -23.05 -15.7778 3
    endloop
  endfacet
  facet normal -0 0 1
    outer loop
      vertex -23.9 15.55 3
      vertex -17.95 3 3
      vertex -23.6781 15.5645 3
    endloop
  endfacet
  facet normal 0 0 1
    outer loop
      vertex -17.95 -3 3
      vertex -23.46 -15.6079 3
      vertex -23.2494 -15.6794 3
    endloop
  endfacet
  facet normal 0 0 1
    outer loop
      vertex -24.1219 15.5645 3
      vertex -17.95 3 3
      vertex -23.9 15.55 3
    endloop
  endfacet
  facet normal 0 0 1
    outer loop
      vertex -17.95 -3 3
      vertex -23.6781 -15.5645 3
      vertex -23.46 -15.6079 3
    endloop
  endfacet
  facet normal 0 0 1
    outer loop
      vertex -24.34 15.6079 3
      vertex -17.95 3 3
      vertex -24.1219 15.5645 3
    endloop
  endfacet
  facet normal 0 0 1
    outer loop
      vertex -17.95 -3 3
      vertex -23.9 -15.55 3
      vertex -23.6781 -15.5645 3
    endloop
  endfacet
  facet normal 0 0 1
    outer loop
      vertex -24.5506 15.6794 3
      vertex -17.95 3 3
      vertex -24.34 15.6079 3
    endloop
  endfacet
  facet normal 0 0 1
    outer loop
      vertex -17.95 -3 3
      vertex -24.1219 -15.5645 3
      vertex -23.9 -15.55 3
    endloop
  endfacet
  facet normal 0 0 1
    outer loop
      vertex -24.75 15.7778 3
      vertex -17.95 3 3
      vertex -24.5506 15.6794 3
    endloop
  endfacet
  facet normal 0 0 1
    outer loop
      vertex -17.95 -3 3
      vertex -24.34 -15.6079 3
      vertex -24.1219 -15.5645 3
    endloop
  endfacet
  facet normal 0 0 1
    outer loop
      vertex -24.9349 15.9013 3
      vertex -17.95 3 3
      vertex -24.75 15.7778 3
    endloop
  endfacet
  facet normal 0 0 1
    outer loop
      vertex -17.95 -3 3
      vertex -24.5506 -15.6794 3
      vertex -24.34 -15.6079 3
    endloop
  endfacet
  facet normal 0 0 1
    outer loop
      vertex -28.9 18.25 3
      vertex -17.95 3 3
      vertex -24.9349 15.9013 3
    endloop
  endfacet
  facet normal 0 0 1
    outer loop
      vertex -17.95 -3 3
      vertex -24.75 -15.7778 3
      vertex -24.5506 -15.6794 3
    endloop
  endfacet
  facet normal 0 0 1
    outer loop
      vertex -17.95 3 3
      vertex -28.9 18.25 3
      vertex -17.95 -3 3
    endloop
  endfacet
  facet normal 0 0 1
    outer loop
      vertex -17.95 -3 3
      vertex -24.9349 -15.9013 3
      vertex -24.75 -15.7778 3
    endloop
  endfacet
  facet normal 0 0 1
    outer loop
      vertex -28.9 18.25 3
      vertex -24.9349 15.9013 3
      vertex -25.1021 16.0479 3
    endloop
  endfacet
  facet normal 0 0 1
    outer loop
      vertex -28.9 -18.25 3
      vertex -17.95 -3 3
      vertex -28.9 18.25 3
    endloop
  endfacet
  facet normal 0 0 1
    outer loop
      vertex -28.9 18.25 3
      vertex -25.1021 16.0479 3
      vertex -25.2487 16.2151 3
    endloop
  endfacet
  facet normal 0 0 1
    outer loop
      vertex -17.95 -3 3
      vertex -28.9 -18.25 3
      vertex -24.9349 -15.9013 3
    endloop
  endfacet
  facet normal 0 0 1
    outer loop
      vertex -28.9 18.25 3
      vertex -25.2487 16.2151 3
      vertex -25.3722 16.4 3
    endloop
  endfacet
  facet normal 0 0 1
    outer loop
      vertex -24.9349 -15.9013 3
      vertex -28.9 -18.25 3
      vertex -25.1021 -16.0479 3
    endloop
  endfacet
  facet normal 0 0 1
    outer loop
      vertex -28.9 18.25 3
      vertex -25.3722 16.4 3
      vertex -25.4706 16.5994 3
    endloop
  endfacet
  facet normal 0 0 1
    outer loop
      vertex -25.1021 -16.0479 3
      vertex -28.9 -18.25 3
      vertex -25.2487 -16.2151 3
    endloop
  endfacet
  facet normal 0 0 1
    outer loop
      vertex -28.9 18.25 3
      vertex -25.4706 16.5994 3
      vertex -25.5421 16.81 3
    endloop
  endfacet
  facet normal 0 0 1
    outer loop
      vertex -25.2487 -16.2151 3
      vertex -28.9 -18.25 3
      vertex -25.3722 -16.4 3
    endloop
  endfacet
  facet normal 0 0 1
    outer loop
      vertex -28.9 18.25 3
      vertex -25.5421 16.81 3
      vertex -25.5855 17.0281 3
    endloop
  endfacet
  facet normal 0 0 1
    outer loop
      vertex -25.3722 -16.4 3
      vertex -28.9 -18.25 3
      vertex -25.4706 -16.5994 3
    endloop
  endfacet
  facet normal 0 0 1
    outer loop
      vertex -28.9 18.25 3
      vertex -25.5855 17.0281 3
      vertex -25.6 17.25 3
    endloop
  endfacet
  facet normal 0 0 1
    outer loop
      vertex -25.4706 -16.5994 3
      vertex -28.9 -18.25 3
      vertex -25.5421 -16.81 3
    endloop
  endfacet
  facet normal 0 0 1
    outer loop
      vertex -12.55 -3 3
      vertex -17.95 -3 3
      vertex -12.55 -9.25 3
    endloop
  endfacet
  facet normal 0 0 1
    outer loop
      vertex 23.2494 15.6794 3
      vertex 23.25 9.25 3
      vertex 23.46 15.6079 3
    endloop
  endfacet
  facet normal 0 0 1
    outer loop
      vertex 23.05 15.7778 3
      vertex 23.25 9.25 3
      vertex 23.2494 15.6794 3
    endloop
  endfacet
  facet normal 0 0 1
    outer loop
      vertex 22.8651 15.9013 3
      vertex 23.25 9.25 3
      vertex 23.05 15.7778 3
    endloop
  endfacet
  facet normal 0 0 1
    outer loop
      vertex 22.6979 16.0479 3
      vertex 23.25 9.25 3
      vertex 22.8651 15.9013 3
    endloop
  endfacet
  facet normal 0 0 1
    outer loop
      vertex 22.5513 16.2151 3
      vertex 23.25 9.25 3
      vertex 22.6979 16.0479 3
    endloop
  endfacet
  facet normal 0 0 1
    outer loop
      vertex 22.4278 16.4 3
      vertex 23.25 9.25 3
      vertex 22.5513 16.2151 3
    endloop
  endfacet
  facet normal 0 0 1
    outer loop
      vertex 22.3294 16.5994 3
      vertex 23.25 9.25 3
      vertex 22.4278 16.4 3
    endloop
  endfacet
  facet normal 0 0 1
    outer loop
      vertex -12.55 9.25 3
      vertex 22.3294 16.5994 3
      vertex 22.2579 16.81 3
    endloop
  endfacet
  facet normal 0 0 1
    outer loop
      vertex -12.55 9.25 3
      vertex 22.2579 16.81 3
      vertex 22.2145 17.0281 3
    endloop
  endfacet
  facet normal 0 0 1
    outer loop
      vertex 22.3294 16.5994 3
      vertex -12.55 9.25 3
      vertex 23.25 9.25 3
    endloop
  endfacet
  facet normal 0 0 1
    outer loop
      vertex -12.55 9.25 3
      vertex 22.2145 17.0281 3
      vertex 22.2 17.25 3
    endloop
  endfacet
  facet normal 0 0 1
    outer loop
      vertex 28.9 18.25 3
      vertex 25.5855 17.4719 3
      vertex 25.6 17.25 3
    endloop
  endfacet
  facet normal 0 0 1
    outer loop
      vertex 26.4307 21.9455 3
      vertex 25.5421 17.69 3
      vertex 25.5855 17.4719 3
    endloop
  endfacet
  facet normal 0 0 1
    outer loop
      vertex 26.4307 21.9455 3
      vertex 25.4706 17.9006 3
      vertex 25.5421 17.69 3
    endloop
  endfacet
  facet normal 0 0 1
    outer loop
      vertex 24.5506 18.8206 3
      vertex 25.9353 22.1137 3
      vertex 25.4221 22.2158 3
    endloop
  endfacet
  facet normal 0 0 1
    outer loop
      vertex 26.4307 21.9455 3
      vertex 25.3722 18.1 3
      vertex 25.4706 17.9006 3
    endloop
  endfacet
  facet normal 0 0 1
    outer loop
      vertex 26.4307 21.9455 3
      vertex 25.2487 18.2849 3
      vertex 25.3722 18.1 3
    endloop
  endfacet
  facet normal 0 0 1
    outer loop
      vertex 26.4307 21.9455 3
      vertex 25.1021 18.4521 3
      vertex 25.2487 18.2849 3
    endloop
  endfacet
  facet normal 0 0 1
    outer loop
      vertex 26.4307 21.9455 3
      vertex 24.9349 18.5987 3
      vertex 25.1021 18.4521 3
    endloop
  endfacet
  facet normal 0 0 1
    outer loop
      vertex 24.5506 18.8206 3
      vertex 25.4221 22.2158 3
      vertex 24.9 22.25 3
    endloop
  endfacet
  facet normal 0 0 1
    outer loop
      vertex 26.4307 21.9455 3
      vertex 24.75 18.7222 3
      vertex 24.9349 18.5987 3
    endloop
  endfacet
  facet normal 0 0 1
    outer loop
      vertex 25.9353 22.1137 3
      vertex 24.5506 18.8206 3
      vertex 24.75 18.7222 3
    endloop
  endfacet
  facet normal 0 0 1
    outer loop
      vertex 24.9 22.25 3
      vertex 24.34 18.8921 3
      vertex 24.5506 18.8206 3
    endloop
  endfacet
  facet normal 0 0 1
    outer loop
      vertex 24.9 22.25 3
      vertex 24.1219 18.9355 3
      vertex 24.34 18.8921 3
    endloop
  endfacet
  facet normal 0 0 1
    outer loop
      vertex 24.9 22.25 3
      vertex 23.9 18.95 3
      vertex 24.1219 18.9355 3
    endloop
  endfacet
  facet normal 0 0 1
    outer loop
      vertex 24.9 22.25 3
      vertex 23.6781 18.9355 3
      vertex 23.9 18.95 3
    endloop
  endfacet
  facet normal 0 0 1
    outer loop
      vertex 24.9 22.25 3
      vertex 23.46 18.8921 3
      vertex 23.6781 18.9355 3
    endloop
  endfacet
  facet normal 0 0 1
    outer loop
      vertex 24.9 22.25 3
      vertex 23.2494 18.8206 3
      vertex 23.46 18.8921 3
    endloop
  endfacet
  facet normal 0 0 1
    outer loop
      vertex 24.9 22.25 3
      vertex 23.05 18.7222 3
      vertex 23.2494 18.8206 3
    endloop
  endfacet
  facet normal 0 0 1
    outer loop
      vertex 24.9 22.25 3
      vertex 22.8651 18.5987 3
      vertex 23.05 18.7222 3
    endloop
  endfacet
  facet normal 0 0 1
    outer loop
      vertex 24.9 22.25 3
      vertex 22.6979 18.4521 3
      vertex 22.8651 18.5987 3
    endloop
  endfacet
  facet normal 0 0 1
    outer loop
      vertex 24.9 22.25 3
      vertex 22.5513 18.2849 3
      vertex 22.6979 18.4521 3
    endloop
  endfacet
  facet normal 0 0 1
    outer loop
      vertex -22.5513 18.2849 3
      vertex 22.5513 18.2849 3
      vertex 24.9 22.25 3
    endloop
  endfacet
  facet normal 0 0 1
    outer loop
      vertex 22.2145 17.4719 3
      vertex -12.55 9.25 3
      vertex 22.2 17.25 3
    endloop
  endfacet
  facet normal 0 0 1
    outer loop
      vertex 22.2579 17.69 3
      vertex -12.55 9.25 3
      vertex 22.2145 17.4719 3
    endloop
  endfacet
  facet normal 0 0 1
    outer loop
      vertex 22.3294 17.9006 3
      vertex -12.55 9.25 3
      vertex 22.2579 17.69 3
    endloop
  endfacet
  facet normal 0 0 1
    outer loop
      vertex 22.4278 18.1 3
      vertex -12.55 9.25 3
      vertex 22.3294 17.9006 3
    endloop
  endfacet
  facet normal 0 0 1
    outer loop
      vertex 22.5513 18.2849 3
      vertex -22.5513 18.2849 3
      vertex 22.4278 18.1 3
    endloop
  endfacet
  facet normal 0 0 1
    outer loop
      vertex -12.55 9.25 3
      vertex -17.95 3 3
      vertex -12.55 3 3
    endloop
  endfacet
  facet normal -0 0 1
    outer loop
      vertex -22.2579 16.81 3
      vertex -12.55 9.25 3
      vertex -22.2145 17.0281 3
    endloop
  endfacet
  facet normal -0 0 1
    outer loop
      vertex -22.2145 17.0281 3
      vertex -12.55 9.25 3
      vertex -22.2 17.25 3
    endloop
  endfacet
  facet normal 0 0 1
    outer loop
      vertex 22.4278 18.1 3
      vertex -22.4278 18.1 3
      vertex -12.55 9.25 3
    endloop
  endfacet
  facet normal 0 0 1
    outer loop
      vertex -12.55 9.25 3
      vertex -22.2145 17.4719 3
      vertex -22.2 17.25 3
    endloop
  endfacet
  facet normal 0 0 1
    outer loop
      vertex -12.55 9.25 3
      vertex -22.2579 17.69 3
      vertex -22.2145 17.4719 3
    endloop
  endfacet
  facet normal 0 0 1
    outer loop
      vertex -12.55 9.25 3
      vertex -22.3294 17.9006 3
      vertex -22.2579 17.69 3
    endloop
  endfacet
  facet normal 0 0 1
    outer loop
      vertex -12.55 9.25 3
      vertex -22.4278 18.1 3
      vertex -22.3294 17.9006 3
    endloop
  endfacet
  facet normal 0 0 1
    outer loop
      vertex 22.4278 18.1 3
      vertex -22.5513 18.2849 3
      vertex -22.4278 18.1 3
    endloop
  endfacet
  facet normal -0 0 1
    outer loop
      vertex -24.9 22.25 3
      vertex -22.5513 18.2849 3
      vertex 24.9 22.25 3
    endloop
  endfacet
  facet normal 0 0 1
    outer loop
      vertex -22.5513 18.2849 3
      vertex -24.9 22.25 3
      vertex -22.6979 18.4521 3
    endloop
  endfacet
  facet normal 0 0 1
    outer loop
      vertex -22.6979 18.4521 3
      vertex -24.9 22.25 3
      vertex -22.8651 18.5987 3
    endloop
  endfacet
  facet normal 0 0 1
    outer loop
      vertex -22.8651 18.5987 3
      vertex -24.9 22.25 3
      vertex -23.05 18.7222 3
    endloop
  endfacet
  facet normal 0 0 1
    outer loop
      vertex -23.05 18.7222 3
      vertex -24.9 22.25 3
      vertex -23.2494 18.8206 3
    endloop
  endfacet
  facet normal 0 0 1
    outer loop
      vertex -23.2494 18.8206 3
      vertex -24.9 22.25 3
      vertex -23.46 18.8921 3
    endloop
  endfacet
  facet normal 0 0 1
    outer loop
      vertex -23.46 18.8921 3
      vertex -24.9 22.25 3
      vertex -23.6781 18.9355 3
    endloop
  endfacet
  facet normal 0 0 1
    outer loop
      vertex -23.6781 18.9355 3
      vertex -24.9 22.25 3
      vertex -23.9 18.95 3
    endloop
  endfacet
  facet normal 0 0 1
    outer loop
      vertex -23.9 18.95 3
      vertex -24.9 22.25 3
      vertex -24.1219 18.9355 3
    endloop
  endfacet
  facet normal 0 0 1
    outer loop
      vertex -24.9 22.25 3
      vertex -24.34 18.8921 3
      vertex -24.1219 18.9355 3
    endloop
  endfacet
  facet normal 0 0 1
    outer loop
      vertex -24.9 22.25 3
      vertex -24.5506 18.8206 3
      vertex -24.34 18.8921 3
    endloop
  endfacet
  facet normal -0 0 1
    outer loop
      vertex -25.4221 22.2158 3
      vertex -24.5506 18.8206 3
      vertex -24.9 22.25 3
    endloop
  endfacet
  facet normal -0 0 1
    outer loop
      vertex -25.9353 22.1137 3
      vertex -24.5506 18.8206 3
      vertex -25.4221 22.2158 3
    endloop
  endfacet
  facet normal 0 0 1
    outer loop
      vertex -24.5506 18.8206 3
      vertex -25.9353 22.1137 3
      vertex -24.75 18.7222 3
    endloop
  endfacet
  facet normal -0 0 1
    outer loop
      vertex -26.4307 21.9455 3
      vertex -24.75 18.7222 3
      vertex -25.9353 22.1137 3
    endloop
  endfacet
  facet normal 0 0 1
    outer loop
      vertex -24.75 18.7222 3
      vertex -26.4307 21.9455 3
      vertex -24.9349 18.5987 3
    endloop
  endfacet
  facet normal -0 0 1
    outer loop
      vertex -26.9 21.7141 3
      vertex -24.9349 18.5987 3
      vertex -26.4307 21.9455 3
    endloop
  endfacet
  facet normal -0 0 1
    outer loop
      vertex -27.335 21.4234 3
      vertex -24.9349 18.5987 3
      vertex -26.9 21.7141 3
    endloop
  endfacet
  facet normal 0 0 1
    outer loop
      vertex -24.9349 18.5987 3
      vertex -27.335 21.4234 3
      vertex -25.1021 18.4521 3
    endloop
  endfacet
  facet normal -0 0 1
    outer loop
      vertex -27.7284 21.0784 3
      vertex -25.1021 18.4521 3
      vertex -27.335 21.4234 3
    endloop
  endfacet
  facet normal -0 0 1
    outer loop
      vertex -28.0734 20.685 3
      vertex -25.1021 18.4521 3
      vertex -27.7284 21.0784 3
    endloop
  endfacet
  facet normal -0 0 1
    outer loop
      vertex -28.3641 20.25 3
      vertex -25.2487 18.2849 3
      vertex -28.0734 20.685 3
    endloop
  endfacet
  facet normal 0 0 1
    outer loop
      vertex -25.1021 18.4521 3
      vertex -28.0734 20.685 3
      vertex -25.2487 18.2849 3
    endloop
  endfacet
  facet normal 0 0 1
    outer loop
      vertex 25.5855 17.4719 3
      vertex 28.9 18.25 3
      vertex 28.8658 18.7721 3
    endloop
  endfacet
  facet normal 0 0 1
    outer loop
      vertex 28.9 18.25 3
      vertex 28.65 3 3
      vertex 28.9 -18.25 3
    endloop
  endfacet
  facet normal 0 0 1
    outer loop
      vertex 25.5855 17.4719 3
      vertex 28.8658 18.7721 3
      vertex 28.7637 19.2853 3
    endloop
  endfacet
  facet normal -0 0 1
    outer loop
      vertex 28.65 -3 3
      vertex 28.9 -18.25 3
      vertex 28.65 3 3
    endloop
  endfacet
  facet normal -0 0 1
    outer loop
      vertex 23.25 -9.25 3
      vertex 28.9 -18.25 3
      vertex 28.65 -3 3
    endloop
  endfacet
  facet normal 0 0 1
    outer loop
      vertex 25.5855 17.4719 3
      vertex 28.7637 19.2853 3
      vertex 28.5955 19.7807 3
    endloop
  endfacet
  facet normal 0 0 1
    outer loop
      vertex 25.5855 17.4719 3
      vertex 28.5955 19.7807 3
      vertex 28.3641 20.25 3
    endloop
  endfacet
  facet normal 0 0 1
    outer loop
      vertex 25.5855 17.4719 3
      vertex 28.3641 20.25 3
      vertex 28.0734 20.685 3
    endloop
  endfacet
  facet normal 0 0 1
    outer loop
      vertex 25.5855 17.4719 3
      vertex 28.0734 20.685 3
      vertex 27.7284 21.0784 3
    endloop
  endfacet
  facet normal 0 0 1
    outer loop
      vertex 25.5855 17.4719 3
      vertex 27.7284 21.0784 3
      vertex 27.335 21.4234 3
    endloop
  endfacet
  facet normal 0 0 1
    outer loop
      vertex 25.5855 17.4719 3
      vertex 27.335 21.4234 3
      vertex 26.9 21.7141 3
    endloop
  endfacet
  facet normal 0 0 1
    outer loop
      vertex 25.5855 17.4719 3
      vertex 26.9 21.7141 3
      vertex 26.4307 21.9455 3
    endloop
  endfacet
  facet normal 0 0 1
    outer loop
      vertex 24.75 18.7222 3
      vertex 26.4307 21.9455 3
      vertex 25.9353 22.1137 3
    endloop
  endfacet
  facet normal 0 0 1
    outer loop
      vertex 28.9 18.25 3
      vertex 25.6 17.25 3
      vertex 25.5855 17.0281 3
    endloop
  endfacet
  facet normal 0 0 1
    outer loop
      vertex 28.9 18.25 3
      vertex 25.5855 17.0281 3
      vertex 25.5421 16.81 3
    endloop
  endfacet
  facet normal 0 0 1
    outer loop
      vertex 28.9 18.25 3
      vertex 25.5421 16.81 3
      vertex 25.4706 16.5994 3
    endloop
  endfacet
  facet normal 0 0 1
    outer loop
      vertex 28.9 18.25 3
      vertex 25.4706 16.5994 3
      vertex 25.3722 16.4 3
    endloop
  endfacet
  facet normal 0 0 1
    outer loop
      vertex 28.9 18.25 3
      vertex 25.3722 16.4 3
      vertex 25.2487 16.2151 3
    endloop
  endfacet
  facet normal 0 0 1
    outer loop
      vertex 25.1021 16.0479 3
      vertex 28.9 18.25 3
      vertex 25.2487 16.2151 3
    endloop
  endfacet
  facet normal 0 0 1
    outer loop
      vertex 23.25 9.25 3
      vertex 28.9 18.25 3
      vertex 25.1021 16.0479 3
    endloop
  endfacet
  facet normal 0 0 1
    outer loop
      vertex 23.25 9.25 3
      vertex 25.1021 16.0479 3
      vertex 24.9349 15.9013 3
    endloop
  endfacet
  facet normal 0 0 1
    outer loop
      vertex 23.25 9.25 3
      vertex 24.9349 15.9013 3
      vertex 24.75 15.7778 3
    endloop
  endfacet
  facet normal 0 0 1
    outer loop
      vertex 23.25 9.25 3
      vertex 24.75 15.7778 3
      vertex 24.5506 15.6794 3
    endloop
  endfacet
  facet normal 0 0 1
    outer loop
      vertex 23.25 9.25 3
      vertex 24.5506 15.6794 3
      vertex 24.34 15.6079 3
    endloop
  endfacet
  facet normal 0 0 1
    outer loop
      vertex 23.25 9.25 3
      vertex 24.34 15.6079 3
      vertex 24.1219 15.5645 3
    endloop
  endfacet
  facet normal 0 0 1
    outer loop
      vertex 23.25 9.25 3
      vertex 24.1219 15.5645 3
      vertex 23.9 15.55 3
    endloop
  endfacet
  facet normal 0 0 1
    outer loop
      vertex 23.25 9.25 3
      vertex 23.9 15.55 3
      vertex 23.6781 15.5645 3
    endloop
  endfacet
  facet normal 0 0 1
    outer loop
      vertex 23.25 9.25 3
      vertex 23.6781 15.5645 3
      vertex 23.46 15.6079 3
    endloop
  endfacet
  facet normal 0 0 1
    outer loop
      vertex 28.9 18.25 3
      vertex 23.25 9.25 3
      vertex 28.65 3 3
    endloop
  endfacet
  facet normal 0 0 1
    outer loop
      vertex 28.65 3 3
      vertex 23.25 9.25 3
      vertex 23.25 3 3
    endloop
  endfacet
  facet normal -0 -0 1
    outer loop
      vertex 25.3722 -16.4 3
      vertex 28.9 -18.25 3
      vertex 25.2487 -16.2151 3
    endloop
  endfacet
  facet normal -0 -0 1
    outer loop
      vertex 25.4706 -16.5994 3
      vertex 28.9 -18.25 3
      vertex 25.3722 -16.4 3
    endloop
  endfacet
  facet normal -0 -0 1
    outer loop
      vertex 25.5855 -17.0281 3
      vertex 28.9 -18.25 3
      vertex 25.5421 -16.81 3
    endloop
  endfacet
  facet normal -0 0 1
    outer loop
      vertex 25.5855 -17.4719 3
      vertex 28.9 -18.25 3
      vertex 25.6 -17.25 3
    endloop
  endfacet
  facet normal -0 0 1
    outer loop
      vertex 25.5421 -17.69 3
      vertex 28.9 -18.25 3
      vertex 25.5855 -17.4719 3
    endloop
  endfacet
  facet normal 0 0 1
    outer loop
      vertex 28.9 -18.25 3
      vertex 25.4706 -17.9006 3
      vertex 28.8658 -18.7721 3
    endloop
  endfacet
  facet normal 0 0 1
    outer loop
      vertex 28.8658 -18.7721 3
      vertex 25.4706 -17.9006 3
      vertex 28.7637 -19.2853 3
    endloop
  endfacet
  facet normal 0 0 1
    outer loop
      vertex 28.7637 -19.2853 3
      vertex 25.3722 -18.1 3
      vertex 28.5955 -19.7807 3
    endloop
  endfacet
  facet normal 0 0 1
    outer loop
      vertex 28.5955 -19.7807 3
      vertex 25.3722 -18.1 3
      vertex 28.3641 -20.25 3
    endloop
  endfacet
  facet normal 0 0 1
    outer loop
      vertex 28.3641 -20.25 3
      vertex 25.2487 -18.2849 3
      vertex 28.0734 -20.685 3
    endloop
  endfacet
  facet normal -0 0 1
    outer loop
      vertex 25.2487 -18.2849 3
      vertex 28.3641 -20.25 3
      vertex 25.3722 -18.1 3
    endloop
  endfacet
  facet normal -0 0 1
    outer loop
      vertex 25.3722 -18.1 3
      vertex 28.7637 -19.2853 3
      vertex 25.4706 -17.9006 3
    endloop
  endfacet
  facet normal -0 0 1
    outer loop
      vertex 25.4706 -17.9006 3
      vertex 28.9 -18.25 3
      vertex 25.5421 -17.69 3
    endloop
  endfacet
  facet normal -0 -0 1
    outer loop
      vertex 25.6 -17.25 3
      vertex 28.9 -18.25 3
      vertex 25.5855 -17.0281 3
    endloop
  endfacet
  facet normal -0 -0 1
    outer loop
      vertex 25.5421 -16.81 3
      vertex 28.9 -18.25 3
      vertex 25.4706 -16.5994 3
    endloop
  endfacet
  facet normal 0 0 1
    outer loop
      vertex 28.9 -18.25 3
      vertex 25.1021 -16.0479 3
      vertex 25.2487 -16.2151 3
    endloop
  endfacet
  facet normal 0 0 1
    outer loop
      vertex 28.9 -18.25 3
      vertex 23.25 -9.25 3
      vertex 25.1021 -16.0479 3
    endloop
  endfacet
  facet normal 0 0 1
    outer loop
      vertex 25.1021 -16.0479 3
      vertex 23.25 -9.25 3
      vertex 24.9349 -15.9013 3
    endloop
  endfacet
  facet normal 0 0 1
    outer loop
      vertex 24.9349 -15.9013 3
      vertex 23.25 -9.25 3
      vertex 24.75 -15.7778 3
    endloop
  endfacet
  facet normal 0 0 1
    outer loop
      vertex 24.75 -15.7778 3
      vertex 23.25 -9.25 3
      vertex 24.5506 -15.6794 3
    endloop
  endfacet
  facet normal 0 0 1
    outer loop
      vertex 24.5506 -15.6794 3
      vertex 23.25 -9.25 3
      vertex 24.34 -15.6079 3
    endloop
  endfacet
  facet normal 0 0 1
    outer loop
      vertex 24.34 -15.6079 3
      vertex 23.25 -9.25 3
      vertex 24.1219 -15.5645 3
    endloop
  endfacet
  facet normal 0 0 1
    outer loop
      vertex 24.1219 -15.5645 3
      vertex 23.25 -9.25 3
      vertex 23.9 -15.55 3
    endloop
  endfacet
  facet normal 0 0 1
    outer loop
      vertex 23.9 -15.55 3
      vertex 23.25 -9.25 3
      vertex 23.6781 -15.5645 3
    endloop
  endfacet
  facet normal 0 0 1
    outer loop
      vertex 23.25 -9.25 3
      vertex 28.65 -3 3
      vertex 23.25 -3 3
    endloop
  endfacet
  facet normal 0 0 1
    outer loop
      vertex 23.6781 -15.5645 3
      vertex 23.25 -9.25 3
      vertex 23.46 -15.6079 3
    endloop
  endfacet
  facet normal 0 0 1
    outer loop
      vertex 23.25 -9.25 3
      vertex 23.2494 -15.6794 3
      vertex 23.46 -15.6079 3
    endloop
  endfacet
  facet normal 0 0 1
    outer loop
      vertex 23.25 -9.25 3
      vertex 23.05 -15.7778 3
      vertex 23.2494 -15.6794 3
    endloop
  endfacet
  facet normal 0 0 1
    outer loop
      vertex 23.25 -9.25 3
      vertex 22.8651 -15.9013 3
      vertex 23.05 -15.7778 3
    endloop
  endfacet
  facet normal 0 0 1
    outer loop
      vertex 23.25 -9.25 3
      vertex 22.6979 -16.0479 3
      vertex 22.8651 -15.9013 3
    endloop
  endfacet
  facet normal 0 0 1
    outer loop
      vertex 23.25 -9.25 3
      vertex 22.5513 -16.2151 3
      vertex 22.6979 -16.0479 3
    endloop
  endfacet
  facet normal 0 0 1
    outer loop
      vertex 23.25 -9.25 3
      vertex 22.4278 -16.4 3
      vertex 22.5513 -16.2151 3
    endloop
  endfacet
  facet normal 0 0 1
    outer loop
      vertex 23.25 -9.25 3
      vertex 22.3294 -16.5994 3
      vertex 22.4278 -16.4 3
    endloop
  endfacet
  facet normal -0 0 1
    outer loop
      vertex -12.55 -9.25 3
      vertex 22.3294 -16.5994 3
      vertex 23.25 -9.25 3
    endloop
  endfacet
  facet normal 0 0 1
    outer loop
      vertex 22.3294 -16.5994 3
      vertex -12.55 -9.25 3
      vertex 22.2579 -16.81 3
    endloop
  endfacet
  facet normal 0 0 1
    outer loop
      vertex 22.2145 -17.0281 3
      vertex -12.55 -9.25 3
      vertex 22.2 -17.25 3
    endloop
  endfacet
  facet normal 0 0 1
    outer loop
      vertex 22.2579 -16.81 3
      vertex -12.55 -9.25 3
      vertex 22.2145 -17.0281 3
    endloop
  endfacet
  facet normal -0 0 1
    outer loop
      vertex 25.1021 -18.4521 3
      vertex 28.0734 -20.685 3
      vertex 25.2487 -18.2849 3
    endloop
  endfacet
  facet normal 0 0 1
    outer loop
      vertex 28.0734 -20.685 3
      vertex 25.1021 -18.4521 3
      vertex 27.7284 -21.0784 3
    endloop
  endfacet
  facet normal 0 0 1
    outer loop
      vertex 27.7284 -21.0784 3
      vertex 25.1021 -18.4521 3
      vertex 27.335 -21.4234 3
    endloop
  endfacet
  facet normal -0 0 1
    outer loop
      vertex 24.9349 -18.5987 3
      vertex 27.335 -21.4234 3
      vertex 25.1021 -18.4521 3
    endloop
  endfacet
  facet normal 0 0 1
    outer loop
      vertex 27.335 -21.4234 3
      vertex 24.9349 -18.5987 3
      vertex 26.9 -21.7141 3
    endloop
  endfacet
  facet normal 0 0 1
    outer loop
      vertex 26.9 -21.7141 3
      vertex 24.9349 -18.5987 3
      vertex 26.4307 -21.9455 3
    endloop
  endfacet
  facet normal -0 0 1
    outer loop
      vertex 24.75 -18.7222 3
      vertex 26.4307 -21.9455 3
      vertex 24.9349 -18.5987 3
    endloop
  endfacet
  facet normal 0 0 1
    outer loop
      vertex 26.4307 -21.9455 3
      vertex 24.75 -18.7222 3
      vertex 25.9353 -22.1137 3
    endloop
  endfacet
  facet normal -0 0 1
    outer loop
      vertex 24.5506 -18.8206 3
      vertex 25.9353 -22.1137 3
      vertex 24.75 -18.7222 3
    endloop
  endfacet
  facet normal 0 0 1
    outer loop
      vertex 25.9353 -22.1137 3
      vertex 24.5506 -18.8206 3
      vertex 25.4221 -22.2158 3
    endloop
  endfacet
  facet normal 0 0 1
    outer loop
      vertex 25.4221 -22.2158 3
      vertex 24.5506 -18.8206 3
      vertex 24.9 -22.25 3
    endloop
  endfacet
  facet normal -0 0 1
    outer loop
      vertex 24.34 -18.8921 3
      vertex 24.9 -22.25 3
      vertex 24.5506 -18.8206 3
    endloop
  endfacet
  facet normal -0 0 1
    outer loop
      vertex 24.1219 -18.9355 3
      vertex 24.9 -22.25 3
      vertex 24.34 -18.8921 3
    endloop
  endfacet
  facet normal -0 0 1
    outer loop
      vertex 23.9 -18.95 3
      vertex 24.9 -22.25 3
      vertex 24.1219 -18.9355 3
    endloop
  endfacet
  facet normal 0 0 1
    outer loop
      vertex 23.6781 -18.9355 3
      vertex 24.9 -22.25 3
      vertex 23.9 -18.95 3
    endloop
  endfacet
  facet normal 0 0 1
    outer loop
      vertex 23.46 -18.8921 3
      vertex 24.9 -22.25 3
      vertex 23.6781 -18.9355 3
    endloop
  endfacet
  facet normal 0 0 1
    outer loop
      vertex 23.2494 -18.8206 3
      vertex 24.9 -22.25 3
      vertex 23.46 -18.8921 3
    endloop
  endfacet
  facet normal 0 0 1
    outer loop
      vertex 23.05 -18.7222 3
      vertex 24.9 -22.25 3
      vertex 23.2494 -18.8206 3
    endloop
  endfacet
  facet normal 0 0 1
    outer loop
      vertex 22.8651 -18.5987 3
      vertex 24.9 -22.25 3
      vertex 23.05 -18.7222 3
    endloop
  endfacet
  facet normal 0 0 1
    outer loop
      vertex 22.6979 -18.4521 3
      vertex 24.9 -22.25 3
      vertex 22.8651 -18.5987 3
    endloop
  endfacet
  facet normal 0 0 1
    outer loop
      vertex 22.5513 -18.2849 3
      vertex 24.9 -22.25 3
      vertex 22.6979 -18.4521 3
    endloop
  endfacet
  facet normal 0 0 1
    outer loop
      vertex -22.5513 -18.2849 3
      vertex 22.5513 -18.2849 3
      vertex 22.4278 -18.1 3
    endloop
  endfacet
  facet normal 0 0 1
    outer loop
      vertex -12.55 -9.25 3
      vertex 22.2145 -17.4719 3
      vertex 22.2 -17.25 3
    endloop
  endfacet
  facet normal 0 0 1
    outer loop
      vertex -12.55 -9.25 3
      vertex 22.2579 -17.69 3
      vertex 22.2145 -17.4719 3
    endloop
  endfacet
  facet normal 0 0 1
    outer loop
      vertex -12.55 -9.25 3
      vertex 22.3294 -17.9006 3
      vertex 22.2579 -17.69 3
    endloop
  endfacet
  facet normal 0 0 1
    outer loop
      vertex -12.55 -9.25 3
      vertex 22.4278 -18.1 3
      vertex 22.3294 -17.9006 3
    endloop
  endfacet
  facet normal 0 0 1
    outer loop
      vertex -22.4278 -18.1 3
      vertex 22.4278 -18.1 3
      vertex -12.55 -9.25 3
    endloop
  endfacet
  facet normal -0 0 1
    outer loop
      vertex -22.3294 16.5994 3
      vertex -12.55 9.25 3
      vertex -22.2579 16.81 3
    endloop
  endfacet
  facet normal 0 0 1
    outer loop
      vertex -22.2 -17.25 3
      vertex -12.55 -9.25 3
      vertex -17.95 -3 3
    endloop
  endfacet
  facet normal 0 0 1
    outer loop
      vertex -22.2145 -17.4719 3
      vertex -12.55 -9.25 3
      vertex -22.2 -17.25 3
    endloop
  endfacet
  facet normal 0 0 1
    outer loop
      vertex -22.2579 -17.69 3
      vertex -12.55 -9.25 3
      vertex -22.2145 -17.4719 3
    endloop
  endfacet
  facet normal 0 0 1
    outer loop
      vertex -22.3294 -17.9006 3
      vertex -12.55 -9.25 3
      vertex -22.2579 -17.69 3
    endloop
  endfacet
  facet normal 0 0 1
    outer loop
      vertex -22.4278 -18.1 3
      vertex -12.55 -9.25 3
      vertex -22.3294 -17.9006 3
    endloop
  endfacet
  facet normal 0 0 1
    outer loop
      vertex -22.5513 -18.2849 3
      vertex 22.4278 -18.1 3
      vertex -22.4278 -18.1 3
    endloop
  endfacet
  facet normal 0 0 1
    outer loop
      vertex 22.5513 -18.2849 3
      vertex -22.5513 -18.2849 3
      vertex 24.9 -22.25 3
    endloop
  endfacet
  facet normal 0 0 1
    outer loop
      vertex -24.9 -22.25 3
      vertex -22.5513 -18.2849 3
      vertex -22.6979 -18.4521 3
    endloop
  endfacet
  facet normal 0 0 1
    outer loop
      vertex -24.9 -22.25 3
      vertex -22.6979 -18.4521 3
      vertex -22.8651 -18.5987 3
    endloop
  endfacet
  facet normal 0 0 1
    outer loop
      vertex -24.9 -22.25 3
      vertex -22.8651 -18.5987 3
      vertex -23.05 -18.7222 3
    endloop
  endfacet
  facet normal 0 0 1
    outer loop
      vertex -24.9 -22.25 3
      vertex -23.05 -18.7222 3
      vertex -23.2494 -18.8206 3
    endloop
  endfacet
  facet normal 0 0 1
    outer loop
      vertex -24.9 -22.25 3
      vertex -23.2494 -18.8206 3
      vertex -23.46 -18.8921 3
    endloop
  endfacet
  facet normal 0 0 1
    outer loop
      vertex -24.9 -22.25 3
      vertex -23.46 -18.8921 3
      vertex -23.6781 -18.9355 3
    endloop
  endfacet
  facet normal 0 0 1
    outer loop
      vertex -24.9 -22.25 3
      vertex -23.6781 -18.9355 3
      vertex -23.9 -18.95 3
    endloop
  endfacet
  facet normal 0 0 1
    outer loop
      vertex -24.9 -22.25 3
      vertex -23.9 -18.95 3
      vertex -24.1219 -18.9355 3
    endloop
  endfacet
  facet normal 0 0 1
    outer loop
      vertex -22.5513 -18.2849 3
      vertex -24.9 -22.25 3
      vertex 24.9 -22.25 3
    endloop
  endfacet
  facet normal 0 0 1
    outer loop
      vertex -24.34 -18.8921 3
      vertex -24.9 -22.25 3
      vertex -24.1219 -18.9355 3
    endloop
  endfacet
  facet normal 0 0 1
    outer loop
      vertex -24.5506 -18.8206 3
      vertex -24.9 -22.25 3
      vertex -24.34 -18.8921 3
    endloop
  endfacet
  facet normal 0 0 1
    outer loop
      vertex -25.9353 -22.1137 3
      vertex -24.5506 -18.8206 3
      vertex -24.75 -18.7222 3
    endloop
  endfacet
  facet normal 0 0 1
    outer loop
      vertex -26.4307 -21.9455 3
      vertex -24.75 -18.7222 3
      vertex -24.9349 -18.5987 3
    endloop
  endfacet
  facet normal 0 0 1
    outer loop
      vertex -27.335 -21.4234 3
      vertex -24.9349 -18.5987 3
      vertex -25.1021 -18.4521 3
    endloop
  endfacet
  facet normal 0 0 1
    outer loop
      vertex -28.0734 -20.685 3
      vertex -25.1021 -18.4521 3
      vertex -25.2487 -18.2849 3
    endloop
  endfacet
  facet normal 0 0 1
    outer loop
      vertex -28.3641 -20.25 3
      vertex -25.2487 -18.2849 3
      vertex -25.3722 -18.1 3
    endloop
  endfacet
  facet normal 0 0 1
    outer loop
      vertex -24.5506 -18.8206 3
      vertex -25.4221 -22.2158 3
      vertex -24.9 -22.25 3
    endloop
  endfacet
  facet normal 0 0 1
    outer loop
      vertex -28.7637 -19.2853 3
      vertex -25.3722 -18.1 3
      vertex -25.4706 -17.9006 3
    endloop
  endfacet
  facet normal 0 0 1
    outer loop
      vertex -28.9 -18.25 3
      vertex -25.4706 -17.9006 3
      vertex -25.5421 -17.69 3
    endloop
  endfacet
  facet normal 0 0 1
    outer loop
      vertex -28.9 -18.25 3
      vertex -25.5421 -17.69 3
      vertex -25.5855 -17.4719 3
    endloop
  endfacet
  facet normal 0 0 1
    outer loop
      vertex -28.9 -18.25 3
      vertex -25.5855 -17.4719 3
      vertex -25.6 -17.25 3
    endloop
  endfacet
  facet normal 0 0 1
    outer loop
      vertex -24.5506 -18.8206 3
      vertex -25.9353 -22.1137 3
      vertex -25.4221 -22.2158 3
    endloop
  endfacet
  facet normal 0 0 1
    outer loop
      vertex -25.5421 -16.81 3
      vertex -28.9 -18.25 3
      vertex -25.5855 -17.0281 3
    endloop
  endfacet
  facet normal 0 0 1
    outer loop
      vertex -25.2487 18.2849 3
      vertex -28.3641 20.25 3
      vertex -25.3722 18.1 3
    endloop
  endfacet
  facet normal 0 0 1
    outer loop
      vertex -25.5855 -17.0281 3
      vertex -28.9 -18.25 3
      vertex -25.6 -17.25 3
    endloop
  endfacet
  facet normal -0 0 1
    outer loop
      vertex -28.5955 19.7807 3
      vertex -25.3722 18.1 3
      vertex -28.3641 20.25 3
    endloop
  endfacet
  facet normal 0 0 1
    outer loop
      vertex -25.4706 -17.9006 3
      vertex -28.9 -18.25 3
      vertex -28.8658 -18.7721 3
    endloop
  endfacet
  facet normal -0 0 1
    outer loop
      vertex -28.7637 19.2853 3
      vertex -25.3722 18.1 3
      vertex -28.5955 19.7807 3
    endloop
  endfacet
  facet normal 0 0 1
    outer loop
      vertex -24.75 -18.7222 3
      vertex -26.4307 -21.9455 3
      vertex -25.9353 -22.1137 3
    endloop
  endfacet
  facet normal 0 0 1
    outer loop
      vertex -25.3722 18.1 3
      vertex -28.7637 19.2853 3
      vertex -25.4706 17.9006 3
    endloop
  endfacet
  facet normal 0 0 1
    outer loop
      vertex -24.9349 -18.5987 3
      vertex -26.9 -21.7141 3
      vertex -26.4307 -21.9455 3
    endloop
  endfacet
  facet normal -0 0 1
    outer loop
      vertex -28.8658 18.7721 3
      vertex -25.4706 17.9006 3
      vertex -28.7637 19.2853 3
    endloop
  endfacet
  facet normal 0 0 1
    outer loop
      vertex -24.9349 -18.5987 3
      vertex -27.335 -21.4234 3
      vertex -26.9 -21.7141 3
    endloop
  endfacet
  facet normal -0 0 1
    outer loop
      vertex -28.9 18.25 3
      vertex -25.4706 17.9006 3
      vertex -28.8658 18.7721 3
    endloop
  endfacet
  facet normal 0 0 1
    outer loop
      vertex -25.1021 -18.4521 3
      vertex -27.7284 -21.0784 3
      vertex -27.335 -21.4234 3
    endloop
  endfacet
  facet normal 0 0 1
    outer loop
      vertex -25.4706 17.9006 3
      vertex -28.9 18.25 3
      vertex -25.5421 17.69 3
    endloop
  endfacet
  facet normal 0 0 1
    outer loop
      vertex -25.1021 -18.4521 3
      vertex -28.0734 -20.685 3
      vertex -27.7284 -21.0784 3
    endloop
  endfacet
  facet normal 0 0 1
    outer loop
      vertex -25.5421 17.69 3
      vertex -28.9 18.25 3
      vertex -25.5855 17.4719 3
    endloop
  endfacet
  facet normal 0 0 1
    outer loop
      vertex -25.2487 -18.2849 3
      vertex -28.3641 -20.25 3
      vertex -28.0734 -20.685 3
    endloop
  endfacet
  facet normal 0 0 1
    outer loop
      vertex -25.5855 17.4719 3
      vertex -28.9 18.25 3
      vertex -25.6 17.25 3
    endloop
  endfacet
  facet normal 0 0 1
    outer loop
      vertex -25.3722 -18.1 3
      vertex -28.5955 -19.7807 3
      vertex -28.3641 -20.25 3
    endloop
  endfacet
  facet normal 0 0 1
    outer loop
      vertex -25.3722 -18.1 3
      vertex -28.7637 -19.2853 3
      vertex -28.5955 -19.7807 3
    endloop
  endfacet
  facet normal 0 0 1
    outer loop
      vertex -25.4706 -17.9006 3
      vertex -28.8658 -18.7721 3
      vertex -28.7637 -19.2853 3
    endloop
  endfacet
  facet normal -0 0 1
    outer loop
      vertex -12.55 3 3
      vertex -6.15 -3 3
      vertex -6.15 3 3
    endloop
  endfacet
  facet normal 0 0 1
    outer loop
      vertex -12.55 3 3
      vertex -12.55 -3 3
      vertex -6.15 -3 3
    endloop
  endfacet
  facet normal -0 0 1
    outer loop
      vertex -17.95 3 3
      vertex -12.55 -3 3
      vertex -12.55 3 3
    endloop
  endfacet
  facet normal 0 0 1
    outer loop
      vertex -12.55 -3 3
      vertex -17.95 3 3
      vertex -17.95 -3 3
    endloop
  endfacet
  facet normal 0 0 1
    outer loop
      vertex -6.15 3 3
      vertex 16.85 3 3
      vertex 16.85 6.25 3
    endloop
  endfacet
  facet normal 0 0 1
    outer loop
      vertex 16.85 3 3
      vertex -6.15 3 3
      vertex 16.85 -3 3
    endloop
  endfacet
  facet normal 0 0 1
    outer loop
      vertex -6.15 3 3
      vertex 16.85 6.25 3
      vertex -6.15 6.25 3
    endloop
  endfacet
  facet normal 0 0 1
    outer loop
      vertex -6.15 -3 3
      vertex 16.85 -3 3
      vertex -6.15 3 3
    endloop
  endfacet
  facet normal 0 0 1
    outer loop
      vertex 16.85 -3 3
      vertex -6.15 -3 3
      vertex 16.85 -6.25 3
    endloop
  endfacet
  facet normal 0 0 1
    outer loop
      vertex 16.85 -6.25 3
      vertex -6.15 -3 3
      vertex -6.15 -6.25 3
    endloop
  endfacet
  facet normal -0 0 1
    outer loop
      vertex 23.25 3 3
      vertex 28.65 -3 3
      vertex 28.65 3 3
    endloop
  endfacet
  facet normal 0 0 1
    outer loop
      vertex 23.25 3 3
      vertex 23.25 -3 3
      vertex 28.65 -3 3
    endloop
  endfacet
  facet normal -0 0 1
    outer loop
      vertex 16.85 3 3
      vertex 23.25 -3 3
      vertex 23.25 3 3
    endloop
  endfacet
  facet normal 0 0 1
    outer loop
      vertex 23.25 -3 3
      vertex 16.85 3 3
      vertex 16.85 -3 3
    endloop
  endfacet
  facet normal -0.195124 0.980779 0
    outer loop
      vertex -25.4221 22.2158 0
      vertex -25.9353 22.1137 3
      vertex -25.4221 22.2158 3
    endloop
  endfacet
  facet normal -0.195124 0.980779 0
    outer loop
      vertex -25.9353 22.1137 3
      vertex -25.4221 22.2158 0
      vertex -25.9353 22.1137 0
    endloop
  endfacet
  facet normal 0.896898 0.442238 0
    outer loop
      vertex 28.5955 19.7807 3
      vertex 28.3641 20.25 0
      vertex 28.3641 20.25 3
    endloop
  endfacet
  facet normal 0.896898 0.442238 0
    outer loop
      vertex 28.3641 20.25 0
      vertex 28.5955 19.7807 3
      vertex 28.5955 19.7807 0
    endloop
  endfacet
  facet normal 0 0 -1
    outer loop
      vertex -22.4278 -16.4 0
      vertex 22.4278 -16.4 0
      vertex -22.3294 -16.5994 0
    endloop
  endfacet
  facet normal 0 0 -1
    outer loop
      vertex 22.5513 16.2151 0
      vertex -22.2145 17.0281 0
      vertex -22.2 17.25 0
    endloop
  endfacet
  facet normal 0 0 -1
    outer loop
      vertex 22.4278 -16.4 0
      vertex -22.4278 -16.4 0
      vertex 22.5513 -16.2151 0
    endloop
  endfacet
  facet normal 0 0 -1
    outer loop
      vertex 22.5513 16.2151 0
      vertex -22.2579 16.81 0
      vertex -22.2145 17.0281 0
    endloop
  endfacet
  facet normal 0 0 -1
    outer loop
      vertex -22.5513 -16.2151 0
      vertex 22.5513 -16.2151 0
      vertex -22.4278 -16.4 0
    endloop
  endfacet
  facet normal 0 0 -1
    outer loop
      vertex 22.5513 16.2151 0
      vertex -22.3294 16.5994 0
      vertex -22.2579 16.81 0
    endloop
  endfacet
  facet normal 0 0 -1
    outer loop
      vertex 22.5513 -16.2151 0
      vertex -22.5513 -16.2151 0
      vertex 22.5513 16.2151 0
    endloop
  endfacet
  facet normal 0 0 -1
    outer loop
      vertex 22.5513 16.2151 0
      vertex -22.4278 16.4 0
      vertex -22.3294 16.5994 0
    endloop
  endfacet
  facet normal 0 0 -1
    outer loop
      vertex -22.5513 16.2151 0
      vertex 22.5513 16.2151 0
      vertex -22.5513 -16.2151 0
    endloop
  endfacet
  facet normal 0 0 -1
    outer loop
      vertex 22.5513 16.2151 0
      vertex -22.5513 16.2151 0
      vertex -22.4278 16.4 0
    endloop
  endfacet
  facet normal 0 0 -1
    outer loop
      vertex -22.6979 -16.0479 0
      vertex -22.5513 16.2151 0
      vertex -22.5513 -16.2151 0
    endloop
  endfacet
  facet normal 0 0 -1
    outer loop
      vertex -22.6979 -16.0479 0
      vertex -22.6979 16.0479 0
      vertex -22.5513 16.2151 0
    endloop
  endfacet
  facet normal 0 0 -1
    outer loop
      vertex -22.8651 -15.9013 0
      vertex -22.6979 16.0479 0
      vertex -22.6979 -16.0479 0
    endloop
  endfacet
  facet normal 0 0 -1
    outer loop
      vertex -22.8651 -15.9013 0
      vertex -22.8651 15.9013 0
      vertex -22.6979 16.0479 0
    endloop
  endfacet
  facet normal 0 0 -1
    outer loop
      vertex -23.05 -15.7778 0
      vertex -22.8651 15.9013 0
      vertex -22.8651 -15.9013 0
    endloop
  endfacet
  facet normal 0 0 -1
    outer loop
      vertex -23.05 -15.7778 0
      vertex -23.05 15.7778 0
      vertex -22.8651 15.9013 0
    endloop
  endfacet
  facet normal 0 0 -1
    outer loop
      vertex -23.2494 -15.6794 0
      vertex -23.05 15.7778 0
      vertex -23.05 -15.7778 0
    endloop
  endfacet
  facet normal 0 0 -1
    outer loop
      vertex -23.2494 -15.6794 0
      vertex -23.2494 15.6794 0
      vertex -23.05 15.7778 0
    endloop
  endfacet
  facet normal 0 0 -1
    outer loop
      vertex -23.46 -15.6079 0
      vertex -23.2494 15.6794 0
      vertex -23.2494 -15.6794 0
    endloop
  endfacet
  facet normal 0 0 -1
    outer loop
      vertex -23.46 -15.6079 0
      vertex -23.46 15.6079 0
      vertex -23.2494 15.6794 0
    endloop
  endfacet
  facet normal 0 0 -1
    outer loop
      vertex -23.6781 -15.5645 0
      vertex -23.46 15.6079 0
      vertex -23.46 -15.6079 0
    endloop
  endfacet
  facet normal 0 0 -1
    outer loop
      vertex -23.6781 -15.5645 0
      vertex -23.6781 15.5645 0
      vertex -23.46 15.6079 0
    endloop
  endfacet
  facet normal 0 0 -1
    outer loop
      vertex -23.9 -15.55 0
      vertex -23.6781 15.5645 0
      vertex -23.6781 -15.5645 0
    endloop
  endfacet
  facet normal 0 0 -1
    outer loop
      vertex -23.9 -15.55 0
      vertex -23.9 15.55 0
      vertex -23.6781 15.5645 0
    endloop
  endfacet
  facet normal 0 0 -1
    outer loop
      vertex -24.1219 -15.5645 0
      vertex -23.9 15.55 0
      vertex -23.9 -15.55 0
    endloop
  endfacet
  facet normal 0 0 -1
    outer loop
      vertex -24.1219 -15.5645 0
      vertex -24.1219 15.5645 0
      vertex -23.9 15.55 0
    endloop
  endfacet
  facet normal 0 0 -1
    outer loop
      vertex -24.34 -15.6079 0
      vertex -24.1219 15.5645 0
      vertex -24.1219 -15.5645 0
    endloop
  endfacet
  facet normal 0 0 -1
    outer loop
      vertex -24.34 -15.6079 0
      vertex -24.34 15.6079 0
      vertex -24.1219 15.5645 0
    endloop
  endfacet
  facet normal 0 0 -1
    outer loop
      vertex -24.5506 -15.6794 0
      vertex -24.34 15.6079 0
      vertex -24.34 -15.6079 0
    endloop
  endfacet
  facet normal 0 0 -1
    outer loop
      vertex -24.5506 -15.6794 0
      vertex -24.5506 15.6794 0
      vertex -24.34 15.6079 0
    endloop
  endfacet
  facet normal 0 0 -1
    outer loop
      vertex -24.75 -15.7778 0
      vertex -24.5506 15.6794 0
      vertex -24.5506 -15.6794 0
    endloop
  endfacet
  facet normal 0 0 -1
    outer loop
      vertex -24.75 -15.7778 0
      vertex -24.75 15.7778 0
      vertex -24.5506 15.6794 0
    endloop
  endfacet
  facet normal 0 0 -1
    outer loop
      vertex -24.9349 -15.9013 0
      vertex -24.75 15.7778 0
      vertex -24.75 -15.7778 0
    endloop
  endfacet
  facet normal 0 0 -1
    outer loop
      vertex -24.9349 -15.9013 0
      vertex -24.9349 15.9013 0
      vertex -24.75 15.7778 0
    endloop
  endfacet
  facet normal 0 0 -1
    outer loop
      vertex -28.9 -18.25 0
      vertex -24.9349 -15.9013 0
      vertex -25.1021 -16.0479 0
    endloop
  endfacet
  facet normal -0 0 -1
    outer loop
      vertex -24.9349 -15.9013 0
      vertex -28.9 -18.25 0
      vertex -24.9349 15.9013 0
    endloop
  endfacet
  facet normal 0 0 -1
    outer loop
      vertex -28.9 -18.25 0
      vertex -25.1021 -16.0479 0
      vertex -25.2487 -16.2151 0
    endloop
  endfacet
  facet normal 0 0 -1
    outer loop
      vertex -28.9 18.25 0
      vertex -24.9349 15.9013 0
      vertex -28.9 -18.25 0
    endloop
  endfacet
  facet normal 0 0 -1
    outer loop
      vertex -28.9 -18.25 0
      vertex -25.2487 -16.2151 0
      vertex -25.3722 -16.4 0
    endloop
  endfacet
  facet normal 0 0 -1
    outer loop
      vertex -24.9349 15.9013 0
      vertex -28.9 18.25 0
      vertex -25.1021 16.0479 0
    endloop
  endfacet
  facet normal 0 0 -1
    outer loop
      vertex -28.9 -18.25 0
      vertex -25.3722 -16.4 0
      vertex -25.4706 -16.5994 0
    endloop
  endfacet
  facet normal 0 0 -1
    outer loop
      vertex -25.1021 16.0479 0
      vertex -28.9 18.25 0
      vertex -25.2487 16.2151 0
    endloop
  endfacet
  facet normal 0 0 -1
    outer loop
      vertex -28.9 -18.25 0
      vertex -25.4706 -16.5994 0
      vertex -25.5421 -16.81 0
    endloop
  endfacet
  facet normal 0 0 -1
    outer loop
      vertex -25.2487 16.2151 0
      vertex -28.9 18.25 0
      vertex -25.3722 16.4 0
    endloop
  endfacet
  facet normal 0 0 -1
    outer loop
      vertex -28.9 -18.25 0
      vertex -25.5421 -16.81 0
      vertex -25.5855 -17.0281 0
    endloop
  endfacet
  facet normal 0 0 -1
    outer loop
      vertex -25.3722 16.4 0
      vertex -28.9 18.25 0
      vertex -25.4706 16.5994 0
    endloop
  endfacet
  facet normal 0 0 -1
    outer loop
      vertex -28.9 -18.25 0
      vertex -25.5855 -17.0281 0
      vertex -25.6 -17.25 0
    endloop
  endfacet
  facet normal 0 0 -1
    outer loop
      vertex -25.4706 16.5994 0
      vertex -28.9 18.25 0
      vertex -25.5421 16.81 0
    endloop
  endfacet
  facet normal 0 0 -1
    outer loop
      vertex 25.4706 -16.5994 0
      vertex 28.9 -18.25 0
      vertex 25.5421 -16.81 0
    endloop
  endfacet
  facet normal 0 0 -1
    outer loop
      vertex 28.9 18.25 0
      vertex 25.5855 17.0281 0
      vertex 25.6 17.25 0
    endloop
  endfacet
  facet normal 0 0 -1
    outer loop
      vertex 25.3722 -16.4 0
      vertex 28.9 -18.25 0
      vertex 25.4706 -16.5994 0
    endloop
  endfacet
  facet normal 0 0 -1
    outer loop
      vertex 28.9 18.25 0
      vertex 25.5421 16.81 0
      vertex 25.5855 17.0281 0
    endloop
  endfacet
  facet normal 0 0 -1
    outer loop
      vertex 25.2487 -16.2151 0
      vertex 28.9 -18.25 0
      vertex 25.3722 -16.4 0
    endloop
  endfacet
  facet normal 0 0 -1
    outer loop
      vertex 28.9 18.25 0
      vertex 25.4706 16.5994 0
      vertex 25.5421 16.81 0
    endloop
  endfacet
  facet normal 0 0 -1
    outer loop
      vertex 25.1021 -16.0479 0
      vertex 28.9 -18.25 0
      vertex 25.2487 -16.2151 0
    endloop
  endfacet
  facet normal 0 0 -1
    outer loop
      vertex 28.9 18.25 0
      vertex 25.3722 16.4 0
      vertex 25.4706 16.5994 0
    endloop
  endfacet
  facet normal 0 0 -1
    outer loop
      vertex 24.9349 -15.9013 0
      vertex 28.9 -18.25 0
      vertex 25.1021 -16.0479 0
    endloop
  endfacet
  facet normal 0 0 -1
    outer loop
      vertex 28.9 18.25 0
      vertex 25.2487 16.2151 0
      vertex 25.3722 16.4 0
    endloop
  endfacet
  facet normal 0 0 -1
    outer loop
      vertex 28.9 -18.25 0
      vertex 24.9349 -15.9013 0
      vertex 28.9 18.25 0
    endloop
  endfacet
  facet normal 0 0 -1
    outer loop
      vertex 28.9 18.25 0
      vertex 25.1021 16.0479 0
      vertex 25.2487 16.2151 0
    endloop
  endfacet
  facet normal 0 0 -1
    outer loop
      vertex 24.9349 15.9013 0
      vertex 28.9 18.25 0
      vertex 24.9349 -15.9013 0
    endloop
  endfacet
  facet normal 0 0 -1
    outer loop
      vertex 28.9 18.25 0
      vertex 24.9349 15.9013 0
      vertex 25.1021 16.0479 0
    endloop
  endfacet
  facet normal 0 0 -1
    outer loop
      vertex 24.75 -15.7778 0
      vertex 24.9349 15.9013 0
      vertex 24.9349 -15.9013 0
    endloop
  endfacet
  facet normal 0 0 -1
    outer loop
      vertex 24.75 -15.7778 0
      vertex 24.75 15.7778 0
      vertex 24.9349 15.9013 0
    endloop
  endfacet
  facet normal 0 0 -1
    outer loop
      vertex 24.5506 -15.6794 0
      vertex 24.75 15.7778 0
      vertex 24.75 -15.7778 0
    endloop
  endfacet
  facet normal 0 0 -1
    outer loop
      vertex 24.5506 -15.6794 0
      vertex 24.5506 15.6794 0
      vertex 24.75 15.7778 0
    endloop
  endfacet
  facet normal 0 0 -1
    outer loop
      vertex 24.34 -15.6079 0
      vertex 24.5506 15.6794 0
      vertex 24.5506 -15.6794 0
    endloop
  endfacet
  facet normal 0 0 -1
    outer loop
      vertex 24.34 -15.6079 0
      vertex 24.34 15.6079 0
      vertex 24.5506 15.6794 0
    endloop
  endfacet
  facet normal 0 0 -1
    outer loop
      vertex 24.1219 -15.5645 0
      vertex 24.34 15.6079 0
      vertex 24.34 -15.6079 0
    endloop
  endfacet
  facet normal 0 0 -1
    outer loop
      vertex 24.1219 -15.5645 0
      vertex 24.1219 15.5645 0
      vertex 24.34 15.6079 0
    endloop
  endfacet
  facet normal 0 0 -1
    outer loop
      vertex 23.9 -15.55 0
      vertex 24.1219 15.5645 0
      vertex 24.1219 -15.5645 0
    endloop
  endfacet
  facet normal 0 0 -1
    outer loop
      vertex 23.9 -15.55 0
      vertex 23.9 15.55 0
      vertex 24.1219 15.5645 0
    endloop
  endfacet
  facet normal 0 0 -1
    outer loop
      vertex 23.6781 -15.5645 0
      vertex 23.9 15.55 0
      vertex 23.9 -15.55 0
    endloop
  endfacet
  facet normal 0 0 -1
    outer loop
      vertex 23.6781 -15.5645 0
      vertex 23.6781 15.5645 0
      vertex 23.9 15.55 0
    endloop
  endfacet
  facet normal 0 0 -1
    outer loop
      vertex 23.46 -15.6079 0
      vertex 23.6781 15.5645 0
      vertex 23.6781 -15.5645 0
    endloop
  endfacet
  facet normal 0 0 -1
    outer loop
      vertex 23.46 -15.6079 0
      vertex 23.46 15.6079 0
      vertex 23.6781 15.5645 0
    endloop
  endfacet
  facet normal 0 0 -1
    outer loop
      vertex 23.2494 -15.6794 0
      vertex 23.46 15.6079 0
      vertex 23.46 -15.6079 0
    endloop
  endfacet
  facet normal 0 0 -1
    outer loop
      vertex 23.2494 -15.6794 0
      vertex 23.2494 15.6794 0
      vertex 23.46 15.6079 0
    endloop
  endfacet
  facet normal 0 0 -1
    outer loop
      vertex 23.05 -15.7778 0
      vertex 23.2494 15.6794 0
      vertex 23.2494 -15.6794 0
    endloop
  endfacet
  facet normal 0 0 -1
    outer loop
      vertex 23.05 -15.7778 0
      vertex 23.05 15.7778 0
      vertex 23.2494 15.6794 0
    endloop
  endfacet
  facet normal 0 0 -1
    outer loop
      vertex 22.8651 -15.9013 0
      vertex 23.05 15.7778 0
      vertex 23.05 -15.7778 0
    endloop
  endfacet
  facet normal 0 0 -1
    outer loop
      vertex 22.8651 -15.9013 0
      vertex 22.8651 15.9013 0
      vertex 23.05 15.7778 0
    endloop
  endfacet
  facet normal 0 0 -1
    outer loop
      vertex 22.6979 -16.0479 0
      vertex 22.8651 15.9013 0
      vertex 22.8651 -15.9013 0
    endloop
  endfacet
  facet normal 0 0 -1
    outer loop
      vertex 22.6979 -16.0479 0
      vertex 22.6979 16.0479 0
      vertex 22.8651 15.9013 0
    endloop
  endfacet
  facet normal 0 0 -1
    outer loop
      vertex 22.5513 -16.2151 0
      vertex 22.6979 16.0479 0
      vertex 22.6979 -16.0479 0
    endloop
  endfacet
  facet normal 0 0 -1
    outer loop
      vertex 22.5513 -16.2151 0
      vertex 22.5513 16.2151 0
      vertex 22.6979 16.0479 0
    endloop
  endfacet
  facet normal 0 0 -1
    outer loop
      vertex 22.2579 -16.81 0
      vertex -22.2579 -16.81 0
      vertex 22.3294 -16.5994 0
    endloop
  endfacet
  facet normal 0 0 -1
    outer loop
      vertex -22.3294 -16.5994 0
      vertex 22.3294 -16.5994 0
      vertex -22.2579 -16.81 0
    endloop
  endfacet
  facet normal 0 0 -1
    outer loop
      vertex -22.2579 -16.81 0
      vertex 22.2579 -16.81 0
      vertex -22.2145 -17.0281 0
    endloop
  endfacet
  facet normal 0 0 -1
    outer loop
      vertex 22.3294 -16.5994 0
      vertex -22.3294 -16.5994 0
      vertex 22.4278 -16.4 0
    endloop
  endfacet
  facet normal 0 0 -1
    outer loop
      vertex 22.2145 -17.0281 0
      vertex -22.2145 -17.0281 0
      vertex 22.2579 -16.81 0
    endloop
  endfacet
  facet normal 0 0 -1
    outer loop
      vertex 22.5513 16.2151 0
      vertex -22.2 17.25 0
      vertex 22.4278 16.4 0
    endloop
  endfacet
  facet normal 0 0 -1
    outer loop
      vertex -22.2145 -17.0281 0
      vertex 22.2145 -17.0281 0
      vertex -22.2 -17.25 0
    endloop
  endfacet
  facet normal 0 0 -1
    outer loop
      vertex 22.4278 16.4 0
      vertex -22.2 17.25 0
      vertex 22.3294 16.5994 0
    endloop
  endfacet
  facet normal 0 0 -1
    outer loop
      vertex -22.2 -17.25 0
      vertex 22.2145 -17.0281 0
      vertex 22.2 -17.25 0
    endloop
  endfacet
  facet normal 0 0 -1
    outer loop
      vertex 22.3294 16.5994 0
      vertex -22.2 17.25 0
      vertex 22.2579 16.81 0
    endloop
  endfacet
  facet normal 0 0 -1
    outer loop
      vertex 25.4706 -17.9006 0
      vertex 28.9 -18.25 0
      vertex 28.8658 -18.7721 0
    endloop
  endfacet
  facet normal 0 0 -1
    outer loop
      vertex 25.5855 -17.0281 0
      vertex 28.9 -18.25 0
      vertex 25.6 -17.25 0
    endloop
  endfacet
  facet normal 0 0 -1
    outer loop
      vertex 25.4706 -17.9006 0
      vertex 28.8658 -18.7721 0
      vertex 28.7637 -19.2853 0
    endloop
  endfacet
  facet normal 0 0 -1
    outer loop
      vertex 25.5421 -16.81 0
      vertex 28.9 -18.25 0
      vertex 25.5855 -17.0281 0
    endloop
  endfacet
  facet normal 0 0 -1
    outer loop
      vertex 25.3722 -18.1 0
      vertex 28.7637 -19.2853 0
      vertex 28.5955 -19.7807 0
    endloop
  endfacet
  facet normal 0 0 -1
    outer loop
      vertex 25.5855 17.4719 0
      vertex 28.9 18.25 0
      vertex 25.6 17.25 0
    endloop
  endfacet
  facet normal 0 0 -1
    outer loop
      vertex 25.3722 -18.1 0
      vertex 28.5955 -19.7807 0
      vertex 28.3641 -20.25 0
    endloop
  endfacet
  facet normal 0 0 -1
    outer loop
      vertex 25.5421 17.69 0
      vertex 28.9 18.25 0
      vertex 25.5855 17.4719 0
    endloop
  endfacet
  facet normal 0 0 -1
    outer loop
      vertex 25.2487 -18.2849 0
      vertex 28.3641 -20.25 0
      vertex 28.0734 -20.685 0
    endloop
  endfacet
  facet normal 0 0 -1
    outer loop
      vertex 25.4706 17.9006 0
      vertex 28.9 18.25 0
      vertex 25.5421 17.69 0
    endloop
  endfacet
  facet normal 0 0 -1
    outer loop
      vertex 25.1021 -18.4521 0
      vertex 28.0734 -20.685 0
      vertex 27.7284 -21.0784 0
    endloop
  endfacet
  facet normal -0 0 -1
    outer loop
      vertex 28.9 18.25 0
      vertex 25.4706 17.9006 0
      vertex 28.8658 18.7721 0
    endloop
  endfacet
  facet normal 0 0 -1
    outer loop
      vertex 25.1021 -18.4521 0
      vertex 27.7284 -21.0784 0
      vertex 27.335 -21.4234 0
    endloop
  endfacet
  facet normal -0 0 -1
    outer loop
      vertex 28.8658 18.7721 0
      vertex 25.4706 17.9006 0
      vertex 28.7637 19.2853 0
    endloop
  endfacet
  facet normal 0 0 -1
    outer loop
      vertex 24.9349 -18.5987 0
      vertex 27.335 -21.4234 0
      vertex 26.9 -21.7141 0
    endloop
  endfacet
  facet normal 0 0 -1
    outer loop
      vertex 25.3722 18.1 0
      vertex 28.7637 19.2853 0
      vertex 25.4706 17.9006 0
    endloop
  endfacet
  facet normal 0 0 -1
    outer loop
      vertex 24.9349 -18.5987 0
      vertex 26.9 -21.7141 0
      vertex 26.4307 -21.9455 0
    endloop
  endfacet
  facet normal -0 0 -1
    outer loop
      vertex 28.7637 19.2853 0
      vertex 25.3722 18.1 0
      vertex 28.5955 19.7807 0
    endloop
  endfacet
  facet normal 0 0 -1
    outer loop
      vertex 24.75 -18.7222 0
      vertex 26.4307 -21.9455 0
      vertex 25.9353 -22.1137 0
    endloop
  endfacet
  facet normal -0 0 -1
    outer loop
      vertex 28.5955 19.7807 0
      vertex 25.3722 18.1 0
      vertex 28.3641 20.25 0
    endloop
  endfacet
  facet normal 0 0 -1
    outer loop
      vertex 25.2487 18.2849 0
      vertex 28.3641 20.25 0
      vertex 25.3722 18.1 0
    endloop
  endfacet
  facet normal 0 0 -1
    outer loop
      vertex 28.9 -18.25 0
      vertex 25.5855 -17.4719 0
      vertex 25.6 -17.25 0
    endloop
  endfacet
  facet normal 0 0 -1
    outer loop
      vertex 28.9 -18.25 0
      vertex 25.5421 -17.69 0
      vertex 25.5855 -17.4719 0
    endloop
  endfacet
  facet normal 0 0 -1
    outer loop
      vertex 28.9 -18.25 0
      vertex 25.4706 -17.9006 0
      vertex 25.5421 -17.69 0
    endloop
  endfacet
  facet normal 0 0 -1
    outer loop
      vertex 24.5506 -18.8206 0
      vertex 25.9353 -22.1137 0
      vertex 25.4221 -22.2158 0
    endloop
  endfacet
  facet normal 0 0 -1
    outer loop
      vertex 28.7637 -19.2853 0
      vertex 25.3722 -18.1 0
      vertex 25.4706 -17.9006 0
    endloop
  endfacet
  facet normal 0 0 -1
    outer loop
      vertex 28.3641 -20.25 0
      vertex 25.2487 -18.2849 0
      vertex 25.3722 -18.1 0
    endloop
  endfacet
  facet normal 0 0 -1
    outer loop
      vertex 28.0734 -20.685 0
      vertex 25.1021 -18.4521 0
      vertex 25.2487 -18.2849 0
    endloop
  endfacet
  facet normal 0 0 -1
    outer loop
      vertex 27.335 -21.4234 0
      vertex 24.9349 -18.5987 0
      vertex 25.1021 -18.4521 0
    endloop
  endfacet
  facet normal 0 0 -1
    outer loop
      vertex 24.5506 -18.8206 0
      vertex 25.4221 -22.2158 0
      vertex 24.9 -22.25 0
    endloop
  endfacet
  facet normal 0 0 -1
    outer loop
      vertex 26.4307 -21.9455 0
      vertex 24.75 -18.7222 0
      vertex 24.9349 -18.5987 0
    endloop
  endfacet
  facet normal 0 0 -1
    outer loop
      vertex 25.9353 -22.1137 0
      vertex 24.5506 -18.8206 0
      vertex 24.75 -18.7222 0
    endloop
  endfacet
  facet normal 0 0 -1
    outer loop
      vertex 24.9 -22.25 0
      vertex 24.34 -18.8921 0
      vertex 24.5506 -18.8206 0
    endloop
  endfacet
  facet normal 0 0 -1
    outer loop
      vertex 24.9 -22.25 0
      vertex 24.1219 -18.9355 0
      vertex 24.34 -18.8921 0
    endloop
  endfacet
  facet normal 0 0 -1
    outer loop
      vertex 24.9 -22.25 0
      vertex 23.9 -18.95 0
      vertex 24.1219 -18.9355 0
    endloop
  endfacet
  facet normal 0 0 -1
    outer loop
      vertex 24.9 -22.25 0
      vertex 23.6781 -18.9355 0
      vertex 23.9 -18.95 0
    endloop
  endfacet
  facet normal 0 0 -1
    outer loop
      vertex 24.9 -22.25 0
      vertex 23.46 -18.8921 0
      vertex 23.6781 -18.9355 0
    endloop
  endfacet
  facet normal 0 0 -1
    outer loop
      vertex 24.9 -22.25 0
      vertex 23.2494 -18.8206 0
      vertex 23.46 -18.8921 0
    endloop
  endfacet
  facet normal 0 0 -1
    outer loop
      vertex 24.9 -22.25 0
      vertex 23.05 -18.7222 0
      vertex 23.2494 -18.8206 0
    endloop
  endfacet
  facet normal 0 0 -1
    outer loop
      vertex 24.9 -22.25 0
      vertex 22.8651 -18.5987 0
      vertex 23.05 -18.7222 0
    endloop
  endfacet
  facet normal 0 0 -1
    outer loop
      vertex 24.9 -22.25 0
      vertex 22.6979 -18.4521 0
      vertex 22.8651 -18.5987 0
    endloop
  endfacet
  facet normal 0 0 -1
    outer loop
      vertex 24.9 -22.25 0
      vertex 22.5513 -18.2849 0
      vertex 22.6979 -18.4521 0
    endloop
  endfacet
  facet normal 0 0 -1
    outer loop
      vertex -22.5513 -18.2849 0
      vertex 22.5513 -18.2849 0
      vertex 24.9 -22.25 0
    endloop
  endfacet
  facet normal 0 0 -1
    outer loop
      vertex 22.2579 16.81 0
      vertex -22.2 17.25 0
      vertex 22.2145 17.0281 0
    endloop
  endfacet
  facet normal 0 0 -1
    outer loop
      vertex 22.2145 -17.4719 0
      vertex -22.2 -17.25 0
      vertex 22.2 -17.25 0
    endloop
  endfacet
  facet normal 0 0 -1
    outer loop
      vertex -22.2145 -17.4719 0
      vertex 22.2145 -17.4719 0
      vertex 22.2579 -17.69 0
    endloop
  endfacet
  facet normal 0 0 -1
    outer loop
      vertex -22.2579 -17.69 0
      vertex 22.2579 -17.69 0
      vertex 22.3294 -17.9006 0
    endloop
  endfacet
  facet normal 0 0 -1
    outer loop
      vertex -22.3294 -17.9006 0
      vertex 22.3294 -17.9006 0
      vertex 22.4278 -18.1 0
    endloop
  endfacet
  facet normal 0 0 -1
    outer loop
      vertex 22.5513 -18.2849 0
      vertex -22.5513 -18.2849 0
      vertex 22.4278 -18.1 0
    endloop
  endfacet
  facet normal 0 0 -1
    outer loop
      vertex 22.2145 -17.4719 0
      vertex -22.2145 -17.4719 0
      vertex -22.2 -17.25 0
    endloop
  endfacet
  facet normal 0 0 -1
    outer loop
      vertex 22.2579 -17.69 0
      vertex -22.2579 -17.69 0
      vertex -22.2145 -17.4719 0
    endloop
  endfacet
  facet normal 0 0 -1
    outer loop
      vertex 22.3294 -17.9006 0
      vertex -22.3294 -17.9006 0
      vertex -22.2579 -17.69 0
    endloop
  endfacet
  facet normal 0 0 -1
    outer loop
      vertex 22.4278 -18.1 0
      vertex -22.4278 -18.1 0
      vertex -22.3294 -17.9006 0
    endloop
  endfacet
  facet normal -0 0 -1
    outer loop
      vertex 22.4278 -18.1 0
      vertex -22.5513 -18.2849 0
      vertex -22.4278 -18.1 0
    endloop
  endfacet
  facet normal 0 0 -1
    outer loop
      vertex -24.9 -22.25 0
      vertex -22.5513 -18.2849 0
      vertex 24.9 -22.25 0
    endloop
  endfacet
  facet normal 0 0 -1
    outer loop
      vertex -22.5513 -18.2849 0
      vertex -24.9 -22.25 0
      vertex -22.6979 -18.4521 0
    endloop
  endfacet
  facet normal 0 0 -1
    outer loop
      vertex -22.6979 -18.4521 0
      vertex -24.9 -22.25 0
      vertex -22.8651 -18.5987 0
    endloop
  endfacet
  facet normal 0 0 -1
    outer loop
      vertex -22.8651 -18.5987 0
      vertex -24.9 -22.25 0
      vertex -23.05 -18.7222 0
    endloop
  endfacet
  facet normal 0 0 -1
    outer loop
      vertex -23.05 -18.7222 0
      vertex -24.9 -22.25 0
      vertex -23.2494 -18.8206 0
    endloop
  endfacet
  facet normal 0 0 -1
    outer loop
      vertex -23.2494 -18.8206 0
      vertex -24.9 -22.25 0
      vertex -23.46 -18.8921 0
    endloop
  endfacet
  facet normal 0 0 -1
    outer loop
      vertex -23.46 -18.8921 0
      vertex -24.9 -22.25 0
      vertex -23.6781 -18.9355 0
    endloop
  endfacet
  facet normal 0 0 -1
    outer loop
      vertex -23.6781 -18.9355 0
      vertex -24.9 -22.25 0
      vertex -23.9 -18.95 0
    endloop
  endfacet
  facet normal -0 0 -1
    outer loop
      vertex -23.9 -18.95 0
      vertex -24.9 -22.25 0
      vertex -24.1219 -18.9355 0
    endloop
  endfacet
  facet normal 0 0 -1
    outer loop
      vertex -24.9 -22.25 0
      vertex -24.34 -18.8921 0
      vertex -24.1219 -18.9355 0
    endloop
  endfacet
  facet normal 0 0 -1
    outer loop
      vertex -24.9 -22.25 0
      vertex -24.5506 -18.8206 0
      vertex -24.34 -18.8921 0
    endloop
  endfacet
  facet normal 0 0 -1
    outer loop
      vertex -25.4221 -22.2158 0
      vertex -24.5506 -18.8206 0
      vertex -24.9 -22.25 0
    endloop
  endfacet
  facet normal 0 0 -1
    outer loop
      vertex -25.9353 -22.1137 0
      vertex -24.5506 -18.8206 0
      vertex -25.4221 -22.2158 0
    endloop
  endfacet
  facet normal -0 0 -1
    outer loop
      vertex -24.5506 -18.8206 0
      vertex -25.9353 -22.1137 0
      vertex -24.75 -18.7222 0
    endloop
  endfacet
  facet normal 0 0 -1
    outer loop
      vertex -26.4307 -21.9455 0
      vertex -24.75 -18.7222 0
      vertex -25.9353 -22.1137 0
    endloop
  endfacet
  facet normal -0 0 -1
    outer loop
      vertex -24.75 -18.7222 0
      vertex -26.4307 -21.9455 0
      vertex -24.9349 -18.5987 0
    endloop
  endfacet
  facet normal 0 0 -1
    outer loop
      vertex -26.9 -21.7141 0
      vertex -24.9349 -18.5987 0
      vertex -26.4307 -21.9455 0
    endloop
  endfacet
  facet normal 0 0 -1
    outer loop
      vertex -27.335 -21.4234 0
      vertex -24.9349 -18.5987 0
      vertex -26.9 -21.7141 0
    endloop
  endfacet
  facet normal -0 0 -1
    outer loop
      vertex -24.9349 -18.5987 0
      vertex -27.335 -21.4234 0
      vertex -25.1021 -18.4521 0
    endloop
  endfacet
  facet normal 0 0 -1
    outer loop
      vertex -27.7284 -21.0784 0
      vertex -25.1021 -18.4521 0
      vertex -27.335 -21.4234 0
    endloop
  endfacet
  facet normal 0 0 -1
    outer loop
      vertex -28.0734 -20.685 0
      vertex -25.1021 -18.4521 0
      vertex -27.7284 -21.0784 0
    endloop
  endfacet
  facet normal 0 0 -1
    outer loop
      vertex -28.3641 -20.25 0
      vertex -25.2487 -18.2849 0
      vertex -28.0734 -20.685 0
    endloop
  endfacet
  facet normal -0 0 -1
    outer loop
      vertex -25.1021 -18.4521 0
      vertex -28.0734 -20.685 0
      vertex -25.2487 -18.2849 0
    endloop
  endfacet
  facet normal -0 0 -1
    outer loop
      vertex 28.3641 20.25 0
      vertex 25.2487 18.2849 0
      vertex 28.0734 20.685 0
    endloop
  endfacet
  facet normal 0 0 -1
    outer loop
      vertex 25.1021 18.4521 0
      vertex 28.0734 20.685 0
      vertex 25.2487 18.2849 0
    endloop
  endfacet
  facet normal -0 0 -1
    outer loop
      vertex 28.0734 20.685 0
      vertex 25.1021 18.4521 0
      vertex 27.7284 21.0784 0
    endloop
  endfacet
  facet normal -0 0 -1
    outer loop
      vertex 27.7284 21.0784 0
      vertex 25.1021 18.4521 0
      vertex 27.335 21.4234 0
    endloop
  endfacet
  facet normal 0 0 -1
    outer loop
      vertex 24.9349 18.5987 0
      vertex 27.335 21.4234 0
      vertex 25.1021 18.4521 0
    endloop
  endfacet
  facet normal -0 0 -1
    outer loop
      vertex 27.335 21.4234 0
      vertex 24.9349 18.5987 0
      vertex 26.9 21.7141 0
    endloop
  endfacet
  facet normal -0 0 -1
    outer loop
      vertex 26.9 21.7141 0
      vertex 24.9349 18.5987 0
      vertex 26.4307 21.9455 0
    endloop
  endfacet
  facet normal 0 0 -1
    outer loop
      vertex 24.75 18.7222 0
      vertex 26.4307 21.9455 0
      vertex 24.9349 18.5987 0
    endloop
  endfacet
  facet normal -0 0 -1
    outer loop
      vertex 26.4307 21.9455 0
      vertex 24.75 18.7222 0
      vertex 25.9353 22.1137 0
    endloop
  endfacet
  facet normal 0 0 -1
    outer loop
      vertex 24.5506 18.8206 0
      vertex 25.9353 22.1137 0
      vertex 24.75 18.7222 0
    endloop
  endfacet
  facet normal -0 0 -1
    outer loop
      vertex 25.9353 22.1137 0
      vertex 24.5506 18.8206 0
      vertex 25.4221 22.2158 0
    endloop
  endfacet
  facet normal -0 0 -1
    outer loop
      vertex 25.4221 22.2158 0
      vertex 24.5506 18.8206 0
      vertex 24.9 22.25 0
    endloop
  endfacet
  facet normal 0 0 -1
    outer loop
      vertex 24.34 18.8921 0
      vertex 24.9 22.25 0
      vertex 24.5506 18.8206 0
    endloop
  endfacet
  facet normal 0 0 -1
    outer loop
      vertex 24.1219 18.9355 0
      vertex 24.9 22.25 0
      vertex 24.34 18.8921 0
    endloop
  endfacet
  facet normal 0 0 -1
    outer loop
      vertex 23.9 18.95 0
      vertex 24.9 22.25 0
      vertex 24.1219 18.9355 0
    endloop
  endfacet
  facet normal 0 0 -1
    outer loop
      vertex 23.6781 18.9355 0
      vertex 24.9 22.25 0
      vertex 23.9 18.95 0
    endloop
  endfacet
  facet normal 0 0 -1
    outer loop
      vertex 23.46 18.8921 0
      vertex 24.9 22.25 0
      vertex 23.6781 18.9355 0
    endloop
  endfacet
  facet normal 0 0 -1
    outer loop
      vertex 23.2494 18.8206 0
      vertex 24.9 22.25 0
      vertex 23.46 18.8921 0
    endloop
  endfacet
  facet normal 0 0 -1
    outer loop
      vertex 23.05 18.7222 0
      vertex 24.9 22.25 0
      vertex 23.2494 18.8206 0
    endloop
  endfacet
  facet normal 0 0 -1
    outer loop
      vertex 22.8651 18.5987 0
      vertex 24.9 22.25 0
      vertex 23.05 18.7222 0
    endloop
  endfacet
  facet normal 0 0 -1
    outer loop
      vertex 22.6979 18.4521 0
      vertex 24.9 22.25 0
      vertex 22.8651 18.5987 0
    endloop
  endfacet
  facet normal 0 0 -1
    outer loop
      vertex 22.5513 18.2849 0
      vertex 24.9 22.25 0
      vertex 22.6979 18.4521 0
    endloop
  endfacet
  facet normal 0 0 -1
    outer loop
      vertex -22.5513 18.2849 0
      vertex 22.5513 18.2849 0
      vertex 22.4278 18.1 0
    endloop
  endfacet
  facet normal 0 0 -1
    outer loop
      vertex 22.2145 17.0281 0
      vertex -22.2 17.25 0
      vertex 22.2 17.25 0
    endloop
  endfacet
  facet normal 0 0 -1
    outer loop
      vertex 22.2 17.25 0
      vertex -22.2 17.25 0
      vertex 22.2145 17.4719 0
    endloop
  endfacet
  facet normal 0 0 -1
    outer loop
      vertex -22.2145 17.4719 0
      vertex 22.2145 17.4719 0
      vertex -22.2 17.25 0
    endloop
  endfacet
  facet normal 0 0 -1
    outer loop
      vertex 22.2145 17.4719 0
      vertex -22.2145 17.4719 0
      vertex 22.2579 17.69 0
    endloop
  endfacet
  facet normal 0 0 -1
    outer loop
      vertex -22.2579 17.69 0
      vertex 22.2579 17.69 0
      vertex -22.2145 17.4719 0
    endloop
  endfacet
  facet normal 0 0 -1
    outer loop
      vertex 22.2579 17.69 0
      vertex -22.2579 17.69 0
      vertex 22.3294 17.9006 0
    endloop
  endfacet
  facet normal 0 0 -1
    outer loop
      vertex -22.3294 17.9006 0
      vertex 22.3294 17.9006 0
      vertex -22.2579 17.69 0
    endloop
  endfacet
  facet normal 0 0 -1
    outer loop
      vertex 22.3294 17.9006 0
      vertex -22.3294 17.9006 0
      vertex 22.4278 18.1 0
    endloop
  endfacet
  facet normal 0 0 -1
    outer loop
      vertex -22.4278 18.1 0
      vertex 22.4278 18.1 0
      vertex -22.3294 17.9006 0
    endloop
  endfacet
  facet normal 0 0 -1
    outer loop
      vertex -22.5513 18.2849 0
      vertex 22.4278 18.1 0
      vertex -22.4278 18.1 0
    endloop
  endfacet
  facet normal 0 0 -1
    outer loop
      vertex 22.5513 18.2849 0
      vertex -22.5513 18.2849 0
      vertex 24.9 22.25 0
    endloop
  endfacet
  facet normal 0 0 -1
    outer loop
      vertex -24.9 22.25 0
      vertex -22.5513 18.2849 0
      vertex -22.6979 18.4521 0
    endloop
  endfacet
  facet normal 0 0 -1
    outer loop
      vertex -24.9 22.25 0
      vertex -22.6979 18.4521 0
      vertex -22.8651 18.5987 0
    endloop
  endfacet
  facet normal 0 0 -1
    outer loop
      vertex -24.9 22.25 0
      vertex -22.8651 18.5987 0
      vertex -23.05 18.7222 0
    endloop
  endfacet
  facet normal 0 0 -1
    outer loop
      vertex -24.9 22.25 0
      vertex -23.05 18.7222 0
      vertex -23.2494 18.8206 0
    endloop
  endfacet
  facet normal 0 0 -1
    outer loop
      vertex -24.9 22.25 0
      vertex -23.2494 18.8206 0
      vertex -23.46 18.8921 0
    endloop
  endfacet
  facet normal 0 0 -1
    outer loop
      vertex -24.9 22.25 0
      vertex -23.46 18.8921 0
      vertex -23.6781 18.9355 0
    endloop
  endfacet
  facet normal 0 0 -1
    outer loop
      vertex -24.9 22.25 0
      vertex -23.6781 18.9355 0
      vertex -23.9 18.95 0
    endloop
  endfacet
  facet normal 0 0 -1
    outer loop
      vertex -24.9 22.25 0
      vertex -23.9 18.95 0
      vertex -24.1219 18.9355 0
    endloop
  endfacet
  facet normal 0 0 -1
    outer loop
      vertex -22.5513 18.2849 0
      vertex -24.9 22.25 0
      vertex 24.9 22.25 0
    endloop
  endfacet
  facet normal 0 0 -1
    outer loop
      vertex -24.34 18.8921 0
      vertex -24.9 22.25 0
      vertex -24.1219 18.9355 0
    endloop
  endfacet
  facet normal 0 0 -1
    outer loop
      vertex -24.5506 18.8206 0
      vertex -24.9 22.25 0
      vertex -24.34 18.8921 0
    endloop
  endfacet
  facet normal 0 0 -1
    outer loop
      vertex -25.9353 22.1137 0
      vertex -24.5506 18.8206 0
      vertex -24.75 18.7222 0
    endloop
  endfacet
  facet normal 0 0 -1
    outer loop
      vertex -26.4307 21.9455 0
      vertex -24.75 18.7222 0
      vertex -24.9349 18.5987 0
    endloop
  endfacet
  facet normal 0 0 -1
    outer loop
      vertex -27.335 21.4234 0
      vertex -24.9349 18.5987 0
      vertex -25.1021 18.4521 0
    endloop
  endfacet
  facet normal 0 0 -1
    outer loop
      vertex -28.0734 20.685 0
      vertex -25.1021 18.4521 0
      vertex -25.2487 18.2849 0
    endloop
  endfacet
  facet normal 0 0 -1
    outer loop
      vertex -28.3641 20.25 0
      vertex -25.2487 18.2849 0
      vertex -25.3722 18.1 0
    endloop
  endfacet
  facet normal 0 0 -1
    outer loop
      vertex -24.5506 18.8206 0
      vertex -25.4221 22.2158 0
      vertex -24.9 22.25 0
    endloop
  endfacet
  facet normal 0 0 -1
    outer loop
      vertex -28.7637 19.2853 0
      vertex -25.3722 18.1 0
      vertex -25.4706 17.9006 0
    endloop
  endfacet
  facet normal 0 0 -1
    outer loop
      vertex -28.9 18.25 0
      vertex -25.4706 17.9006 0
      vertex -25.5421 17.69 0
    endloop
  endfacet
  facet normal 0 0 -1
    outer loop
      vertex -28.9 18.25 0
      vertex -25.5421 17.69 0
      vertex -25.5855 17.4719 0
    endloop
  endfacet
  facet normal 0 0 -1
    outer loop
      vertex -28.9 18.25 0
      vertex -25.5855 17.4719 0
      vertex -25.6 17.25 0
    endloop
  endfacet
  facet normal 0 0 -1
    outer loop
      vertex -24.5506 18.8206 0
      vertex -25.9353 22.1137 0
      vertex -25.4221 22.2158 0
    endloop
  endfacet
  facet normal 0 0 -1
    outer loop
      vertex -25.5421 16.81 0
      vertex -28.9 18.25 0
      vertex -25.5855 17.0281 0
    endloop
  endfacet
  facet normal -0 0 -1
    outer loop
      vertex -25.2487 -18.2849 0
      vertex -28.3641 -20.25 0
      vertex -25.3722 -18.1 0
    endloop
  endfacet
  facet normal 0 0 -1
    outer loop
      vertex -25.5855 17.0281 0
      vertex -28.9 18.25 0
      vertex -25.6 17.25 0
    endloop
  endfacet
  facet normal 0 0 -1
    outer loop
      vertex -28.5955 -19.7807 0
      vertex -25.3722 -18.1 0
      vertex -28.3641 -20.25 0
    endloop
  endfacet
  facet normal 0 0 -1
    outer loop
      vertex -25.4706 17.9006 0
      vertex -28.9 18.25 0
      vertex -28.8658 18.7721 0
    endloop
  endfacet
  facet normal 0 0 -1
    outer loop
      vertex -28.7637 -19.2853 0
      vertex -25.3722 -18.1 0
      vertex -28.5955 -19.7807 0
    endloop
  endfacet
  facet normal 0 0 -1
    outer loop
      vertex -24.75 18.7222 0
      vertex -26.4307 21.9455 0
      vertex -25.9353 22.1137 0
    endloop
  endfacet
  facet normal -0 0 -1
    outer loop
      vertex -25.3722 -18.1 0
      vertex -28.7637 -19.2853 0
      vertex -25.4706 -17.9006 0
    endloop
  endfacet
  facet normal 0 0 -1
    outer loop
      vertex -24.9349 18.5987 0
      vertex -26.9 21.7141 0
      vertex -26.4307 21.9455 0
    endloop
  endfacet
  facet normal 0 0 -1
    outer loop
      vertex -28.8658 -18.7721 0
      vertex -25.4706 -17.9006 0
      vertex -28.7637 -19.2853 0
    endloop
  endfacet
  facet normal 0 0 -1
    outer loop
      vertex -24.9349 18.5987 0
      vertex -27.335 21.4234 0
      vertex -26.9 21.7141 0
    endloop
  endfacet
  facet normal 0 0 -1
    outer loop
      vertex -28.9 -18.25 0
      vertex -25.4706 -17.9006 0
      vertex -28.8658 -18.7721 0
    endloop
  endfacet
  facet normal 0 0 -1
    outer loop
      vertex -25.1021 18.4521 0
      vertex -27.7284 21.0784 0
      vertex -27.335 21.4234 0
    endloop
  endfacet
  facet normal -0 0 -1
    outer loop
      vertex -25.4706 -17.9006 0
      vertex -28.9 -18.25 0
      vertex -25.5421 -17.69 0
    endloop
  endfacet
  facet normal 0 0 -1
    outer loop
      vertex -25.1021 18.4521 0
      vertex -28.0734 20.685 0
      vertex -27.7284 21.0784 0
    endloop
  endfacet
  facet normal -0 0 -1
    outer loop
      vertex -25.5421 -17.69 0
      vertex -28.9 -18.25 0
      vertex -25.5855 -17.4719 0
    endloop
  endfacet
  facet normal 0 0 -1
    outer loop
      vertex -25.2487 18.2849 0
      vertex -28.3641 20.25 0
      vertex -28.0734 20.685 0
    endloop
  endfacet
  facet normal -0 0 -1
    outer loop
      vertex -25.5855 -17.4719 0
      vertex -28.9 -18.25 0
      vertex -25.6 -17.25 0
    endloop
  endfacet
  facet normal 0 0 -1
    outer loop
      vertex -25.3722 18.1 0
      vertex -28.5955 19.7807 0
      vertex -28.3641 20.25 0
    endloop
  endfacet
  facet normal 0 0 -1
    outer loop
      vertex -25.3722 18.1 0
      vertex -28.7637 19.2853 0
      vertex -28.5955 19.7807 0
    endloop
  endfacet
  facet normal 0 0 -1
    outer loop
      vertex -25.4706 17.9006 0
      vertex -28.8658 18.7721 0
      vertex -28.7637 19.2853 0
    endloop
  endfacet
  facet normal 0.659343 0.751842 -0
    outer loop
      vertex 27.7284 21.0784 0
      vertex 27.335 21.4234 3
      vertex 27.7284 21.0784 3
    endloop
  endfacet
  facet normal 0.659343 0.751842 0
    outer loop
      vertex 27.335 21.4234 3
      vertex 27.7284 21.0784 0
      vertex 27.335 21.4234 0
    endloop
  endfacet
  facet normal -0.896898 0.442238 0
    outer loop
      vertex -28.5955 19.7807 0
      vertex -28.3641 20.25 3
      vertex -28.3641 20.25 0
    endloop
  endfacet
  facet normal -0.896898 0.442238 0
    outer loop
      vertex -28.3641 20.25 3
      vertex -28.5955 19.7807 0
      vertex -28.5955 19.7807 3
    endloop
  endfacet
  facet normal 1 0 0
    outer loop
      vertex 23.25 9.25 19.9
      vertex 23.25 3 12
      vertex 23.25 9.25 3
    endloop
  endfacet
  facet normal 1 0 0
    outer loop
      vertex 23.25 9.25 19.9
      vertex 23.25 -3 12
      vertex 23.25 3 12
    endloop
  endfacet
  facet normal 1 -0 0
    outer loop
      vertex 23.25 -9.25 19.9
      vertex 23.25 -3 12
      vertex 23.25 9.25 19.9
    endloop
  endfacet
  facet normal 1 0 0
    outer loop
      vertex 23.25 -9.25 3
      vertex 23.25 -3 12
      vertex 23.25 -9.25 19.9
    endloop
  endfacet
  facet normal 1 0 0
    outer loop
      vertex 23.25 -3 12
      vertex 23.25 -9.25 3
      vertex 23.25 -3 3
    endloop
  endfacet
  facet normal 1 0 0
    outer loop
      vertex 23.25 9.25 3
      vertex 23.25 3 12
      vertex 23.25 3 3
    endloop
  endfacet
  facet normal 0 0 1
    outer loop
      vertex 23.25 9.25 19.9
      vertex 20.1 0 19.9
      vertex 23.25 -9.25 19.9
    endloop
  endfacet
  facet normal 0 0 1
    outer loop
      vertex 23.25 9.25 19.9
      vertex 20.0927 0.110947 19.9
      vertex 20.1 0 19.9
    endloop
  endfacet
  facet normal 0 0 1
    outer loop
      vertex 23.25 9.25 19.9
      vertex 20.071 0.219995 19.9
      vertex 20.0927 0.110947 19.9
    endloop
  endfacet
  facet normal 0 0 1
    outer loop
      vertex 23.25 9.25 19.9
      vertex 20.0353 0.32528 19.9
      vertex 20.071 0.219995 19.9
    endloop
  endfacet
  facet normal 0 0 1
    outer loop
      vertex 23.25 9.25 19.9
      vertex 19.9861 0.424999 19.9
      vertex 20.0353 0.32528 19.9
    endloop
  endfacet
  facet normal 0 0 1
    outer loop
      vertex 23.25 9.25 19.9
      vertex 19.9244 0.517447 19.9
      vertex 19.9861 0.424999 19.9
    endloop
  endfacet
  facet normal 0 0 1
    outer loop
      vertex 23.25 9.25 19.9
      vertex 19.851 0.60104 19.9
      vertex 19.9244 0.517447 19.9
    endloop
  endfacet
  facet normal 0 0 1
    outer loop
      vertex 23.25 9.25 19.9
      vertex 19.7674 0.67435 19.9
      vertex 19.851 0.60104 19.9
    endloop
  endfacet
  facet normal 0 0 1
    outer loop
      vertex 23.25 9.25 19.9
      vertex 19.675 0.736121 19.9
      vertex 19.7674 0.67435 19.9
    endloop
  endfacet
  facet normal 0 0 1
    outer loop
      vertex 23.25 9.25 19.9
      vertex 19.5753 0.785297 19.9
      vertex 19.675 0.736121 19.9
    endloop
  endfacet
  facet normal -0 0 1
    outer loop
      vertex 16.85 6.25 19.9
      vertex 19.5753 0.785297 19.9
      vertex 23.25 9.25 19.9
    endloop
  endfacet
  facet normal 0 0 1
    outer loop
      vertex 19.5753 0.785297 19.9
      vertex 16.85 6.25 19.9
      vertex 19.47 0.821036 19.9
    endloop
  endfacet
  facet normal 0 0 1
    outer loop
      vertex 19.47 0.821036 19.9
      vertex 16.85 6.25 19.9
      vertex 19.3609 0.842728 19.9
    endloop
  endfacet
  facet normal 0 0 1
    outer loop
      vertex 19.3609 0.842728 19.9
      vertex 16.85 6.25 19.9
      vertex 19.25 0.849999 19.9
    endloop
  endfacet
  facet normal 0 0 1
    outer loop
      vertex 19.25 0.849999 19.9
      vertex 16.85 6.25 19.9
      vertex 19.1391 0.842728 19.9
    endloop
  endfacet
  facet normal 0 0 1
    outer loop
      vertex 19.1391 0.842728 19.9
      vertex 16.85 6.25 19.9
      vertex 19.03 0.821036 19.9
    endloop
  endfacet
  facet normal 0 0 1
    outer loop
      vertex 19.03 0.821036 19.9
      vertex 16.85 6.25 19.9
      vertex 18.9247 0.785297 19.9
    endloop
  endfacet
  facet normal 0 0 1
    outer loop
      vertex 18.9247 0.785297 19.9
      vertex 16.85 6.25 19.9
      vertex 18.825 0.736121 19.9
    endloop
  endfacet
  facet normal 0 0 1
    outer loop
      vertex 18.825 0.736121 19.9
      vertex 16.85 6.25 19.9
      vertex 18.7326 0.67435 19.9
    endloop
  endfacet
  facet normal 0 0 1
    outer loop
      vertex 18.7326 0.67435 19.9
      vertex 16.85 6.25 19.9
      vertex 18.649 0.60104 19.9
    endloop
  endfacet
  facet normal 0 0 1
    outer loop
      vertex 18.649 0.60104 19.9
      vertex 16.85 6.25 19.9
      vertex 18.5756 0.517447 19.9
    endloop
  endfacet
  facet normal 0 0 1
    outer loop
      vertex 18.4073 0.110947 19.9
      vertex 16.85 6.25 19.9
      vertex 18.4 0 19.9
    endloop
  endfacet
  facet normal 0 0 1
    outer loop
      vertex 18.429 0.219995 19.9
      vertex 16.85 6.25 19.9
      vertex 18.4073 0.110947 19.9
    endloop
  endfacet
  facet normal 0 0 1
    outer loop
      vertex 18.4647 0.32528 19.9
      vertex 16.85 6.25 19.9
      vertex 18.429 0.219995 19.9
    endloop
  endfacet
  facet normal 0 0 1
    outer loop
      vertex 18.5139 0.424999 19.9
      vertex 16.85 6.25 19.9
      vertex 18.4647 0.32528 19.9
    endloop
  endfacet
  facet normal 0 0 1
    outer loop
      vertex 18.5756 0.517447 19.9
      vertex 16.85 6.25 19.9
      vertex 18.5139 0.424999 19.9
    endloop
  endfacet
  facet normal 0 0 1
    outer loop
      vertex 23.25 9.25 19.9
      vertex -6.15 6.25 19.9
      vertex 16.85 6.25 19.9
    endloop
  endfacet
  facet normal 0 0 1
    outer loop
      vertex -6.15 6.25 19.9
      vertex -7.7 0 19.9
      vertex -6.15 -6.25 19.9
    endloop
  endfacet
  facet normal 0 0 1
    outer loop
      vertex -6.15 6.25 19.9
      vertex -7.70727 0.110947 19.9
      vertex -7.7 0 19.9
    endloop
  endfacet
  facet normal 0 0 1
    outer loop
      vertex -6.15 6.25 19.9
      vertex -7.72896 0.219995 19.9
      vertex -7.70727 0.110947 19.9
    endloop
  endfacet
  facet normal 0 0 1
    outer loop
      vertex -6.15 6.25 19.9
      vertex -7.7647 0.32528 19.9
      vertex -7.72896 0.219995 19.9
    endloop
  endfacet
  facet normal 0 0 1
    outer loop
      vertex -6.15 6.25 19.9
      vertex -7.81388 0.424999 19.9
      vertex -7.7647 0.32528 19.9
    endloop
  endfacet
  facet normal 0 0 1
    outer loop
      vertex -6.15 6.25 19.9
      vertex -7.87565 0.517447 19.9
      vertex -7.81388 0.424999 19.9
    endloop
  endfacet
  facet normal 0 0 1
    outer loop
      vertex -6.15 6.25 19.9
      vertex -7.94896 0.60104 19.9
      vertex -7.87565 0.517447 19.9
    endloop
  endfacet
  facet normal 0 0 1
    outer loop
      vertex -6.15 6.25 19.9
      vertex -8.03255 0.67435 19.9
      vertex -7.94896 0.60104 19.9
    endloop
  endfacet
  facet normal 0 0 1
    outer loop
      vertex -6.15 6.25 19.9
      vertex -8.125 0.736121 19.9
      vertex -8.03255 0.67435 19.9
    endloop
  endfacet
  facet normal 0 0 1
    outer loop
      vertex -6.15 6.25 19.9
      vertex -8.22472 0.785297 19.9
      vertex -8.125 0.736121 19.9
    endloop
  endfacet
  facet normal 0 0 1
    outer loop
      vertex -6.15 6.25 19.9
      vertex -8.33 0.821036 19.9
      vertex -8.22472 0.785297 19.9
    endloop
  endfacet
  facet normal 0 0 1
    outer loop
      vertex -6.15 6.25 19.9
      vertex -8.43905 0.842728 19.9
      vertex -8.33 0.821036 19.9
    endloop
  endfacet
  facet normal 0 0 1
    outer loop
      vertex -6.15 6.25 19.9
      vertex -8.55 0.849999 19.9
      vertex -8.43905 0.842728 19.9
    endloop
  endfacet
  facet normal 0 0 1
    outer loop
      vertex -6.15 6.25 19.9
      vertex -8.66095 0.842728 19.9
      vertex -8.55 0.849999 19.9
    endloop
  endfacet
  facet normal 0 0 1
    outer loop
      vertex -6.15 6.25 19.9
      vertex -8.77 0.821036 19.9
      vertex -8.66095 0.842728 19.9
    endloop
  endfacet
  facet normal 0 0 1
    outer loop
      vertex -6.15 6.25 19.9
      vertex -8.87528 0.785297 19.9
      vertex -8.77 0.821036 19.9
    endloop
  endfacet
  facet normal 0 0 1
    outer loop
      vertex -12.55 9.25 19.9
      vertex -8.87528 0.785297 19.9
      vertex -6.15 6.25 19.9
    endloop
  endfacet
  facet normal 0 0 1
    outer loop
      vertex -8.87528 0.785297 19.9
      vertex -12.55 9.25 19.9
      vertex -8.975 0.736121 19.9
    endloop
  endfacet
  facet normal 0 0 1
    outer loop
      vertex -8.975 0.736121 19.9
      vertex -12.55 9.25 19.9
      vertex -9.06745 0.67435 19.9
    endloop
  endfacet
  facet normal 0 0 1
    outer loop
      vertex -9.06745 0.67435 19.9
      vertex -12.55 9.25 19.9
      vertex -9.15104 0.60104 19.9
    endloop
  endfacet
  facet normal 0 0 1
    outer loop
      vertex -9.15104 0.60104 19.9
      vertex -12.55 9.25 19.9
      vertex -9.22435 0.517447 19.9
    endloop
  endfacet
  facet normal 0 0 1
    outer loop
      vertex -9.39273 0.110947 19.9
      vertex -12.55 9.25 19.9
      vertex -9.4 0 19.9
    endloop
  endfacet
  facet normal 0 0 1
    outer loop
      vertex -9.37104 0.219995 19.9
      vertex -12.55 9.25 19.9
      vertex -9.39273 0.110947 19.9
    endloop
  endfacet
  facet normal 0 0 1
    outer loop
      vertex -9.3353 0.32528 19.9
      vertex -12.55 9.25 19.9
      vertex -9.37104 0.219995 19.9
    endloop
  endfacet
  facet normal 0 0 1
    outer loop
      vertex -9.28612 0.424999 19.9
      vertex -12.55 9.25 19.9
      vertex -9.3353 0.32528 19.9
    endloop
  endfacet
  facet normal 0 0 1
    outer loop
      vertex -9.22435 0.517447 19.9
      vertex -12.55 9.25 19.9
      vertex -9.28612 0.424999 19.9
    endloop
  endfacet
  facet normal -0 0 1
    outer loop
      vertex -12.55 9.25 19.9
      vertex -6.15 6.25 19.9
      vertex 23.25 9.25 19.9
    endloop
  endfacet
  facet normal -0 0 1
    outer loop
      vertex 20.0927 -0.110947 19.9
      vertex 23.25 -9.25 19.9
      vertex 20.1 0 19.9
    endloop
  endfacet
  facet normal -0 0 1
    outer loop
      vertex 20.071 -0.219995 19.9
      vertex 23.25 -9.25 19.9
      vertex 20.0927 -0.110947 19.9
    endloop
  endfacet
  facet normal -0 0 1
    outer loop
      vertex 20.0353 -0.32528 19.9
      vertex 23.25 -9.25 19.9
      vertex 20.071 -0.219995 19.9
    endloop
  endfacet
  facet normal -0 0 1
    outer loop
      vertex 19.9861 -0.424999 19.9
      vertex 23.25 -9.25 19.9
      vertex 20.0353 -0.32528 19.9
    endloop
  endfacet
  facet normal -0 0 1
    outer loop
      vertex 19.9244 -0.517447 19.9
      vertex 23.25 -9.25 19.9
      vertex 19.9861 -0.424999 19.9
    endloop
  endfacet
  facet normal -0 0 1
    outer loop
      vertex 19.851 -0.60104 19.9
      vertex 23.25 -9.25 19.9
      vertex 19.9244 -0.517447 19.9
    endloop
  endfacet
  facet normal -0 0 1
    outer loop
      vertex 19.7674 -0.67435 19.9
      vertex 23.25 -9.25 19.9
      vertex 19.851 -0.60104 19.9
    endloop
  endfacet
  facet normal -0 0 1
    outer loop
      vertex 19.675 -0.736121 19.9
      vertex 23.25 -9.25 19.9
      vertex 19.7674 -0.67435 19.9
    endloop
  endfacet
  facet normal -0 0 1
    outer loop
      vertex 19.5753 -0.785297 19.9
      vertex 23.25 -9.25 19.9
      vertex 19.675 -0.736121 19.9
    endloop
  endfacet
  facet normal 0 0 1
    outer loop
      vertex 16.85 -6.25 19.9
      vertex 19.5753 -0.785297 19.9
      vertex 19.47 -0.821036 19.9
    endloop
  endfacet
  facet normal 0 0 1
    outer loop
      vertex 16.85 -6.25 19.9
      vertex 19.47 -0.821036 19.9
      vertex 19.3609 -0.842728 19.9
    endloop
  endfacet
  facet normal 0 0 1
    outer loop
      vertex 16.85 -6.25 19.9
      vertex 19.3609 -0.842728 19.9
      vertex 19.25 -0.849999 19.9
    endloop
  endfacet
  facet normal 0 0 1
    outer loop
      vertex 16.85 -6.25 19.9
      vertex 19.25 -0.849999 19.9
      vertex 19.1391 -0.842728 19.9
    endloop
  endfacet
  facet normal 0 0 1
    outer loop
      vertex 16.85 -6.25 19.9
      vertex 19.1391 -0.842728 19.9
      vertex 19.03 -0.821036 19.9
    endloop
  endfacet
  facet normal 0 0 1
    outer loop
      vertex 16.85 -6.25 19.9
      vertex 19.03 -0.821036 19.9
      vertex 18.9247 -0.785297 19.9
    endloop
  endfacet
  facet normal 0 0 1
    outer loop
      vertex 16.85 -6.25 19.9
      vertex 18.9247 -0.785297 19.9
      vertex 18.825 -0.736121 19.9
    endloop
  endfacet
  facet normal 0 0 1
    outer loop
      vertex 16.85 -6.25 19.9
      vertex 18.825 -0.736121 19.9
      vertex 18.7326 -0.67435 19.9
    endloop
  endfacet
  facet normal 0 0 1
    outer loop
      vertex 16.85 -6.25 19.9
      vertex 18.7326 -0.67435 19.9
      vertex 18.649 -0.60104 19.9
    endloop
  endfacet
  facet normal 0 0 1
    outer loop
      vertex 16.85 -6.25 19.9
      vertex 18.649 -0.60104 19.9
      vertex 18.5756 -0.517447 19.9
    endloop
  endfacet
  facet normal 0 0 1
    outer loop
      vertex 16.85 -6.25 19.9
      vertex 18.5756 -0.517447 19.9
      vertex 18.5139 -0.424999 19.9
    endloop
  endfacet
  facet normal 0 0 1
    outer loop
      vertex 16.85 -6.25 19.9
      vertex 18.4 0 19.9
      vertex 16.85 6.25 19.9
    endloop
  endfacet
  facet normal 0 0 1
    outer loop
      vertex 18.4 0 19.9
      vertex 16.85 -6.25 19.9
      vertex 18.4073 -0.110947 19.9
    endloop
  endfacet
  facet normal 0 0 1
    outer loop
      vertex 18.4073 -0.110947 19.9
      vertex 16.85 -6.25 19.9
      vertex 18.429 -0.219995 19.9
    endloop
  endfacet
  facet normal 0 0 1
    outer loop
      vertex 16.85 -6.25 19.9
      vertex 18.4647 -0.32528 19.9
      vertex 18.429 -0.219995 19.9
    endloop
  endfacet
  facet normal 0 0 1
    outer loop
      vertex 16.85 -6.25 19.9
      vertex 18.5139 -0.424999 19.9
      vertex 18.4647 -0.32528 19.9
    endloop
  endfacet
  facet normal 0 0 1
    outer loop
      vertex 19.5753 -0.785297 19.9
      vertex 16.85 -6.25 19.9
      vertex 23.25 -9.25 19.9
    endloop
  endfacet
  facet normal -0 0 1
    outer loop
      vertex -6.15 -6.25 19.9
      vertex 23.25 -9.25 19.9
      vertex 16.85 -6.25 19.9
    endloop
  endfacet
  facet normal -0 0 1
    outer loop
      vertex -7.70727 -0.110947 19.9
      vertex -6.15 -6.25 19.9
      vertex -7.7 0 19.9
    endloop
  endfacet
  facet normal -0 0 1
    outer loop
      vertex -7.72896 -0.219995 19.9
      vertex -6.15 -6.25 19.9
      vertex -7.70727 -0.110947 19.9
    endloop
  endfacet
  facet normal -0 0 1
    outer loop
      vertex -7.7647 -0.32528 19.9
      vertex -6.15 -6.25 19.9
      vertex -7.72896 -0.219995 19.9
    endloop
  endfacet
  facet normal -0 0 1
    outer loop
      vertex -7.81388 -0.424999 19.9
      vertex -6.15 -6.25 19.9
      vertex -7.7647 -0.32528 19.9
    endloop
  endfacet
  facet normal -0 0 1
    outer loop
      vertex -7.87565 -0.517447 19.9
      vertex -6.15 -6.25 19.9
      vertex -7.81388 -0.424999 19.9
    endloop
  endfacet
  facet normal -0 0 1
    outer loop
      vertex -7.94896 -0.60104 19.9
      vertex -6.15 -6.25 19.9
      vertex -7.87565 -0.517447 19.9
    endloop
  endfacet
  facet normal -0 0 1
    outer loop
      vertex -8.03255 -0.67435 19.9
      vertex -6.15 -6.25 19.9
      vertex -7.94896 -0.60104 19.9
    endloop
  endfacet
  facet normal -0 0 1
    outer loop
      vertex -8.125 -0.736121 19.9
      vertex -6.15 -6.25 19.9
      vertex -8.03255 -0.67435 19.9
    endloop
  endfacet
  facet normal -0 0 1
    outer loop
      vertex -8.22472 -0.785297 19.9
      vertex -6.15 -6.25 19.9
      vertex -8.125 -0.736121 19.9
    endloop
  endfacet
  facet normal -0 0 1
    outer loop
      vertex -8.33 -0.821036 19.9
      vertex -6.15 -6.25 19.9
      vertex -8.22472 -0.785297 19.9
    endloop
  endfacet
  facet normal -0 0 1
    outer loop
      vertex -8.43905 -0.842728 19.9
      vertex -6.15 -6.25 19.9
      vertex -8.33 -0.821036 19.9
    endloop
  endfacet
  facet normal -0 0 1
    outer loop
      vertex -8.55 -0.849999 19.9
      vertex -6.15 -6.25 19.9
      vertex -8.43905 -0.842728 19.9
    endloop
  endfacet
  facet normal 0 0 1
    outer loop
      vertex -8.66095 -0.842728 19.9
      vertex -6.15 -6.25 19.9
      vertex -8.55 -0.849999 19.9
    endloop
  endfacet
  facet normal 0 0 1
    outer loop
      vertex -8.77 -0.821036 19.9
      vertex -6.15 -6.25 19.9
      vertex -8.66095 -0.842728 19.9
    endloop
  endfacet
  facet normal 0 0 1
    outer loop
      vertex -8.87528 -0.785297 19.9
      vertex -6.15 -6.25 19.9
      vertex -8.77 -0.821036 19.9
    endloop
  endfacet
  facet normal 0 0 1
    outer loop
      vertex -12.55 -9.25 19.9
      vertex -8.87528 -0.785297 19.9
      vertex -8.975 -0.736121 19.9
    endloop
  endfacet
  facet normal 0 0 1
    outer loop
      vertex -12.55 -9.25 19.9
      vertex -8.975 -0.736121 19.9
      vertex -9.06745 -0.67435 19.9
    endloop
  endfacet
  facet normal 0 0 1
    outer loop
      vertex -12.55 -9.25 19.9
      vertex -9.06745 -0.67435 19.9
      vertex -9.15104 -0.60104 19.9
    endloop
  endfacet
  facet normal 0 0 1
    outer loop
      vertex -12.55 -9.25 19.9
      vertex -9.15104 -0.60104 19.9
      vertex -9.22435 -0.517447 19.9
    endloop
  endfacet
  facet normal 0 0 1
    outer loop
      vertex -12.55 -9.25 19.9
      vertex -9.22435 -0.517447 19.9
      vertex -9.28612 -0.424999 19.9
    endloop
  endfacet
  facet normal 0 0 1
    outer loop
      vertex -12.55 -9.25 19.9
      vertex -9.4 0 19.9
      vertex -12.55 9.25 19.9
    endloop
  endfacet
  facet normal 0 0 1
    outer loop
      vertex -9.4 0 19.9
      vertex -12.55 -9.25 19.9
      vertex -9.39273 -0.110947 19.9
    endloop
  endfacet
  facet normal 0 0 1
    outer loop
      vertex -6.15 -6.25 19.9
      vertex -12.55 -9.25 19.9
      vertex 23.25 -9.25 19.9
    endloop
  endfacet
  facet normal 0 0 1
    outer loop
      vertex -8.87528 -0.785297 19.9
      vertex -12.55 -9.25 19.9
      vertex -6.15 -6.25 19.9
    endloop
  endfacet
  facet normal 0 0 1
    outer loop
      vertex -9.3353 -0.32528 19.9
      vertex -12.55 -9.25 19.9
      vertex -9.28612 -0.424999 19.9
    endloop
  endfacet
  facet normal 0 0 1
    outer loop
      vertex -9.37104 -0.219995 19.9
      vertex -12.55 -9.25 19.9
      vertex -9.3353 -0.32528 19.9
    endloop
  endfacet
  facet normal 0 0 1
    outer loop
      vertex -9.39273 -0.110947 19.9
      vertex -12.55 -9.25 19.9
      vertex -9.37104 -0.219995 19.9
    endloop
  endfacet
  facet normal -1 0 0
    outer loop
      vertex -12.55 -3 3
      vertex -12.55 -9.25 3
      vertex -12.55 -3 12
    endloop
  endfacet
  facet normal -1 0 0
    outer loop
      vertex -12.55 3 12
      vertex -12.55 9.25 3
      vertex -12.55 3 3
    endloop
  endfacet
  facet normal -1 0 0
    outer loop
      vertex -12.55 9.25 3
      vertex -12.55 3 12
      vertex -12.55 9.25 19.9
    endloop
  endfacet
  facet normal -1 0 0
    outer loop
      vertex -12.55 -3 12
      vertex -12.55 9.25 19.9
      vertex -12.55 3 12
    endloop
  endfacet
  facet normal -1 0 0
    outer loop
      vertex -12.55 -3 12
      vertex -12.55 -9.25 19.9
      vertex -12.55 9.25 19.9
    endloop
  endfacet
  facet normal -1 0 0
    outer loop
      vertex -12.55 -9.25 19.9
      vertex -12.55 -3 12
      vertex -12.55 -9.25 3
    endloop
  endfacet
  facet normal 0 1 -0
    outer loop
      vertex 23.25 9.25 3
      vertex -12.55 9.25 19.9
      vertex 23.25 9.25 19.9
    endloop
  endfacet
  facet normal 0 1 0
    outer loop
      vertex -12.55 9.25 19.9
      vertex 23.25 9.25 3
      vertex -12.55 9.25 3
    endloop
  endfacet
  facet normal 0 -1 0
    outer loop
      vertex -12.55 -9.25 3
      vertex 23.25 -9.25 19.9
      vertex -12.55 -9.25 19.9
    endloop
  endfacet
  facet normal 0 -1 -0
    outer loop
      vertex 23.25 -9.25 19.9
      vertex -12.55 -9.25 3
      vertex 23.25 -9.25 3
    endloop
  endfacet
  facet normal -0.980787 -0.195082 0
    outer loop
      vertex -7.70727 0.110947 12
      vertex -7.72896 0.219995 19.9
      vertex -7.72896 0.219995 12
    endloop
  endfacet
  facet normal -0.980787 -0.195082 0
    outer loop
      vertex -7.72896 0.219995 19.9
      vertex -7.70727 0.110947 12
      vertex -7.70727 0.110947 19.9
    endloop
  endfacet
  facet normal -0.99786 -0.0653866 0
    outer loop
      vertex -7.7 0 12
      vertex -7.70727 0.110947 19.9
      vertex -7.70727 0.110947 12
    endloop
  endfacet
  facet normal -0.99786 -0.0653866 0
    outer loop
      vertex -7.70727 0.110947 19.9
      vertex -7.7 0 12
      vertex -7.7 0 19.9
    endloop
  endfacet
  facet normal -0.946929 -0.321444 0
    outer loop
      vertex -7.72896 0.219995 12
      vertex -7.7647 0.32528 19.9
      vertex -7.7647 0.32528 12
    endloop
  endfacet
  facet normal -0.946929 -0.321444 0
    outer loop
      vertex -7.7647 0.32528 19.9
      vertex -7.72896 0.219995 12
      vertex -7.72896 0.219995 19.9
    endloop
  endfacet
  facet normal 0.32145 -0.946927 0
    outer loop
      vertex -8.87528 0.785297 12
      vertex -8.77 0.821036 19.9
      vertex -8.87528 0.785297 19.9
    endloop
  endfacet
  facet normal 0.32145 -0.946927 0
    outer loop
      vertex -8.77 0.821036 19.9
      vertex -8.87528 0.785297 12
      vertex -8.77 0.821036 12
    endloop
  endfacet
  facet normal -0.32145 -0.946927 0
    outer loop
      vertex -8.33 0.821036 12
      vertex -8.22472 0.785297 19.9
      vertex -8.33 0.821036 19.9
    endloop
  endfacet
  facet normal -0.32145 -0.946927 -0
    outer loop
      vertex -8.22472 0.785297 19.9
      vertex -8.33 0.821036 12
      vertex -8.22472 0.785297 12
    endloop
  endfacet
  facet normal -0.555557 0.831478 0
    outer loop
      vertex -8.03255 -0.67435 12
      vertex -8.125 -0.736121 19.9
      vertex -8.03255 -0.67435 19.9
    endloop
  endfacet
  facet normal -0.555557 0.831478 0
    outer loop
      vertex -8.125 -0.736121 19.9
      vertex -8.03255 -0.67435 12
      vertex -8.125 -0.736121 12
    endloop
  endfacet
  facet normal -0.32145 0.946927 0
    outer loop
      vertex -8.22472 -0.785297 12
      vertex -8.33 -0.821036 19.9
      vertex -8.22472 -0.785297 19.9
    endloop
  endfacet
  facet normal -0.32145 0.946927 0
    outer loop
      vertex -8.33 -0.821036 19.9
      vertex -8.22472 -0.785297 12
      vertex -8.33 -0.821036 12
    endloop
  endfacet
  facet normal -0.896858 -0.442318 0
    outer loop
      vertex -7.7647 0.32528 12
      vertex -7.81388 0.424999 19.9
      vertex -7.81388 0.424999 12
    endloop
  endfacet
  facet normal -0.896858 -0.442318 0
    outer loop
      vertex -7.81388 0.424999 19.9
      vertex -7.7647 0.32528 12
      vertex -7.7647 0.32528 19.9
    endloop
  endfacet
  facet normal -0.442285 0.896874 0
    outer loop
      vertex -8.125 -0.736121 12
      vertex -8.22472 -0.785297 19.9
      vertex -8.125 -0.736121 19.9
    endloop
  endfacet
  facet normal -0.442285 0.896874 0
    outer loop
      vertex -8.22472 -0.785297 19.9
      vertex -8.125 -0.736121 12
      vertex -8.22472 -0.785297 12
    endloop
  endfacet
  facet normal 0.659364 -0.751824 0
    outer loop
      vertex -9.15104 0.60104 12
      vertex -9.06745 0.67435 19.9
      vertex -9.15104 0.60104 19.9
    endloop
  endfacet
  facet normal 0.659364 -0.751824 0
    outer loop
      vertex -9.06745 0.67435 19.9
      vertex -9.15104 0.60104 12
      vertex -9.06745 0.67435 12
    endloop
  endfacet
  facet normal 0.659364 0.751824 -0
    outer loop
      vertex -9.06745 -0.67435 12
      vertex -9.15104 -0.60104 19.9
      vertex -9.06745 -0.67435 19.9
    endloop
  endfacet
  facet normal 0.659364 0.751824 0
    outer loop
      vertex -9.15104 -0.60104 19.9
      vertex -9.06745 -0.67435 12
      vertex -9.15104 -0.60104 12
    endloop
  endfacet
  facet normal -0.946929 0.321444 0
    outer loop
      vertex -7.7647 -0.32528 12
      vertex -7.72896 -0.219995 19.9
      vertex -7.72896 -0.219995 12
    endloop
  endfacet
  facet normal -0.946929 0.321444 0
    outer loop
      vertex -7.72896 -0.219995 19.9
      vertex -7.7647 -0.32528 12
      vertex -7.7647 -0.32528 19.9
    endloop
  endfacet
  facet normal 0.751836 0.65935 0
    outer loop
      vertex -9.15104 -0.60104 19.9
      vertex -9.22435 -0.517447 12
      vertex -9.22435 -0.517447 19.9
    endloop
  endfacet
  facet normal 0.751836 0.65935 0
    outer loop
      vertex -9.22435 -0.517447 12
      vertex -9.15104 -0.60104 19.9
      vertex -9.15104 -0.60104 12
    endloop
  endfacet
  facet normal 0.831477 0.555559 0
    outer loop
      vertex -9.22435 -0.517447 19.9
      vertex -9.28612 -0.424999 12
      vertex -9.28612 -0.424999 19.9
    endloop
  endfacet
  facet normal 0.831477 0.555559 0
    outer loop
      vertex -9.28612 -0.424999 12
      vertex -9.22435 -0.517447 19.9
      vertex -9.22435 -0.517447 12
    endloop
  endfacet
  facet normal 0.195096 -0.980784 0
    outer loop
      vertex -8.77 0.821036 12
      vertex -8.66095 0.842728 19.9
      vertex -8.77 0.821036 19.9
    endloop
  endfacet
  facet normal 0.195096 -0.980784 0
    outer loop
      vertex -8.66095 0.842728 19.9
      vertex -8.77 0.821036 12
      vertex -8.66095 0.842728 12
    endloop
  endfacet
  facet normal -0.980787 0.195082 0
    outer loop
      vertex -7.72896 -0.219995 12
      vertex -7.70727 -0.110947 19.9
      vertex -7.70727 -0.110947 12
    endloop
  endfacet
  facet normal -0.980787 0.195082 0
    outer loop
      vertex -7.70727 -0.110947 19.9
      vertex -7.72896 -0.219995 12
      vertex -7.72896 -0.219995 19.9
    endloop
  endfacet
  facet normal -0.659364 0.751824 0
    outer loop
      vertex -7.94896 -0.60104 12
      vertex -8.03255 -0.67435 19.9
      vertex -7.94896 -0.60104 19.9
    endloop
  endfacet
  facet normal -0.659364 0.751824 0
    outer loop
      vertex -8.03255 -0.67435 19.9
      vertex -7.94896 -0.60104 12
      vertex -8.03255 -0.67435 12
    endloop
  endfacet
  facet normal 0.896858 -0.442318 0
    outer loop
      vertex -9.3353 0.32528 19.9
      vertex -9.28612 0.424999 12
      vertex -9.28612 0.424999 19.9
    endloop
  endfacet
  facet normal 0.896858 -0.442318 0
    outer loop
      vertex -9.28612 0.424999 12
      vertex -9.3353 0.32528 19.9
      vertex -9.3353 0.32528 12
    endloop
  endfacet
  facet normal 0.442285 -0.896874 0
    outer loop
      vertex -8.975 0.736121 12
      vertex -8.87528 0.785297 19.9
      vertex -8.975 0.736121 19.9
    endloop
  endfacet
  facet normal 0.442285 -0.896874 0
    outer loop
      vertex -8.87528 0.785297 19.9
      vertex -8.975 0.736121 12
      vertex -8.87528 0.785297 12
    endloop
  endfacet
  facet normal -0.555557 -0.831478 0
    outer loop
      vertex -8.125 0.736121 12
      vertex -8.03255 0.67435 19.9
      vertex -8.125 0.736121 19.9
    endloop
  endfacet
  facet normal -0.555557 -0.831478 -0
    outer loop
      vertex -8.03255 0.67435 19.9
      vertex -8.125 0.736121 12
      vertex -8.03255 0.67435 12
    endloop
  endfacet
  facet normal -0.831477 -0.555559 0
    outer loop
      vertex -7.81388 0.424999 12
      vertex -7.87565 0.517447 19.9
      vertex -7.87565 0.517447 12
    endloop
  endfacet
  facet normal -0.831477 -0.555559 0
    outer loop
      vertex -7.87565 0.517447 19.9
      vertex -7.81388 0.424999 12
      vertex -7.81388 0.424999 19.9
    endloop
  endfacet
  facet normal 0.980787 -0.195082 0
    outer loop
      vertex -9.39273 0.110947 19.9
      vertex -9.37104 0.219995 12
      vertex -9.37104 0.219995 19.9
    endloop
  endfacet
  facet normal 0.980787 -0.195082 0
    outer loop
      vertex -9.37104 0.219995 12
      vertex -9.39273 0.110947 19.9
      vertex -9.39273 0.110947 12
    endloop
  endfacet
  facet normal 0.831477 -0.555559 0
    outer loop
      vertex -9.28612 0.424999 19.9
      vertex -9.22435 0.517447 12
      vertex -9.22435 0.517447 19.9
    endloop
  endfacet
  facet normal 0.831477 -0.555559 0
    outer loop
      vertex -9.22435 0.517447 12
      vertex -9.28612 0.424999 19.9
      vertex -9.28612 0.424999 12
    endloop
  endfacet
  facet normal 0.195096 0.980784 -0
    outer loop
      vertex -8.66095 -0.842728 12
      vertex -8.77 -0.821036 19.9
      vertex -8.66095 -0.842728 19.9
    endloop
  endfacet
  facet normal 0.195096 0.980784 0
    outer loop
      vertex -8.77 -0.821036 19.9
      vertex -8.66095 -0.842728 12
      vertex -8.77 -0.821036 12
    endloop
  endfacet
  facet normal -0.659364 -0.751824 0
    outer loop
      vertex -8.03255 0.67435 12
      vertex -7.94896 0.60104 19.9
      vertex -8.03255 0.67435 19.9
    endloop
  endfacet
  facet normal -0.659364 -0.751824 -0
    outer loop
      vertex -7.94896 0.60104 19.9
      vertex -8.03255 0.67435 12
      vertex -7.94896 0.60104 12
    endloop
  endfacet
  facet normal 0.555557 -0.831478 0
    outer loop
      vertex -9.06745 0.67435 12
      vertex -8.975 0.736121 19.9
      vertex -9.06745 0.67435 19.9
    endloop
  endfacet
  facet normal 0.555557 -0.831478 0
    outer loop
      vertex -8.975 0.736121 19.9
      vertex -9.06745 0.67435 12
      vertex -8.975 0.736121 12
    endloop
  endfacet
  facet normal 0.946929 -0.321444 0
    outer loop
      vertex -9.37104 0.219995 19.9
      vertex -9.3353 0.32528 12
      vertex -9.3353 0.32528 19.9
    endloop
  endfacet
  facet normal 0.946929 -0.321444 0
    outer loop
      vertex -9.3353 0.32528 12
      vertex -9.37104 0.219995 19.9
      vertex -9.37104 0.219995 12
    endloop
  endfacet
  facet normal 0.0653938 -0.99786 0
    outer loop
      vertex -8.66095 0.842728 12
      vertex -8.55 0.849999 19.9
      vertex -8.66095 0.842728 19.9
    endloop
  endfacet
  facet normal 0.0653938 -0.99786 0
    outer loop
      vertex -8.55 0.849999 19.9
      vertex -8.66095 0.842728 12
      vertex -8.55 0.849999 12
    endloop
  endfacet
  facet normal -0.195096 0.980784 0
    outer loop
      vertex -8.33 -0.821036 12
      vertex -8.43905 -0.842728 19.9
      vertex -8.33 -0.821036 19.9
    endloop
  endfacet
  facet normal -0.195096 0.980784 0
    outer loop
      vertex -8.43905 -0.842728 19.9
      vertex -8.33 -0.821036 12
      vertex -8.43905 -0.842728 12
    endloop
  endfacet
  facet normal -0.751836 0.65935 0
    outer loop
      vertex -7.94896 -0.60104 12
      vertex -7.87565 -0.517447 19.9
      vertex -7.87565 -0.517447 12
    endloop
  endfacet
  facet normal -0.751836 0.65935 0
    outer loop
      vertex -7.87565 -0.517447 19.9
      vertex -7.94896 -0.60104 12
      vertex -7.94896 -0.60104 19.9
    endloop
  endfacet
  facet normal -0.0653938 -0.99786 0
    outer loop
      vertex -8.55 0.849999 12
      vertex -8.43905 0.842728 19.9
      vertex -8.55 0.849999 19.9
    endloop
  endfacet
  facet normal -0.0653938 -0.99786 -0
    outer loop
      vertex -8.43905 0.842728 19.9
      vertex -8.55 0.849999 12
      vertex -8.43905 0.842728 12
    endloop
  endfacet
  facet normal -0.896858 0.442318 0
    outer loop
      vertex -7.81388 -0.424999 12
      vertex -7.7647 -0.32528 19.9
      vertex -7.7647 -0.32528 12
    endloop
  endfacet
  facet normal -0.896858 0.442318 0
    outer loop
      vertex -7.7647 -0.32528 19.9
      vertex -7.81388 -0.424999 12
      vertex -7.81388 -0.424999 19.9
    endloop
  endfacet
  facet normal 0.442285 0.896874 -0
    outer loop
      vertex -8.87528 -0.785297 12
      vertex -8.975 -0.736121 19.9
      vertex -8.87528 -0.785297 19.9
    endloop
  endfacet
  facet normal 0.442285 0.896874 0
    outer loop
      vertex -8.975 -0.736121 19.9
      vertex -8.87528 -0.785297 12
      vertex -8.975 -0.736121 12
    endloop
  endfacet
  facet normal -0.99786 0.0653866 0
    outer loop
      vertex -7.70727 -0.110947 12
      vertex -7.7 0 19.9
      vertex -7.7 0 12
    endloop
  endfacet
  facet normal -0.99786 0.0653866 0
    outer loop
      vertex -7.7 0 19.9
      vertex -7.70727 -0.110947 12
      vertex -7.70727 -0.110947 19.9
    endloop
  endfacet
  facet normal -0.0653938 0.99786 0
    outer loop
      vertex -8.43905 -0.842728 12
      vertex -8.55 -0.849999 19.9
      vertex -8.43905 -0.842728 19.9
    endloop
  endfacet
  facet normal -0.0653938 0.99786 0
    outer loop
      vertex -8.55 -0.849999 19.9
      vertex -8.43905 -0.842728 12
      vertex -8.55 -0.849999 12
    endloop
  endfacet
  facet normal 0.0653938 0.99786 -0
    outer loop
      vertex -8.55 -0.849999 12
      vertex -8.66095 -0.842728 19.9
      vertex -8.55 -0.849999 19.9
    endloop
  endfacet
  facet normal 0.0653938 0.99786 0
    outer loop
      vertex -8.66095 -0.842728 19.9
      vertex -8.55 -0.849999 12
      vertex -8.66095 -0.842728 12
    endloop
  endfacet
  facet normal 0.751836 -0.65935 0
    outer loop
      vertex -9.22435 0.517447 19.9
      vertex -9.15104 0.60104 12
      vertex -9.15104 0.60104 19.9
    endloop
  endfacet
  facet normal 0.751836 -0.65935 0
    outer loop
      vertex -9.15104 0.60104 12
      vertex -9.22435 0.517447 19.9
      vertex -9.22435 0.517447 12
    endloop
  endfacet
  facet normal -0.831477 0.555559 0
    outer loop
      vertex -7.87565 -0.517447 12
      vertex -7.81388 -0.424999 19.9
      vertex -7.81388 -0.424999 12
    endloop
  endfacet
  facet normal -0.831477 0.555559 0
    outer loop
      vertex -7.81388 -0.424999 19.9
      vertex -7.87565 -0.517447 12
      vertex -7.87565 -0.517447 19.9
    endloop
  endfacet
  facet normal 0.555557 0.831478 -0
    outer loop
      vertex -8.975 -0.736121 12
      vertex -9.06745 -0.67435 19.9
      vertex -8.975 -0.736121 19.9
    endloop
  endfacet
  facet normal 0.555557 0.831478 0
    outer loop
      vertex -9.06745 -0.67435 19.9
      vertex -8.975 -0.736121 12
      vertex -9.06745 -0.67435 12
    endloop
  endfacet
  facet normal -0.442285 -0.896874 0
    outer loop
      vertex -8.22472 0.785297 12
      vertex -8.125 0.736121 19.9
      vertex -8.22472 0.785297 19.9
    endloop
  endfacet
  facet normal -0.442285 -0.896874 -0
    outer loop
      vertex -8.125 0.736121 19.9
      vertex -8.22472 0.785297 12
      vertex -8.125 0.736121 12
    endloop
  endfacet
  facet normal 0.896858 0.442318 0
    outer loop
      vertex -9.28612 -0.424999 19.9
      vertex -9.3353 -0.32528 12
      vertex -9.3353 -0.32528 19.9
    endloop
  endfacet
  facet normal 0.896858 0.442318 0
    outer loop
      vertex -9.3353 -0.32528 12
      vertex -9.28612 -0.424999 19.9
      vertex -9.28612 -0.424999 12
    endloop
  endfacet
  facet normal 0.99786 0.0653866 0
    outer loop
      vertex -9.39273 -0.110947 19.9
      vertex -9.4 0 12
      vertex -9.4 0 19.9
    endloop
  endfacet
  facet normal 0.99786 0.0653866 0
    outer loop
      vertex -9.4 0 12
      vertex -9.39273 -0.110947 19.9
      vertex -9.39273 -0.110947 12
    endloop
  endfacet
  facet normal -0.751836 -0.65935 0
    outer loop
      vertex -7.87565 0.517447 12
      vertex -7.94896 0.60104 19.9
      vertex -7.94896 0.60104 12
    endloop
  endfacet
  facet normal -0.751836 -0.65935 0
    outer loop
      vertex -7.94896 0.60104 19.9
      vertex -7.87565 0.517447 12
      vertex -7.87565 0.517447 19.9
    endloop
  endfacet
  facet normal -0.195096 -0.980784 0
    outer loop
      vertex -8.43905 0.842728 12
      vertex -8.33 0.821036 19.9
      vertex -8.43905 0.842728 19.9
    endloop
  endfacet
  facet normal -0.195096 -0.980784 -0
    outer loop
      vertex -8.33 0.821036 19.9
      vertex -8.43905 0.842728 12
      vertex -8.33 0.821036 12
    endloop
  endfacet
  facet normal 0.99786 -0.0653866 0
    outer loop
      vertex -9.4 0 19.9
      vertex -9.39273 0.110947 12
      vertex -9.39273 0.110947 19.9
    endloop
  endfacet
  facet normal 0.99786 -0.0653866 0
    outer loop
      vertex -9.39273 0.110947 12
      vertex -9.4 0 19.9
      vertex -9.4 0 12
    endloop
  endfacet
  facet normal 0.946929 0.321444 0
    outer loop
      vertex -9.3353 -0.32528 19.9
      vertex -9.37104 -0.219995 12
      vertex -9.37104 -0.219995 19.9
    endloop
  endfacet
  facet normal 0.946929 0.321444 0
    outer loop
      vertex -9.37104 -0.219995 12
      vertex -9.3353 -0.32528 19.9
      vertex -9.3353 -0.32528 12
    endloop
  endfacet
  facet normal 0.32145 0.946927 -0
    outer loop
      vertex -8.77 -0.821036 12
      vertex -8.87528 -0.785297 19.9
      vertex -8.77 -0.821036 19.9
    endloop
  endfacet
  facet normal 0.32145 0.946927 0
    outer loop
      vertex -8.87528 -0.785297 19.9
      vertex -8.77 -0.821036 12
      vertex -8.87528 -0.785297 12
    endloop
  endfacet
  facet normal 0.980787 0.195082 0
    outer loop
      vertex -9.37104 -0.219995 19.9
      vertex -9.39273 -0.110947 12
      vertex -9.39273 -0.110947 19.9
    endloop
  endfacet
  facet normal 0.980787 0.195082 0
    outer loop
      vertex -9.39273 -0.110947 12
      vertex -9.37104 -0.219995 19.9
      vertex -9.37104 -0.219995 12
    endloop
  endfacet
  facet normal -0.19501 -0.980801 0
    outer loop
      vertex 19.3609 0.842728 12
      vertex 19.47 0.821036 19.9
      vertex 19.3609 0.842728 19.9
    endloop
  endfacet
  facet normal -0.19501 -0.980801 -0
    outer loop
      vertex 19.47 0.821036 19.9
      vertex 19.3609 0.842728 12
      vertex 19.47 0.821036 12
    endloop
  endfacet
  facet normal -0.98077 -0.195168 0
    outer loop
      vertex 20.0927 0.110947 12
      vertex 20.071 0.219995 19.9
      vertex 20.071 0.219995 12
    endloop
  endfacet
  facet normal -0.98077 -0.195168 0
    outer loop
      vertex 20.071 0.219995 19.9
      vertex 20.0927 0.110947 12
      vertex 20.0927 0.110947 19.9
    endloop
  endfacet
  facet normal -0.997842 -0.0656552 0
    outer loop
      vertex 20.1 0 12
      vertex 20.0927 0.110947 19.9
      vertex 20.0927 0.110947 12
    endloop
  endfacet
  facet normal -0.997842 -0.0656552 0
    outer loop
      vertex 20.0927 0.110947 19.9
      vertex 20.1 0 12
      vertex 20.1 0 19.9
    endloop
  endfacet
  facet normal -0.947038 -0.321121 0
    outer loop
      vertex 20.071 0.219995 12
      vertex 20.0353 0.32528 19.9
      vertex 20.0353 0.32528 12
    endloop
  endfacet
  facet normal -0.947038 -0.321121 0
    outer loop
      vertex 20.0353 0.32528 19.9
      vertex 20.071 0.219995 12
      vertex 20.071 0.219995 19.9
    endloop
  endfacet
  facet normal -0.831768 -0.555124 0
    outer loop
      vertex 19.9861 0.424999 12
      vertex 19.9244 0.517447 19.9
      vertex 19.9244 0.517447 12
    endloop
  endfacet
  facet normal -0.831768 -0.555124 0
    outer loop
      vertex 19.9244 0.517447 19.9
      vertex 19.9861 0.424999 12
      vertex 19.9861 0.424999 19.9
    endloop
  endfacet
  facet normal -0.321395 -0.946945 0
    outer loop
      vertex 19.47 0.821036 12
      vertex 19.5753 0.785297 19.9
      vertex 19.47 0.821036 19.9
    endloop
  endfacet
  facet normal -0.321395 -0.946945 -0
    outer loop
      vertex 19.5753 0.785297 19.9
      vertex 19.47 0.821036 12
      vertex 19.5753 0.785297 12
    endloop
  endfacet
  facet normal 0.98077 0.195168 0
    outer loop
      vertex 18.429 -0.219995 19.9
      vertex 18.4073 -0.110947 12
      vertex 18.4073 -0.110947 19.9
    endloop
  endfacet
  facet normal 0.98077 0.195168 0
    outer loop
      vertex 18.4073 -0.110947 12
      vertex 18.429 -0.219995 19.9
      vertex 18.429 -0.219995 12
    endloop
  endfacet
  facet normal -0.997842 0.0656552 0
    outer loop
      vertex 20.0927 -0.110947 12
      vertex 20.1 0 19.9
      vertex 20.1 0 12
    endloop
  endfacet
  facet normal -0.997842 0.0656552 0
    outer loop
      vertex 20.1 0 19.9
      vertex 20.0927 -0.110947 12
      vertex 20.0927 -0.110947 19.9
    endloop
  endfacet
  facet normal 0.555765 0.83134 -0
    outer loop
      vertex 18.825 -0.736121 12
      vertex 18.7326 -0.67435 19.9
      vertex 18.825 -0.736121 19.9
    endloop
  endfacet
  facet normal 0.555765 0.83134 0
    outer loop
      vertex 18.7326 -0.67435 19.9
      vertex 18.825 -0.736121 12
      vertex 18.7326 -0.67435 12
    endloop
  endfacet
  facet normal 0.997842 0.0656552 0
    outer loop
      vertex 18.4073 -0.110947 19.9
      vertex 18.4 0 12
      vertex 18.4 0 19.9
    endloop
  endfacet
  facet normal 0.997842 0.0656552 0
    outer loop
      vertex 18.4 0 12
      vertex 18.4073 -0.110947 19.9
      vertex 18.4073 -0.110947 12
    endloop
  endfacet
  facet normal 0.321395 0.946945 -0
    outer loop
      vertex 19.03 -0.821036 12
      vertex 18.9247 -0.785297 19.9
      vertex 19.03 -0.821036 19.9
    endloop
  endfacet
  facet normal 0.321395 0.946945 0
    outer loop
      vertex 18.9247 -0.785297 19.9
      vertex 19.03 -0.821036 12
      vertex 18.9247 -0.785297 12
    endloop
  endfacet
  facet normal -0.896787 -0.442463 0
    outer loop
      vertex 20.0353 0.32528 12
      vertex 19.9861 0.424999 19.9
      vertex 19.9861 0.424999 12
    endloop
  endfacet
  facet normal -0.896787 -0.442463 0
    outer loop
      vertex 19.9861 0.424999 19.9
      vertex 20.0353 0.32528 12
      vertex 20.0353 0.32528 19.9
    endloop
  endfacet
  facet normal -0.751435 -0.659808 0
    outer loop
      vertex 19.9244 0.517447 12
      vertex 19.851 0.60104 19.9
      vertex 19.851 0.60104 12
    endloop
  endfacet
  facet normal -0.751435 -0.659808 0
    outer loop
      vertex 19.851 0.60104 19.9
      vertex 19.9244 0.517447 12
      vertex 19.9244 0.517447 19.9
    endloop
  endfacet
  facet normal -0.947038 0.321121 0
    outer loop
      vertex 20.0353 -0.32528 12
      vertex 20.071 -0.219995 19.9
      vertex 20.071 -0.219995 12
    endloop
  endfacet
  facet normal -0.947038 0.321121 0
    outer loop
      vertex 20.071 -0.219995 19.9
      vertex 20.0353 -0.32528 12
      vertex 20.0353 -0.32528 19.9
    endloop
  endfacet
  facet normal 0.751435 0.659808 0
    outer loop
      vertex 18.649 -0.60104 19.9
      vertex 18.5756 -0.517447 12
      vertex 18.5756 -0.517447 19.9
    endloop
  endfacet
  facet normal 0.751435 0.659808 0
    outer loop
      vertex 18.5756 -0.517447 12
      vertex 18.649 -0.60104 19.9
      vertex 18.649 -0.60104 12
    endloop
  endfacet
  facet normal -0.98077 0.195168 0
    outer loop
      vertex 20.071 -0.219995 12
      vertex 20.0927 -0.110947 19.9
      vertex 20.0927 -0.110947 12
    endloop
  endfacet
  facet normal -0.98077 0.195168 0
    outer loop
      vertex 20.0927 -0.110947 19.9
      vertex 20.071 -0.219995 12
      vertex 20.071 -0.219995 19.9
    endloop
  endfacet
  facet normal -0.0654231 0.997858 0
    outer loop
      vertex 19.3609 -0.842728 12
      vertex 19.25 -0.849999 19.9
      vertex 19.3609 -0.842728 19.9
    endloop
  endfacet
  facet normal -0.0654231 0.997858 0
    outer loop
      vertex 19.25 -0.849999 19.9
      vertex 19.3609 -0.842728 12
      vertex 19.25 -0.849999 12
    endloop
  endfacet
  facet normal 0.947038 0.321121 0
    outer loop
      vertex 18.4647 -0.32528 19.9
      vertex 18.429 -0.219995 12
      vertex 18.429 -0.219995 19.9
    endloop
  endfacet
  facet normal 0.947038 0.321121 0
    outer loop
      vertex 18.429 -0.219995 12
      vertex 18.4647 -0.32528 19.9
      vertex 18.4647 -0.32528 12
    endloop
  endfacet
  facet normal -0.831768 0.555124 0
    outer loop
      vertex 19.9244 -0.517447 12
      vertex 19.9861 -0.424999 19.9
      vertex 19.9861 -0.424999 12
    endloop
  endfacet
  facet normal -0.831768 0.555124 0
    outer loop
      vertex 19.9861 -0.424999 19.9
      vertex 19.9244 -0.517447 12
      vertex 19.9244 -0.517447 19.9
    endloop
  endfacet
  facet normal -0.442357 -0.896839 0
    outer loop
      vertex 19.5753 0.785297 12
      vertex 19.675 0.736121 19.9
      vertex 19.5753 0.785297 19.9
    endloop
  endfacet
  facet normal -0.442357 -0.896839 -0
    outer loop
      vertex 19.675 0.736121 19.9
      vertex 19.5753 0.785297 12
      vertex 19.675 0.736121 12
    endloop
  endfacet
  facet normal 0.442357 -0.896839 0
    outer loop
      vertex 18.825 0.736121 12
      vertex 18.9247 0.785297 19.9
      vertex 18.825 0.736121 19.9
    endloop
  endfacet
  facet normal 0.442357 -0.896839 0
    outer loop
      vertex 18.9247 0.785297 19.9
      vertex 18.825 0.736121 12
      vertex 18.9247 0.785297 12
    endloop
  endfacet
  facet normal -0.442357 0.896839 0
    outer loop
      vertex 19.675 -0.736121 12
      vertex 19.5753 -0.785297 19.9
      vertex 19.675 -0.736121 19.9
    endloop
  endfacet
  facet normal -0.442357 0.896839 0
    outer loop
      vertex 19.5753 -0.785297 19.9
      vertex 19.675 -0.736121 12
      vertex 19.5753 -0.785297 12
    endloop
  endfacet
  facet normal -0.321395 0.946945 0
    outer loop
      vertex 19.5753 -0.785297 12
      vertex 19.47 -0.821036 19.9
      vertex 19.5753 -0.785297 19.9
    endloop
  endfacet
  facet normal -0.321395 0.946945 0
    outer loop
      vertex 19.47 -0.821036 19.9
      vertex 19.5753 -0.785297 12
      vertex 19.47 -0.821036 12
    endloop
  endfacet
  facet normal 0.19501 0.980801 -0
    outer loop
      vertex 19.1391 -0.842728 12
      vertex 19.03 -0.821036 19.9
      vertex 19.1391 -0.842728 19.9
    endloop
  endfacet
  facet normal 0.19501 0.980801 0
    outer loop
      vertex 19.03 -0.821036 19.9
      vertex 19.1391 -0.842728 12
      vertex 19.03 -0.821036 12
    endloop
  endfacet
  facet normal 0.947038 -0.321121 0
    outer loop
      vertex 18.429 0.219995 19.9
      vertex 18.4647 0.32528 12
      vertex 18.4647 0.32528 19.9
    endloop
  endfacet
  facet normal 0.947038 -0.321121 0
    outer loop
      vertex 18.4647 0.32528 12
      vertex 18.429 0.219995 19.9
      vertex 18.429 0.219995 12
    endloop
  endfacet
  facet normal 0.19501 -0.980801 0
    outer loop
      vertex 19.03 0.821036 12
      vertex 19.1391 0.842728 19.9
      vertex 19.03 0.821036 19.9
    endloop
  endfacet
  facet normal 0.19501 -0.980801 0
    outer loop
      vertex 19.1391 0.842728 19.9
      vertex 19.03 0.821036 12
      vertex 19.1391 0.842728 12
    endloop
  endfacet
  facet normal 0.555765 -0.83134 0
    outer loop
      vertex 18.7326 0.67435 12
      vertex 18.825 0.736121 19.9
      vertex 18.7326 0.67435 19.9
    endloop
  endfacet
  facet normal 0.555765 -0.83134 0
    outer loop
      vertex 18.825 0.736121 19.9
      vertex 18.7326 0.67435 12
      vertex 18.825 0.736121 12
    endloop
  endfacet
  facet normal -0.555765 0.83134 0
    outer loop
      vertex 19.7674 -0.67435 12
      vertex 19.675 -0.736121 19.9
      vertex 19.7674 -0.67435 19.9
    endloop
  endfacet
  facet normal -0.555765 0.83134 0
    outer loop
      vertex 19.675 -0.736121 19.9
      vertex 19.7674 -0.67435 12
      vertex 19.675 -0.736121 12
    endloop
  endfacet
  facet normal -0.19501 0.980801 0
    outer loop
      vertex 19.47 -0.821036 12
      vertex 19.3609 -0.842728 19.9
      vertex 19.47 -0.821036 19.9
    endloop
  endfacet
  facet normal -0.19501 0.980801 0
    outer loop
      vertex 19.3609 -0.842728 19.9
      vertex 19.47 -0.821036 12
      vertex 19.3609 -0.842728 12
    endloop
  endfacet
  facet normal 0.896787 -0.442463 0
    outer loop
      vertex 18.4647 0.32528 19.9
      vertex 18.5139 0.424999 12
      vertex 18.5139 0.424999 19.9
    endloop
  endfacet
  facet normal 0.896787 -0.442463 0
    outer loop
      vertex 18.5139 0.424999 12
      vertex 18.4647 0.32528 19.9
      vertex 18.4647 0.32528 12
    endloop
  endfacet
  facet normal 0.831768 -0.555124 0
    outer loop
      vertex 18.5139 0.424999 19.9
      vertex 18.5756 0.517447 12
      vertex 18.5756 0.517447 19.9
    endloop
  endfacet
  facet normal 0.831768 -0.555124 0
    outer loop
      vertex 18.5756 0.517447 12
      vertex 18.5139 0.424999 19.9
      vertex 18.5139 0.424999 12
    endloop
  endfacet
  facet normal 0.0654231 0.997858 -0
    outer loop
      vertex 19.25 -0.849999 12
      vertex 19.1391 -0.842728 19.9
      vertex 19.25 -0.849999 19.9
    endloop
  endfacet
  facet normal 0.0654231 0.997858 0
    outer loop
      vertex 19.1391 -0.842728 19.9
      vertex 19.25 -0.849999 12
      vertex 19.1391 -0.842728 12
    endloop
  endfacet
  facet normal 0.659319 -0.751863 0
    outer loop
      vertex 18.649 0.60104 12
      vertex 18.7326 0.67435 19.9
      vertex 18.649 0.60104 19.9
    endloop
  endfacet
  facet normal 0.659319 -0.751863 0
    outer loop
      vertex 18.7326 0.67435 19.9
      vertex 18.649 0.60104 12
      vertex 18.7326 0.67435 12
    endloop
  endfacet
  facet normal 0.659319 0.751863 -0
    outer loop
      vertex 18.7326 -0.67435 12
      vertex 18.649 -0.60104 19.9
      vertex 18.7326 -0.67435 19.9
    endloop
  endfacet
  facet normal 0.659319 0.751863 0
    outer loop
      vertex 18.649 -0.60104 19.9
      vertex 18.7326 -0.67435 12
      vertex 18.649 -0.60104 12
    endloop
  endfacet
  facet normal 0.751435 -0.659808 0
    outer loop
      vertex 18.5756 0.517447 19.9
      vertex 18.649 0.60104 12
      vertex 18.649 0.60104 19.9
    endloop
  endfacet
  facet normal 0.751435 -0.659808 0
    outer loop
      vertex 18.649 0.60104 12
      vertex 18.5756 0.517447 19.9
      vertex 18.5756 0.517447 12
    endloop
  endfacet
  facet normal -0.751435 0.659808 0
    outer loop
      vertex 19.851 -0.60104 12
      vertex 19.9244 -0.517447 19.9
      vertex 19.9244 -0.517447 12
    endloop
  endfacet
  facet normal -0.751435 0.659808 0
    outer loop
      vertex 19.9244 -0.517447 19.9
      vertex 19.851 -0.60104 12
      vertex 19.851 -0.60104 19.9
    endloop
  endfacet
  facet normal -0.896787 0.442463 0
    outer loop
      vertex 19.9861 -0.424999 12
      vertex 20.0353 -0.32528 19.9
      vertex 20.0353 -0.32528 12
    endloop
  endfacet
  facet normal -0.896787 0.442463 0
    outer loop
      vertex 20.0353 -0.32528 19.9
      vertex 19.9861 -0.424999 12
      vertex 19.9861 -0.424999 19.9
    endloop
  endfacet
  facet normal 0.98077 -0.195168 0
    outer loop
      vertex 18.4073 0.110947 19.9
      vertex 18.429 0.219995 12
      vertex 18.429 0.219995 19.9
    endloop
  endfacet
  facet normal 0.98077 -0.195168 0
    outer loop
      vertex 18.429 0.219995 12
      vertex 18.4073 0.110947 19.9
      vertex 18.4073 0.110947 12
    endloop
  endfacet
  facet normal -0.0654231 -0.997858 0
    outer loop
      vertex 19.25 0.849999 12
      vertex 19.3609 0.842728 19.9
      vertex 19.25 0.849999 19.9
    endloop
  endfacet
  facet normal -0.0654231 -0.997858 -0
    outer loop
      vertex 19.3609 0.842728 19.9
      vertex 19.25 0.849999 12
      vertex 19.3609 0.842728 12
    endloop
  endfacet
  facet normal -0.555765 -0.83134 0
    outer loop
      vertex 19.675 0.736121 12
      vertex 19.7674 0.67435 19.9
      vertex 19.675 0.736121 19.9
    endloop
  endfacet
  facet normal -0.555765 -0.83134 -0
    outer loop
      vertex 19.7674 0.67435 19.9
      vertex 19.675 0.736121 12
      vertex 19.7674 0.67435 12
    endloop
  endfacet
  facet normal 0.321395 -0.946945 0
    outer loop
      vertex 18.9247 0.785297 12
      vertex 19.03 0.821036 19.9
      vertex 18.9247 0.785297 19.9
    endloop
  endfacet
  facet normal 0.321395 -0.946945 0
    outer loop
      vertex 19.03 0.821036 19.9
      vertex 18.9247 0.785297 12
      vertex 19.03 0.821036 12
    endloop
  endfacet
  facet normal 0.0654231 -0.997858 0
    outer loop
      vertex 19.1391 0.842728 12
      vertex 19.25 0.849999 19.9
      vertex 19.1391 0.842728 19.9
    endloop
  endfacet
  facet normal 0.0654231 -0.997858 0
    outer loop
      vertex 19.25 0.849999 19.9
      vertex 19.1391 0.842728 12
      vertex 19.25 0.849999 12
    endloop
  endfacet
  facet normal 0.997842 -0.0656552 0
    outer loop
      vertex 18.4 0 19.9
      vertex 18.4073 0.110947 12
      vertex 18.4073 0.110947 19.9
    endloop
  endfacet
  facet normal 0.997842 -0.0656552 0
    outer loop
      vertex 18.4073 0.110947 12
      vertex 18.4 0 19.9
      vertex 18.4 0 12
    endloop
  endfacet
  facet normal -0.659319 -0.751863 0
    outer loop
      vertex 19.7674 0.67435 12
      vertex 19.851 0.60104 19.9
      vertex 19.7674 0.67435 19.9
    endloop
  endfacet
  facet normal -0.659319 -0.751863 -0
    outer loop
      vertex 19.851 0.60104 19.9
      vertex 19.7674 0.67435 12
      vertex 19.851 0.60104 12
    endloop
  endfacet
  facet normal 0.442357 0.896839 -0
    outer loop
      vertex 18.9247 -0.785297 12
      vertex 18.825 -0.736121 19.9
      vertex 18.9247 -0.785297 19.9
    endloop
  endfacet
  facet normal 0.442357 0.896839 0
    outer loop
      vertex 18.825 -0.736121 19.9
      vertex 18.9247 -0.785297 12
      vertex 18.825 -0.736121 12
    endloop
  endfacet
  facet normal -0.659319 0.751863 0
    outer loop
      vertex 19.851 -0.60104 12
      vertex 19.7674 -0.67435 19.9
      vertex 19.851 -0.60104 19.9
    endloop
  endfacet
  facet normal -0.659319 0.751863 0
    outer loop
      vertex 19.7674 -0.67435 19.9
      vertex 19.851 -0.60104 12
      vertex 19.7674 -0.67435 12
    endloop
  endfacet
  facet normal 0.831768 0.555124 0
    outer loop
      vertex 18.5756 -0.517447 19.9
      vertex 18.5139 -0.424999 12
      vertex 18.5139 -0.424999 19.9
    endloop
  endfacet
  facet normal 0.831768 0.555124 0
    outer loop
      vertex 18.5139 -0.424999 12
      vertex 18.5756 -0.517447 19.9
      vertex 18.5756 -0.517447 12
    endloop
  endfacet
  facet normal 0.896787 0.442463 0
    outer loop
      vertex 18.5139 -0.424999 19.9
      vertex 18.4647 -0.32528 12
      vertex 18.4647 -0.32528 19.9
    endloop
  endfacet
  facet normal 0.896787 0.442463 0
    outer loop
      vertex 18.4647 -0.32528 12
      vertex 18.5139 -0.424999 19.9
      vertex 18.5139 -0.424999 12
    endloop
  endfacet
  facet normal 0 0 -1
    outer loop
      vertex -6.15 -3 12
      vertex -7.7 0 12
      vertex -6.15 3 12
    endloop
  endfacet
  facet normal 0 0 -1
    outer loop
      vertex -6.15 -3 12
      vertex -7.70727 -0.110947 12
      vertex -7.7 0 12
    endloop
  endfacet
  facet normal 0 0 -1
    outer loop
      vertex -6.15 -3 12
      vertex -7.72896 -0.219995 12
      vertex -7.70727 -0.110947 12
    endloop
  endfacet
  facet normal 0 0 -1
    outer loop
      vertex -6.15 -3 12
      vertex -7.7647 -0.32528 12
      vertex -7.72896 -0.219995 12
    endloop
  endfacet
  facet normal 0 0 -1
    outer loop
      vertex -6.15 -3 12
      vertex -7.81388 -0.424999 12
      vertex -7.7647 -0.32528 12
    endloop
  endfacet
  facet normal 0 0 -1
    outer loop
      vertex -6.15 -3 12
      vertex -7.87565 -0.517447 12
      vertex -7.81388 -0.424999 12
    endloop
  endfacet
  facet normal 0 0 -1
    outer loop
      vertex -6.15 -3 12
      vertex -7.94896 -0.60104 12
      vertex -7.87565 -0.517447 12
    endloop
  endfacet
  facet normal 0 0 -1
    outer loop
      vertex -6.15 -3 12
      vertex -8.03255 -0.67435 12
      vertex -7.94896 -0.60104 12
    endloop
  endfacet
  facet normal 0 0 -1
    outer loop
      vertex -6.15 -3 12
      vertex -8.125 -0.736121 12
      vertex -8.03255 -0.67435 12
    endloop
  endfacet
  facet normal 0 0 -1
    outer loop
      vertex -6.15 -3 12
      vertex -8.22472 -0.785297 12
      vertex -8.125 -0.736121 12
    endloop
  endfacet
  facet normal 0 0 -1
    outer loop
      vertex -6.15 -3 12
      vertex -8.33 -0.821036 12
      vertex -8.22472 -0.785297 12
    endloop
  endfacet
  facet normal 0 0 -1
    outer loop
      vertex -6.15 -3 12
      vertex -8.43905 -0.842728 12
      vertex -8.33 -0.821036 12
    endloop
  endfacet
  facet normal 0 0 -1
    outer loop
      vertex -6.15 -3 12
      vertex -8.55 -0.849999 12
      vertex -8.43905 -0.842728 12
    endloop
  endfacet
  facet normal 0 0 -1
    outer loop
      vertex -6.15 -3 12
      vertex -8.66095 -0.842728 12
      vertex -8.55 -0.849999 12
    endloop
  endfacet
  facet normal 0 0 -1
    outer loop
      vertex -6.15 -3 12
      vertex -8.77 -0.821036 12
      vertex -8.66095 -0.842728 12
    endloop
  endfacet
  facet normal 0 0 -1
    outer loop
      vertex -12.55 -3 12
      vertex -8.77 -0.821036 12
      vertex -6.15 -3 12
    endloop
  endfacet
  facet normal -0 0 -1
    outer loop
      vertex -8.77 -0.821036 12
      vertex -12.55 -3 12
      vertex -8.87528 -0.785297 12
    endloop
  endfacet
  facet normal -0 0 -1
    outer loop
      vertex -8.87528 -0.785297 12
      vertex -12.55 -3 12
      vertex -8.975 -0.736121 12
    endloop
  endfacet
  facet normal -0 0 -1
    outer loop
      vertex -9.39273 -0.110947 12
      vertex -12.55 -3 12
      vertex -9.4 0 12
    endloop
  endfacet
  facet normal -0 0 -1
    outer loop
      vertex -9.37104 -0.219995 12
      vertex -12.55 -3 12
      vertex -9.39273 -0.110947 12
    endloop
  endfacet
  facet normal -0 0 -1
    outer loop
      vertex -9.3353 -0.32528 12
      vertex -12.55 -3 12
      vertex -9.37104 -0.219995 12
    endloop
  endfacet
  facet normal -0 0 -1
    outer loop
      vertex -9.28612 -0.424999 12
      vertex -12.55 -3 12
      vertex -9.3353 -0.32528 12
    endloop
  endfacet
  facet normal -0 0 -1
    outer loop
      vertex -9.22435 -0.517447 12
      vertex -12.55 -3 12
      vertex -9.28612 -0.424999 12
    endloop
  endfacet
  facet normal -0 0 -1
    outer loop
      vertex -9.15104 -0.60104 12
      vertex -12.55 -3 12
      vertex -9.22435 -0.517447 12
    endloop
  endfacet
  facet normal -0 0 -1
    outer loop
      vertex -9.06745 -0.67435 12
      vertex -12.55 -3 12
      vertex -9.15104 -0.60104 12
    endloop
  endfacet
  facet normal -0 0 -1
    outer loop
      vertex -8.975 -0.736121 12
      vertex -12.55 -3 12
      vertex -9.06745 -0.67435 12
    endloop
  endfacet
  facet normal 0 0 -1
    outer loop
      vertex -7.70727 0.110947 12
      vertex -6.15 3 12
      vertex -7.7 0 12
    endloop
  endfacet
  facet normal 0 0 -1
    outer loop
      vertex -7.72896 0.219995 12
      vertex -6.15 3 12
      vertex -7.70727 0.110947 12
    endloop
  endfacet
  facet normal 0 0 -1
    outer loop
      vertex -7.7647 0.32528 12
      vertex -6.15 3 12
      vertex -7.72896 0.219995 12
    endloop
  endfacet
  facet normal 0 0 -1
    outer loop
      vertex -7.81388 0.424999 12
      vertex -6.15 3 12
      vertex -7.7647 0.32528 12
    endloop
  endfacet
  facet normal 0 0 -1
    outer loop
      vertex -7.87565 0.517447 12
      vertex -6.15 3 12
      vertex -7.81388 0.424999 12
    endloop
  endfacet
  facet normal 0 0 -1
    outer loop
      vertex -7.94896 0.60104 12
      vertex -6.15 3 12
      vertex -7.87565 0.517447 12
    endloop
  endfacet
  facet normal 0 0 -1
    outer loop
      vertex -8.03255 0.67435 12
      vertex -6.15 3 12
      vertex -7.94896 0.60104 12
    endloop
  endfacet
  facet normal 0 0 -1
    outer loop
      vertex -8.125 0.736121 12
      vertex -6.15 3 12
      vertex -8.03255 0.67435 12
    endloop
  endfacet
  facet normal 0 0 -1
    outer loop
      vertex -8.22472 0.785297 12
      vertex -6.15 3 12
      vertex -8.125 0.736121 12
    endloop
  endfacet
  facet normal 0 0 -1
    outer loop
      vertex -8.33 0.821036 12
      vertex -6.15 3 12
      vertex -8.22472 0.785297 12
    endloop
  endfacet
  facet normal 0 0 -1
    outer loop
      vertex -8.43905 0.842728 12
      vertex -6.15 3 12
      vertex -8.33 0.821036 12
    endloop
  endfacet
  facet normal 0 0 -1
    outer loop
      vertex -8.55 0.849999 12
      vertex -6.15 3 12
      vertex -8.43905 0.842728 12
    endloop
  endfacet
  facet normal 0 0 -1
    outer loop
      vertex -8.66095 0.842728 12
      vertex -6.15 3 12
      vertex -8.55 0.849999 12
    endloop
  endfacet
  facet normal 0 0 -1
    outer loop
      vertex -8.77 0.821036 12
      vertex -6.15 3 12
      vertex -8.66095 0.842728 12
    endloop
  endfacet
  facet normal 0 0 -1
    outer loop
      vertex -12.55 3 12
      vertex -8.77 0.821036 12
      vertex -8.87528 0.785297 12
    endloop
  endfacet
  facet normal 0 0 -1
    outer loop
      vertex -12.55 3 12
      vertex -8.87528 0.785297 12
      vertex -8.975 0.736121 12
    endloop
  endfacet
  facet normal 0 0 -1
    outer loop
      vertex -12.55 3 12
      vertex -8.975 0.736121 12
      vertex -9.06745 0.67435 12
    endloop
  endfacet
  facet normal 0 0 -1
    outer loop
      vertex -12.55 3 12
      vertex -9.4 0 12
      vertex -12.55 -3 12
    endloop
  endfacet
  facet normal 0 0 -1
    outer loop
      vertex -9.4 0 12
      vertex -12.55 3 12
      vertex -9.39273 0.110947 12
    endloop
  endfacet
  facet normal 0 0 -1
    outer loop
      vertex -9.39273 0.110947 12
      vertex -12.55 3 12
      vertex -9.37104 0.219995 12
    endloop
  endfacet
  facet normal 0 0 -1
    outer loop
      vertex -9.37104 0.219995 12
      vertex -12.55 3 12
      vertex -9.3353 0.32528 12
    endloop
  endfacet
  facet normal 0 0 -1
    outer loop
      vertex -9.3353 0.32528 12
      vertex -12.55 3 12
      vertex -9.28612 0.424999 12
    endloop
  endfacet
  facet normal 0 0 -1
    outer loop
      vertex -9.28612 0.424999 12
      vertex -12.55 3 12
      vertex -9.22435 0.517447 12
    endloop
  endfacet
  facet normal 0 0 -1
    outer loop
      vertex -8.77 0.821036 12
      vertex -12.55 3 12
      vertex -6.15 3 12
    endloop
  endfacet
  facet normal 0 0 -1
    outer loop
      vertex -9.15104 0.60104 12
      vertex -12.55 3 12
      vertex -9.06745 0.67435 12
    endloop
  endfacet
  facet normal 0 0 -1
    outer loop
      vertex -9.22435 0.517447 12
      vertex -12.55 3 12
      vertex -9.15104 0.60104 12
    endloop
  endfacet
  facet normal 0 -1 0
    outer loop
      vertex -12.55 3 3
      vertex -6.15 3 12
      vertex -12.55 3 12
    endloop
  endfacet
  facet normal 0 -1 -0
    outer loop
      vertex -6.15 3 12
      vertex -12.55 3 3
      vertex -6.15 3 3
    endloop
  endfacet
  facet normal 0 1 -0
    outer loop
      vertex -6.15 -3 3
      vertex -12.55 -3 12
      vertex -6.15 -3 12
    endloop
  endfacet
  facet normal 0 1 0
    outer loop
      vertex -12.55 -3 12
      vertex -6.15 -3 3
      vertex -12.55 -3 3
    endloop
  endfacet
  facet normal 0 0 -1
    outer loop
      vertex 23.25 -3 12
      vertex 20.1 0 12
      vertex 23.25 3 12
    endloop
  endfacet
  facet normal 0 0 -1
    outer loop
      vertex 23.25 -3 12
      vertex 20.0927 -0.110947 12
      vertex 20.1 0 12
    endloop
  endfacet
  facet normal 0 0 -1
    outer loop
      vertex 23.25 -3 12
      vertex 20.071 -0.219995 12
      vertex 20.0927 -0.110947 12
    endloop
  endfacet
  facet normal 0 0 -1
    outer loop
      vertex 23.25 -3 12
      vertex 20.0353 -0.32528 12
      vertex 20.071 -0.219995 12
    endloop
  endfacet
  facet normal 0 0 -1
    outer loop
      vertex 23.25 -3 12
      vertex 19.9861 -0.424999 12
      vertex 20.0353 -0.32528 12
    endloop
  endfacet
  facet normal 0 0 -1
    outer loop
      vertex 23.25 -3 12
      vertex 19.9244 -0.517447 12
      vertex 19.9861 -0.424999 12
    endloop
  endfacet
  facet normal 0 0 -1
    outer loop
      vertex 23.25 -3 12
      vertex 19.851 -0.60104 12
      vertex 19.9244 -0.517447 12
    endloop
  endfacet
  facet normal 0 0 -1
    outer loop
      vertex 23.25 -3 12
      vertex 19.7674 -0.67435 12
      vertex 19.851 -0.60104 12
    endloop
  endfacet
  facet normal 0 0 -1
    outer loop
      vertex 23.25 -3 12
      vertex 19.675 -0.736121 12
      vertex 19.7674 -0.67435 12
    endloop
  endfacet
  facet normal 0 0 -1
    outer loop
      vertex 23.25 -3 12
      vertex 19.5753 -0.785297 12
      vertex 19.675 -0.736121 12
    endloop
  endfacet
  facet normal 0 0 -1
    outer loop
      vertex 23.25 -3 12
      vertex 19.47 -0.821036 12
      vertex 19.5753 -0.785297 12
    endloop
  endfacet
  facet normal 0 0 -1
    outer loop
      vertex 23.25 -3 12
      vertex 19.3609 -0.842728 12
      vertex 19.47 -0.821036 12
    endloop
  endfacet
  facet normal 0 0 -1
    outer loop
      vertex 16.85 -3 12
      vertex 19.3609 -0.842728 12
      vertex 23.25 -3 12
    endloop
  endfacet
  facet normal 0 0 -1
    outer loop
      vertex 19.3609 -0.842728 12
      vertex 16.85 -3 12
      vertex 19.25 -0.849999 12
    endloop
  endfacet
  facet normal -0 0 -1
    outer loop
      vertex 19.25 -0.849999 12
      vertex 16.85 -3 12
      vertex 19.1391 -0.842728 12
    endloop
  endfacet
  facet normal -0 0 -1
    outer loop
      vertex 19.1391 -0.842728 12
      vertex 16.85 -3 12
      vertex 19.03 -0.821036 12
    endloop
  endfacet
  facet normal -0 0 -1
    outer loop
      vertex 19.03 -0.821036 12
      vertex 16.85 -3 12
      vertex 18.9247 -0.785297 12
    endloop
  endfacet
  facet normal -0 0 -1
    outer loop
      vertex 18.4073 -0.110947 12
      vertex 16.85 -3 12
      vertex 18.4 0 12
    endloop
  endfacet
  facet normal -0 0 -1
    outer loop
      vertex 18.429 -0.219995 12
      vertex 16.85 -3 12
      vertex 18.4073 -0.110947 12
    endloop
  endfacet
  facet normal -0 0 -1
    outer loop
      vertex 18.4647 -0.32528 12
      vertex 16.85 -3 12
      vertex 18.429 -0.219995 12
    endloop
  endfacet
  facet normal -0 0 -1
    outer loop
      vertex 18.5139 -0.424999 12
      vertex 16.85 -3 12
      vertex 18.4647 -0.32528 12
    endloop
  endfacet
  facet normal -0 0 -1
    outer loop
      vertex 18.5756 -0.517447 12
      vertex 16.85 -3 12
      vertex 18.5139 -0.424999 12
    endloop
  endfacet
  facet normal -0 0 -1
    outer loop
      vertex 18.649 -0.60104 12
      vertex 16.85 -3 12
      vertex 18.5756 -0.517447 12
    endloop
  endfacet
  facet normal -0 0 -1
    outer loop
      vertex 18.7326 -0.67435 12
      vertex 16.85 -3 12
      vertex 18.649 -0.60104 12
    endloop
  endfacet
  facet normal -0 0 -1
    outer loop
      vertex 18.825 -0.736121 12
      vertex 16.85 -3 12
      vertex 18.7326 -0.67435 12
    endloop
  endfacet
  facet normal -0 0 -1
    outer loop
      vertex 18.9247 -0.785297 12
      vertex 16.85 -3 12
      vertex 18.825 -0.736121 12
    endloop
  endfacet
  facet normal 0 0 -1
    outer loop
      vertex 20.0927 0.110947 12
      vertex 23.25 3 12
      vertex 20.1 0 12
    endloop
  endfacet
  facet normal 0 0 -1
    outer loop
      vertex 20.071 0.219995 12
      vertex 23.25 3 12
      vertex 20.0927 0.110947 12
    endloop
  endfacet
  facet normal 0 0 -1
    outer loop
      vertex 20.0353 0.32528 12
      vertex 23.25 3 12
      vertex 20.071 0.219995 12
    endloop
  endfacet
  facet normal 0 0 -1
    outer loop
      vertex 19.9861 0.424999 12
      vertex 23.25 3 12
      vertex 20.0353 0.32528 12
    endloop
  endfacet
  facet normal 0 0 -1
    outer loop
      vertex 19.9244 0.517447 12
      vertex 23.25 3 12
      vertex 19.9861 0.424999 12
    endloop
  endfacet
  facet normal 0 0 -1
    outer loop
      vertex 19.851 0.60104 12
      vertex 23.25 3 12
      vertex 19.9244 0.517447 12
    endloop
  endfacet
  facet normal 0 0 -1
    outer loop
      vertex 19.7674 0.67435 12
      vertex 23.25 3 12
      vertex 19.851 0.60104 12
    endloop
  endfacet
  facet normal 0 0 -1
    outer loop
      vertex 19.675 0.736121 12
      vertex 23.25 3 12
      vertex 19.7674 0.67435 12
    endloop
  endfacet
  facet normal 0 0 -1
    outer loop
      vertex 19.5753 0.785297 12
      vertex 23.25 3 12
      vertex 19.675 0.736121 12
    endloop
  endfacet
  facet normal 0 0 -1
    outer loop
      vertex 19.47 0.821036 12
      vertex 23.25 3 12
      vertex 19.5753 0.785297 12
    endloop
  endfacet
  facet normal 0 0 -1
    outer loop
      vertex 19.3609 0.842728 12
      vertex 23.25 3 12
      vertex 19.47 0.821036 12
    endloop
  endfacet
  facet normal 0 0 -1
    outer loop
      vertex 16.85 3 12
      vertex 19.3609 0.842728 12
      vertex 19.25 0.849999 12
    endloop
  endfacet
  facet normal 0 0 -1
    outer loop
      vertex 16.85 3 12
      vertex 19.25 0.849999 12
      vertex 19.1391 0.842728 12
    endloop
  endfacet
  facet normal 0 0 -1
    outer loop
      vertex 16.85 3 12
      vertex 19.1391 0.842728 12
      vertex 19.03 0.821036 12
    endloop
  endfacet
  facet normal 0 0 -1
    outer loop
      vertex 16.85 3 12
      vertex 19.03 0.821036 12
      vertex 18.9247 0.785297 12
    endloop
  endfacet
  facet normal 0 0 -1
    outer loop
      vertex 16.85 3 12
      vertex 18.9247 0.785297 12
      vertex 18.825 0.736121 12
    endloop
  endfacet
  facet normal 0 0 -1
    outer loop
      vertex 16.85 3 12
      vertex 18.4 0 12
      vertex 16.85 -3 12
    endloop
  endfacet
  facet normal 0 0 -1
    outer loop
      vertex 18.4 0 12
      vertex 16.85 3 12
      vertex 18.4073 0.110947 12
    endloop
  endfacet
  facet normal 0 0 -1
    outer loop
      vertex 18.4073 0.110947 12
      vertex 16.85 3 12
      vertex 18.429 0.219995 12
    endloop
  endfacet
  facet normal 0 0 -1
    outer loop
      vertex 19.3609 0.842728 12
      vertex 16.85 3 12
      vertex 23.25 3 12
    endloop
  endfacet
  facet normal 0 0 -1
    outer loop
      vertex 18.7326 0.67435 12
      vertex 16.85 3 12
      vertex 18.825 0.736121 12
    endloop
  endfacet
  facet normal 0 0 -1
    outer loop
      vertex 18.649 0.60104 12
      vertex 16.85 3 12
      vertex 18.7326 0.67435 12
    endloop
  endfacet
  facet normal 0 0 -1
    outer loop
      vertex 18.5756 0.517447 12
      vertex 16.85 3 12
      vertex 18.649 0.60104 12
    endloop
  endfacet
  facet normal 0 0 -1
    outer loop
      vertex 18.5139 0.424999 12
      vertex 16.85 3 12
      vertex 18.5756 0.517447 12
    endloop
  endfacet
  facet normal 0 0 -1
    outer loop
      vertex 18.4647 0.32528 12
      vertex 16.85 3 12
      vertex 18.5139 0.424999 12
    endloop
  endfacet
  facet normal 0 0 -1
    outer loop
      vertex 18.429 0.219995 12
      vertex 16.85 3 12
      vertex 18.4647 0.32528 12
    endloop
  endfacet
  facet normal 0 -1 0
    outer loop
      vertex 16.85 3 3
      vertex 23.25 3 12
      vertex 16.85 3 12
    endloop
  endfacet
  facet normal 0 -1 -0
    outer loop
      vertex 23.25 3 12
      vertex 16.85 3 3
      vertex 23.25 3 3
    endloop
  endfacet
  facet normal 0 1 -0
    outer loop
      vertex 23.25 -3 3
      vertex 16.85 -3 12
      vertex 23.25 -3 12
    endloop
  endfacet
  facet normal 0 1 0
    outer loop
      vertex 16.85 -3 12
      vertex 23.25 -3 3
      vertex 16.85 -3 3
    endloop
  endfacet
  facet normal 0.555426 0.831566 -0
    outer loop
      vertex -24.75 -18.7222 0
      vertex -24.9349 -18.5987 3
      vertex -24.75 -18.7222 3
    endloop
  endfacet
  facet normal 0.555426 0.831566 0
    outer loop
      vertex -24.9349 -18.5987 3
      vertex -24.75 -18.7222 0
      vertex -24.9349 -18.5987 0
    endloop
  endfacet
  facet normal -0.98077 -0.195165 0
    outer loop
      vertex -22.2145 -17.0281 0
      vertex -22.2579 -16.81 3
      vertex -22.2579 -16.81 0
    endloop
  endfacet
  facet normal -0.98077 -0.195165 0
    outer loop
      vertex -22.2579 -16.81 3
      vertex -22.2145 -17.0281 0
      vertex -22.2145 -17.0281 3
    endloop
  endfacet
  facet normal -0.997872 -0.0652057 0
    outer loop
      vertex -22.2 -17.25 0
      vertex -22.2145 -17.0281 3
      vertex -22.2145 -17.0281 0
    endloop
  endfacet
  facet normal -0.997872 -0.0652057 0
    outer loop
      vertex -22.2145 -17.0281 3
      vertex -22.2 -17.25 0
      vertex -22.2 -17.25 3
    endloop
  endfacet
  facet normal -0.946915 -0.321484 0
    outer loop
      vertex -22.2579 -16.81 0
      vertex -22.3294 -16.5994 3
      vertex -22.3294 -16.5994 0
    endloop
  endfacet
  facet normal -0.946915 -0.321484 0
    outer loop
      vertex -22.3294 -16.5994 3
      vertex -22.2579 -16.81 0
      vertex -22.2579 -16.81 3
    endloop
  endfacet
  facet normal -0.831566 -0.555426 0
    outer loop
      vertex -22.4278 -16.4 0
      vertex -22.5513 -16.2151 3
      vertex -22.5513 -16.2151 0
    endloop
  endfacet
  facet normal -0.831566 -0.555426 0
    outer loop
      vertex -22.5513 -16.2151 3
      vertex -22.4278 -16.4 0
      vertex -22.4278 -16.4 3
    endloop
  endfacet
  facet normal -0.896754 -0.44253 0
    outer loop
      vertex -22.3294 -16.5994 0
      vertex -22.4278 -16.4 3
      vertex -22.4278 -16.4 0
    endloop
  endfacet
  facet normal -0.896754 -0.44253 0
    outer loop
      vertex -22.4278 -16.4 3
      vertex -22.3294 -16.5994 0
      vertex -22.3294 -16.5994 3
    endloop
  endfacet
  facet normal -0.195165 -0.98077 0
    outer loop
      vertex -23.6781 -15.5645 0
      vertex -23.46 -15.6079 3
      vertex -23.6781 -15.5645 3
    endloop
  endfacet
  facet normal -0.195165 -0.98077 -0
    outer loop
      vertex -23.46 -15.6079 3
      vertex -23.6781 -15.5645 0
      vertex -23.46 -15.6079 0
    endloop
  endfacet
  facet normal 0.555426 -0.831566 0
    outer loop
      vertex -24.9349 -15.9013 0
      vertex -24.75 -15.7778 3
      vertex -24.9349 -15.9013 3
    endloop
  endfacet
  facet normal 0.555426 -0.831566 0
    outer loop
      vertex -24.75 -15.7778 3
      vertex -24.9349 -15.9013 0
      vertex -24.75 -15.7778 0
    endloop
  endfacet
  facet normal -0.751908 -0.659268 0
    outer loop
      vertex -22.5513 -16.2151 0
      vertex -22.6979 -16.0479 3
      vertex -22.6979 -16.0479 0
    endloop
  endfacet
  facet normal -0.751908 -0.659268 0
    outer loop
      vertex -22.6979 -16.0479 3
      vertex -22.5513 -16.2151 0
      vertex -22.5513 -16.2151 3
    endloop
  endfacet
  facet normal -0.831566 0.555426 0
    outer loop
      vertex -22.5513 -18.2849 0
      vertex -22.4278 -18.1 3
      vertex -22.4278 -18.1 0
    endloop
  endfacet
  facet normal -0.831566 0.555426 0
    outer loop
      vertex -22.4278 -18.1 3
      vertex -22.5513 -18.2849 0
      vertex -22.5513 -18.2849 3
    endloop
  endfacet
  facet normal -0.896754 0.44253 0
    outer loop
      vertex -22.4278 -18.1 0
      vertex -22.3294 -17.9006 3
      vertex -22.3294 -17.9006 0
    endloop
  endfacet
  facet normal -0.896754 0.44253 0
    outer loop
      vertex -22.3294 -17.9006 3
      vertex -22.4278 -18.1 0
      vertex -22.4278 -18.1 3
    endloop
  endfacet
  facet normal -0.321484 -0.946915 0
    outer loop
      vertex -23.46 -15.6079 0
      vertex -23.2494 -15.6794 3
      vertex -23.46 -15.6079 3
    endloop
  endfacet
  facet normal -0.321484 -0.946915 -0
    outer loop
      vertex -23.2494 -15.6794 3
      vertex -23.46 -15.6079 0
      vertex -23.2494 -15.6794 0
    endloop
  endfacet
  facet normal 0.946915 0.321484 0
    outer loop
      vertex -25.4706 -17.9006 3
      vertex -25.5421 -17.69 0
      vertex -25.5421 -17.69 3
    endloop
  endfacet
  facet normal 0.946915 0.321484 0
    outer loop
      vertex -25.5421 -17.69 0
      vertex -25.4706 -17.9006 3
      vertex -25.4706 -17.9006 0
    endloop
  endfacet
  facet normal 0.831566 -0.555426 0
    outer loop
      vertex -25.3722 -16.4 3
      vertex -25.2487 -16.2151 0
      vertex -25.2487 -16.2151 3
    endloop
  endfacet
  facet normal 0.831566 -0.555426 0
    outer loop
      vertex -25.2487 -16.2151 0
      vertex -25.3722 -16.4 3
      vertex -25.3722 -16.4 0
    endloop
  endfacet
  facet normal -0.555426 -0.831566 0
    outer loop
      vertex -23.05 -15.7778 0
      vertex -22.8651 -15.9013 3
      vertex -23.05 -15.7778 3
    endloop
  endfacet
  facet normal -0.555426 -0.831566 -0
    outer loop
      vertex -22.8651 -15.9013 3
      vertex -23.05 -15.7778 0
      vertex -22.8651 -15.9013 0
    endloop
  endfacet
  facet normal -0.195165 0.98077 0
    outer loop
      vertex -23.46 -18.8921 0
      vertex -23.6781 -18.9355 3
      vertex -23.46 -18.8921 3
    endloop
  endfacet
  facet normal -0.195165 0.98077 0
    outer loop
      vertex -23.6781 -18.9355 3
      vertex -23.46 -18.8921 0
      vertex -23.6781 -18.9355 0
    endloop
  endfacet
  facet normal 0.659268 -0.751908 0
    outer loop
      vertex -25.1021 -16.0479 0
      vertex -24.9349 -15.9013 3
      vertex -25.1021 -16.0479 3
    endloop
  endfacet
  facet normal 0.659268 -0.751908 0
    outer loop
      vertex -24.9349 -15.9013 3
      vertex -25.1021 -16.0479 0
      vertex -24.9349 -15.9013 0
    endloop
  endfacet
  facet normal -0.0652057 -0.997872 0
    outer loop
      vertex -23.9 -15.55 0
      vertex -23.6781 -15.5645 3
      vertex -23.9 -15.55 3
    endloop
  endfacet
  facet normal -0.0652057 -0.997872 -0
    outer loop
      vertex -23.6781 -15.5645 3
      vertex -23.9 -15.55 0
      vertex -23.6781 -15.5645 0
    endloop
  endfacet
  facet normal 0.321484 -0.946915 0
    outer loop
      vertex -24.5506 -15.6794 0
      vertex -24.34 -15.6079 3
      vertex -24.5506 -15.6794 3
    endloop
  endfacet
  facet normal 0.321484 -0.946915 0
    outer loop
      vertex -24.34 -15.6079 3
      vertex -24.5506 -15.6794 0
      vertex -24.34 -15.6079 0
    endloop
  endfacet
  facet normal 0.0652057 -0.997872 0
    outer loop
      vertex -24.1219 -15.5645 0
      vertex -23.9 -15.55 3
      vertex -24.1219 -15.5645 3
    endloop
  endfacet
  facet normal 0.0652057 -0.997872 0
    outer loop
      vertex -23.9 -15.55 3
      vertex -24.1219 -15.5645 0
      vertex -23.9 -15.55 0
    endloop
  endfacet
  facet normal 0.896754 -0.44253 0
    outer loop
      vertex -25.4706 -16.5994 3
      vertex -25.3722 -16.4 0
      vertex -25.3722 -16.4 3
    endloop
  endfacet
  facet normal 0.896754 -0.44253 0
    outer loop
      vertex -25.3722 -16.4 0
      vertex -25.4706 -16.5994 3
      vertex -25.4706 -16.5994 0
    endloop
  endfacet
  facet normal -0.321484 0.946915 0
    outer loop
      vertex -23.2494 -18.8206 0
      vertex -23.46 -18.8921 3
      vertex -23.2494 -18.8206 3
    endloop
  endfacet
  facet normal -0.321484 0.946915 0
    outer loop
      vertex -23.46 -18.8921 3
      vertex -23.2494 -18.8206 0
      vertex -23.46 -18.8921 0
    endloop
  endfacet
  facet normal 0.98077 0.195165 0
    outer loop
      vertex -25.5421 -17.69 3
      vertex -25.5855 -17.4719 0
      vertex -25.5855 -17.4719 3
    endloop
  endfacet
  facet normal 0.98077 0.195165 0
    outer loop
      vertex -25.5855 -17.4719 0
      vertex -25.5421 -17.69 3
      vertex -25.5421 -17.69 0
    endloop
  endfacet
  facet normal -0.997872 0.0652057 0
    outer loop
      vertex -22.2145 -17.4719 0
      vertex -22.2 -17.25 3
      vertex -22.2 -17.25 0
    endloop
  endfacet
  facet normal -0.997872 0.0652057 0
    outer loop
      vertex -22.2 -17.25 3
      vertex -22.2145 -17.4719 0
      vertex -22.2145 -17.4719 3
    endloop
  endfacet
  facet normal 0.0652057 0.997872 -0
    outer loop
      vertex -23.9 -18.95 0
      vertex -24.1219 -18.9355 3
      vertex -23.9 -18.95 3
    endloop
  endfacet
  facet normal 0.0652057 0.997872 0
    outer loop
      vertex -24.1219 -18.9355 3
      vertex -23.9 -18.95 0
      vertex -24.1219 -18.9355 0
    endloop
  endfacet
  facet normal -0.44253 -0.896754 0
    outer loop
      vertex -23.2494 -15.6794 0
      vertex -23.05 -15.7778 3
      vertex -23.2494 -15.6794 3
    endloop
  endfacet
  facet normal -0.44253 -0.896754 -0
    outer loop
      vertex -23.05 -15.7778 3
      vertex -23.2494 -15.6794 0
      vertex -23.05 -15.7778 0
    endloop
  endfacet
  facet normal -0.44253 0.896754 0
    outer loop
      vertex -23.05 -18.7222 0
      vertex -23.2494 -18.8206 3
      vertex -23.05 -18.7222 3
    endloop
  endfacet
  facet normal -0.44253 0.896754 0
    outer loop
      vertex -23.2494 -18.8206 3
      vertex -23.05 -18.7222 0
      vertex -23.2494 -18.8206 0
    endloop
  endfacet
  facet normal 0.321484 0.946915 -0
    outer loop
      vertex -24.34 -18.8921 0
      vertex -24.5506 -18.8206 3
      vertex -24.34 -18.8921 3
    endloop
  endfacet
  facet normal 0.321484 0.946915 0
    outer loop
      vertex -24.5506 -18.8206 3
      vertex -24.34 -18.8921 0
      vertex -24.5506 -18.8206 0
    endloop
  endfacet
  facet normal 0.831566 0.555426 0
    outer loop
      vertex -25.2487 -18.2849 3
      vertex -25.3722 -18.1 0
      vertex -25.3722 -18.1 3
    endloop
  endfacet
  facet normal 0.831566 0.555426 0
    outer loop
      vertex -25.3722 -18.1 0
      vertex -25.2487 -18.2849 3
      vertex -25.2487 -18.2849 0
    endloop
  endfacet
  facet normal -0.0652057 0.997872 0
    outer loop
      vertex -23.6781 -18.9355 0
      vertex -23.9 -18.95 3
      vertex -23.6781 -18.9355 3
    endloop
  endfacet
  facet normal -0.0652057 0.997872 0
    outer loop
      vertex -23.9 -18.95 3
      vertex -23.6781 -18.9355 0
      vertex -23.9 -18.95 0
    endloop
  endfacet
  facet normal 0.98077 -0.195165 0
    outer loop
      vertex -25.5855 -17.0281 3
      vertex -25.5421 -16.81 0
      vertex -25.5421 -16.81 3
    endloop
  endfacet
  facet normal 0.98077 -0.195165 0
    outer loop
      vertex -25.5421 -16.81 0
      vertex -25.5855 -17.0281 3
      vertex -25.5855 -17.0281 0
    endloop
  endfacet
  facet normal 0.195165 0.98077 -0
    outer loop
      vertex -24.1219 -18.9355 0
      vertex -24.34 -18.8921 3
      vertex -24.1219 -18.9355 3
    endloop
  endfacet
  facet normal 0.195165 0.98077 0
    outer loop
      vertex -24.34 -18.8921 3
      vertex -24.1219 -18.9355 0
      vertex -24.34 -18.8921 0
    endloop
  endfacet
  facet normal 0.896754 0.44253 0
    outer loop
      vertex -25.3722 -18.1 3
      vertex -25.4706 -17.9006 0
      vertex -25.4706 -17.9006 3
    endloop
  endfacet
  facet normal 0.896754 0.44253 0
    outer loop
      vertex -25.4706 -17.9006 0
      vertex -25.3722 -18.1 3
      vertex -25.3722 -18.1 0
    endloop
  endfacet
  facet normal 0.751908 -0.659268 0
    outer loop
      vertex -25.2487 -16.2151 3
      vertex -25.1021 -16.0479 0
      vertex -25.1021 -16.0479 3
    endloop
  endfacet
  facet normal 0.751908 -0.659268 0
    outer loop
      vertex -25.1021 -16.0479 0
      vertex -25.2487 -16.2151 3
      vertex -25.2487 -16.2151 0
    endloop
  endfacet
  facet normal 0.997872 0.0652057 0
    outer loop
      vertex -25.5855 -17.4719 3
      vertex -25.6 -17.25 0
      vertex -25.6 -17.25 3
    endloop
  endfacet
  facet normal 0.997872 0.0652057 0
    outer loop
      vertex -25.6 -17.25 0
      vertex -25.5855 -17.4719 3
      vertex -25.5855 -17.4719 0
    endloop
  endfacet
  facet normal 0.44253 0.896754 -0
    outer loop
      vertex -24.5506 -18.8206 0
      vertex -24.75 -18.7222 3
      vertex -24.5506 -18.8206 3
    endloop
  endfacet
  facet normal 0.44253 0.896754 0
    outer loop
      vertex -24.75 -18.7222 3
      vertex -24.5506 -18.8206 0
      vertex -24.75 -18.7222 0
    endloop
  endfacet
  facet normal 0.997872 -0.0652057 0
    outer loop
      vertex -25.6 -17.25 3
      vertex -25.5855 -17.0281 0
      vertex -25.5855 -17.0281 3
    endloop
  endfacet
  facet normal 0.997872 -0.0652057 0
    outer loop
      vertex -25.5855 -17.0281 0
      vertex -25.6 -17.25 3
      vertex -25.6 -17.25 0
    endloop
  endfacet
  facet normal -0.946915 0.321484 0
    outer loop
      vertex -22.3294 -17.9006 0
      vertex -22.2579 -17.69 3
      vertex -22.2579 -17.69 0
    endloop
  endfacet
  facet normal -0.946915 0.321484 0
    outer loop
      vertex -22.2579 -17.69 3
      vertex -22.3294 -17.9006 0
      vertex -22.3294 -17.9006 3
    endloop
  endfacet
  facet normal 0.195165 -0.98077 0
    outer loop
      vertex -24.34 -15.6079 0
      vertex -24.1219 -15.5645 3
      vertex -24.34 -15.6079 3
    endloop
  endfacet
  facet normal 0.195165 -0.98077 0
    outer loop
      vertex -24.1219 -15.5645 3
      vertex -24.34 -15.6079 0
      vertex -24.1219 -15.5645 0
    endloop
  endfacet
  facet normal -0.98077 0.195165 0
    outer loop
      vertex -22.2579 -17.69 0
      vertex -22.2145 -17.4719 3
      vertex -22.2145 -17.4719 0
    endloop
  endfacet
  facet normal -0.98077 0.195165 0
    outer loop
      vertex -22.2145 -17.4719 3
      vertex -22.2579 -17.69 0
      vertex -22.2579 -17.69 3
    endloop
  endfacet
  facet normal 0.751908 0.659268 0
    outer loop
      vertex -25.1021 -18.4521 3
      vertex -25.2487 -18.2849 0
      vertex -25.2487 -18.2849 3
    endloop
  endfacet
  facet normal 0.751908 0.659268 0
    outer loop
      vertex -25.2487 -18.2849 0
      vertex -25.1021 -18.4521 3
      vertex -25.1021 -18.4521 0
    endloop
  endfacet
  facet normal 0.44253 -0.896754 0
    outer loop
      vertex -24.75 -15.7778 0
      vertex -24.5506 -15.6794 3
      vertex -24.75 -15.7778 3
    endloop
  endfacet
  facet normal 0.44253 -0.896754 0
    outer loop
      vertex -24.5506 -15.6794 3
      vertex -24.75 -15.7778 0
      vertex -24.5506 -15.6794 0
    endloop
  endfacet
  facet normal -0.659268 -0.751908 0
    outer loop
      vertex -22.8651 -15.9013 0
      vertex -22.6979 -16.0479 3
      vertex -22.8651 -15.9013 3
    endloop
  endfacet
  facet normal -0.659268 -0.751908 -0
    outer loop
      vertex -22.6979 -16.0479 3
      vertex -22.8651 -15.9013 0
      vertex -22.6979 -16.0479 0
    endloop
  endfacet
  facet normal -0.555426 0.831566 0
    outer loop
      vertex -22.8651 -18.5987 0
      vertex -23.05 -18.7222 3
      vertex -22.8651 -18.5987 3
    endloop
  endfacet
  facet normal -0.555426 0.831566 0
    outer loop
      vertex -23.05 -18.7222 3
      vertex -22.8651 -18.5987 0
      vertex -23.05 -18.7222 0
    endloop
  endfacet
  facet normal 0.659268 0.751908 -0
    outer loop
      vertex -24.9349 -18.5987 0
      vertex -25.1021 -18.4521 3
      vertex -24.9349 -18.5987 3
    endloop
  endfacet
  facet normal 0.659268 0.751908 0
    outer loop
      vertex -25.1021 -18.4521 3
      vertex -24.9349 -18.5987 0
      vertex -25.1021 -18.4521 0
    endloop
  endfacet
  facet normal 0.946915 -0.321484 0
    outer loop
      vertex -25.5421 -16.81 3
      vertex -25.4706 -16.5994 0
      vertex -25.4706 -16.5994 3
    endloop
  endfacet
  facet normal 0.946915 -0.321484 0
    outer loop
      vertex -25.4706 -16.5994 0
      vertex -25.5421 -16.81 3
      vertex -25.5421 -16.81 0
    endloop
  endfacet
  facet normal -0.659268 0.751908 0
    outer loop
      vertex -22.6979 -18.4521 0
      vertex -22.8651 -18.5987 3
      vertex -22.6979 -18.4521 3
    endloop
  endfacet
  facet normal -0.659268 0.751908 0
    outer loop
      vertex -22.8651 -18.5987 3
      vertex -22.6979 -18.4521 0
      vertex -22.8651 -18.5987 0
    endloop
  endfacet
  facet normal -0.751908 0.659268 0
    outer loop
      vertex -22.6979 -18.4521 0
      vertex -22.5513 -18.2849 3
      vertex -22.5513 -18.2849 0
    endloop
  endfacet
  facet normal -0.751908 0.659268 0
    outer loop
      vertex -22.5513 -18.2849 3
      vertex -22.6979 -18.4521 0
      vertex -22.6979 -18.4521 3
    endloop
  endfacet
  facet normal 0.44253 0.896754 -0
    outer loop
      vertex -24.5506 15.6794 0
      vertex -24.75 15.7778 3
      vertex -24.5506 15.6794 3
    endloop
  endfacet
  facet normal 0.44253 0.896754 0
    outer loop
      vertex -24.75 15.7778 3
      vertex -24.5506 15.6794 0
      vertex -24.75 15.7778 0
    endloop
  endfacet
  facet normal -0.98077 -0.195165 0
    outer loop
      vertex -22.2145 17.4719 0
      vertex -22.2579 17.69 3
      vertex -22.2579 17.69 0
    endloop
  endfacet
  facet normal -0.98077 -0.195165 0
    outer loop
      vertex -22.2579 17.69 3
      vertex -22.2145 17.4719 0
      vertex -22.2145 17.4719 3
    endloop
  endfacet
  facet normal -0.997872 -0.0652057 0
    outer loop
      vertex -22.2 17.25 0
      vertex -22.2145 17.4719 3
      vertex -22.2145 17.4719 0
    endloop
  endfacet
  facet normal -0.997872 -0.0652057 0
    outer loop
      vertex -22.2145 17.4719 3
      vertex -22.2 17.25 0
      vertex -22.2 17.25 3
    endloop
  endfacet
  facet normal -0.946915 -0.321484 0
    outer loop
      vertex -22.2579 17.69 0
      vertex -22.3294 17.9006 3
      vertex -22.3294 17.9006 0
    endloop
  endfacet
  facet normal -0.946915 -0.321484 0
    outer loop
      vertex -22.3294 17.9006 3
      vertex -22.2579 17.69 0
      vertex -22.2579 17.69 3
    endloop
  endfacet
  facet normal 0.321484 0.946915 -0
    outer loop
      vertex -24.34 15.6079 0
      vertex -24.5506 15.6794 3
      vertex -24.34 15.6079 3
    endloop
  endfacet
  facet normal 0.321484 0.946915 0
    outer loop
      vertex -24.5506 15.6794 3
      vertex -24.34 15.6079 0
      vertex -24.5506 15.6794 0
    endloop
  endfacet
  facet normal -0.321484 -0.946915 0
    outer loop
      vertex -23.46 18.8921 0
      vertex -23.2494 18.8206 3
      vertex -23.46 18.8921 3
    endloop
  endfacet
  facet normal -0.321484 -0.946915 -0
    outer loop
      vertex -23.2494 18.8206 3
      vertex -23.46 18.8921 0
      vertex -23.2494 18.8206 0
    endloop
  endfacet
  facet normal -0.997872 0.0652057 0
    outer loop
      vertex -22.2145 17.0281 0
      vertex -22.2 17.25 3
      vertex -22.2 17.25 0
    endloop
  endfacet
  facet normal -0.997872 0.0652057 0
    outer loop
      vertex -22.2 17.25 3
      vertex -22.2145 17.0281 0
      vertex -22.2145 17.0281 3
    endloop
  endfacet
  facet normal -0.751908 0.659268 0
    outer loop
      vertex -22.6979 16.0479 0
      vertex -22.5513 16.2151 3
      vertex -22.5513 16.2151 0
    endloop
  endfacet
  facet normal -0.751908 0.659268 0
    outer loop
      vertex -22.5513 16.2151 3
      vertex -22.6979 16.0479 0
      vertex -22.6979 16.0479 3
    endloop
  endfacet
  facet normal 0.98077 0.195165 0
    outer loop
      vertex -25.5421 16.81 3
      vertex -25.5855 17.0281 0
      vertex -25.5855 17.0281 3
    endloop
  endfacet
  facet normal 0.98077 0.195165 0
    outer loop
      vertex -25.5855 17.0281 0
      vertex -25.5421 16.81 3
      vertex -25.5421 16.81 0
    endloop
  endfacet
  facet normal -0.831566 -0.555426 0
    outer loop
      vertex -22.4278 18.1 0
      vertex -22.5513 18.2849 3
      vertex -22.5513 18.2849 0
    endloop
  endfacet
  facet normal -0.831566 -0.555426 0
    outer loop
      vertex -22.5513 18.2849 3
      vertex -22.4278 18.1 0
      vertex -22.4278 18.1 3
    endloop
  endfacet
  facet normal 0.195165 -0.98077 0
    outer loop
      vertex -24.34 18.8921 0
      vertex -24.1219 18.9355 3
      vertex -24.34 18.8921 3
    endloop
  endfacet
  facet normal 0.195165 -0.98077 0
    outer loop
      vertex -24.1219 18.9355 3
      vertex -24.34 18.8921 0
      vertex -24.1219 18.9355 0
    endloop
  endfacet
  facet normal -0.896754 0.44253 0
    outer loop
      vertex -22.4278 16.4 0
      vertex -22.3294 16.5994 3
      vertex -22.3294 16.5994 0
    endloop
  endfacet
  facet normal -0.896754 0.44253 0
    outer loop
      vertex -22.3294 16.5994 3
      vertex -22.4278 16.4 0
      vertex -22.4278 16.4 3
    endloop
  endfacet
  facet normal 0.0652057 -0.997872 0
    outer loop
      vertex -24.1219 18.9355 0
      vertex -23.9 18.95 3
      vertex -24.1219 18.9355 3
    endloop
  endfacet
  facet normal 0.0652057 -0.997872 0
    outer loop
      vertex -23.9 18.95 3
      vertex -24.1219 18.9355 0
      vertex -23.9 18.95 0
    endloop
  endfacet
  facet normal -0.946915 0.321484 0
    outer loop
      vertex -22.3294 16.5994 0
      vertex -22.2579 16.81 3
      vertex -22.2579 16.81 0
    endloop
  endfacet
  facet normal -0.946915 0.321484 0
    outer loop
      vertex -22.2579 16.81 3
      vertex -22.3294 16.5994 0
      vertex -22.3294 16.5994 3
    endloop
  endfacet
  facet normal -0.0652057 -0.997872 0
    outer loop
      vertex -23.9 18.95 0
      vertex -23.6781 18.9355 3
      vertex -23.9 18.95 3
    endloop
  endfacet
  facet normal -0.0652057 -0.997872 -0
    outer loop
      vertex -23.6781 18.9355 3
      vertex -23.9 18.95 0
      vertex -23.6781 18.9355 0
    endloop
  endfacet
  facet normal 0.831566 -0.555426 0
    outer loop
      vertex -25.3722 18.1 3
      vertex -25.2487 18.2849 0
      vertex -25.2487 18.2849 3
    endloop
  endfacet
  facet normal 0.831566 -0.555426 0
    outer loop
      vertex -25.2487 18.2849 0
      vertex -25.3722 18.1 3
      vertex -25.3722 18.1 0
    endloop
  endfacet
  facet normal -0.321484 0.946915 0
    outer loop
      vertex -23.2494 15.6794 0
      vertex -23.46 15.6079 3
      vertex -23.2494 15.6794 3
    endloop
  endfacet
  facet normal -0.321484 0.946915 0
    outer loop
      vertex -23.46 15.6079 3
      vertex -23.2494 15.6794 0
      vertex -23.46 15.6079 0
    endloop
  endfacet
  facet normal 0.555426 0.831566 -0
    outer loop
      vertex -24.75 15.7778 0
      vertex -24.9349 15.9013 3
      vertex -24.75 15.7778 3
    endloop
  endfacet
  facet normal 0.555426 0.831566 0
    outer loop
      vertex -24.9349 15.9013 3
      vertex -24.75 15.7778 0
      vertex -24.9349 15.9013 0
    endloop
  endfacet
  facet normal 0.751908 -0.659268 0
    outer loop
      vertex -25.2487 18.2849 3
      vertex -25.1021 18.4521 0
      vertex -25.1021 18.4521 3
    endloop
  endfacet
  facet normal 0.751908 -0.659268 0
    outer loop
      vertex -25.1021 18.4521 0
      vertex -25.2487 18.2849 3
      vertex -25.2487 18.2849 0
    endloop
  endfacet
  facet normal -0.896754 -0.44253 0
    outer loop
      vertex -22.3294 17.9006 0
      vertex -22.4278 18.1 3
      vertex -22.4278 18.1 0
    endloop
  endfacet
  facet normal -0.896754 -0.44253 0
    outer loop
      vertex -22.4278 18.1 3
      vertex -22.3294 17.9006 0
      vertex -22.3294 17.9006 3
    endloop
  endfacet
  facet normal 0.321484 -0.946915 0
    outer loop
      vertex -24.5506 18.8206 0
      vertex -24.34 18.8921 3
      vertex -24.5506 18.8206 3
    endloop
  endfacet
  facet normal 0.321484 -0.946915 0
    outer loop
      vertex -24.34 18.8921 3
      vertex -24.5506 18.8206 0
      vertex -24.34 18.8921 0
    endloop
  endfacet
  facet normal 0.659268 -0.751908 0
    outer loop
      vertex -25.1021 18.4521 0
      vertex -24.9349 18.5987 3
      vertex -25.1021 18.4521 3
    endloop
  endfacet
  facet normal 0.659268 -0.751908 0
    outer loop
      vertex -24.9349 18.5987 3
      vertex -25.1021 18.4521 0
      vertex -24.9349 18.5987 0
    endloop
  endfacet
  facet normal -0.831566 0.555426 0
    outer loop
      vertex -22.5513 16.2151 0
      vertex -22.4278 16.4 3
      vertex -22.4278 16.4 0
    endloop
  endfacet
  facet normal -0.831566 0.555426 0
    outer loop
      vertex -22.4278 16.4 3
      vertex -22.5513 16.2151 0
      vertex -22.5513 16.2151 3
    endloop
  endfacet
  facet normal -0.555426 -0.831566 0
    outer loop
      vertex -23.05 18.7222 0
      vertex -22.8651 18.5987 3
      vertex -23.05 18.7222 3
    endloop
  endfacet
  facet normal -0.555426 -0.831566 -0
    outer loop
      vertex -22.8651 18.5987 3
      vertex -23.05 18.7222 0
      vertex -22.8651 18.5987 0
    endloop
  endfacet
  facet normal 0.555426 -0.831566 0
    outer loop
      vertex -24.9349 18.5987 0
      vertex -24.75 18.7222 3
      vertex -24.9349 18.5987 3
    endloop
  endfacet
  facet normal 0.555426 -0.831566 0
    outer loop
      vertex -24.75 18.7222 3
      vertex -24.9349 18.5987 0
      vertex -24.75 18.7222 0
    endloop
  endfacet
  facet normal -0.98077 0.195165 0
    outer loop
      vertex -22.2579 16.81 0
      vertex -22.2145 17.0281 3
      vertex -22.2145 17.0281 0
    endloop
  endfacet
  facet normal -0.98077 0.195165 0
    outer loop
      vertex -22.2145 17.0281 3
      vertex -22.2579 16.81 0
      vertex -22.2579 16.81 3
    endloop
  endfacet
  facet normal -0.555426 0.831566 0
    outer loop
      vertex -22.8651 15.9013 0
      vertex -23.05 15.7778 3
      vertex -22.8651 15.9013 3
    endloop
  endfacet
  facet normal -0.555426 0.831566 0
    outer loop
      vertex -23.05 15.7778 3
      vertex -22.8651 15.9013 0
      vertex -23.05 15.7778 0
    endloop
  endfacet
  facet normal 0.831566 0.555426 0
    outer loop
      vertex -25.2487 16.2151 3
      vertex -25.3722 16.4 0
      vertex -25.3722 16.4 3
    endloop
  endfacet
  facet normal 0.831566 0.555426 0
    outer loop
      vertex -25.3722 16.4 0
      vertex -25.2487 16.2151 3
      vertex -25.2487 16.2151 0
    endloop
  endfacet
  facet normal 0.0652057 0.997872 -0
    outer loop
      vertex -23.9 15.55 0
      vertex -24.1219 15.5645 3
      vertex -23.9 15.55 3
    endloop
  endfacet
  facet normal 0.0652057 0.997872 0
    outer loop
      vertex -24.1219 15.5645 3
      vertex -23.9 15.55 0
      vertex -24.1219 15.5645 0
    endloop
  endfacet
  facet normal -0.195165 0.98077 0
    outer loop
      vertex -23.46 15.6079 0
      vertex -23.6781 15.5645 3
      vertex -23.46 15.6079 3
    endloop
  endfacet
  facet normal -0.195165 0.98077 0
    outer loop
      vertex -23.6781 15.5645 3
      vertex -23.46 15.6079 0
      vertex -23.6781 15.5645 0
    endloop
  endfacet
  facet normal -0.659268 0.751908 0
    outer loop
      vertex -22.6979 16.0479 0
      vertex -22.8651 15.9013 3
      vertex -22.6979 16.0479 3
    endloop
  endfacet
  facet normal -0.659268 0.751908 0
    outer loop
      vertex -22.8651 15.9013 3
      vertex -22.6979 16.0479 0
      vertex -22.8651 15.9013 0
    endloop
  endfacet
  facet normal 0.997872 -0.0652057 0
    outer loop
      vertex -25.6 17.25 3
      vertex -25.5855 17.4719 0
      vertex -25.5855 17.4719 3
    endloop
  endfacet
  facet normal 0.997872 -0.0652057 0
    outer loop
      vertex -25.5855 17.4719 0
      vertex -25.6 17.25 3
      vertex -25.6 17.25 0
    endloop
  endfacet
  facet normal -0.44253 0.896754 0
    outer loop
      vertex -23.05 15.7778 0
      vertex -23.2494 15.6794 3
      vertex -23.05 15.7778 3
    endloop
  endfacet
  facet normal -0.44253 0.896754 0
    outer loop
      vertex -23.2494 15.6794 3
      vertex -23.05 15.7778 0
      vertex -23.2494 15.6794 0
    endloop
  endfacet
  facet normal 0.997872 0.0652057 0
    outer loop
      vertex -25.5855 17.0281 3
      vertex -25.6 17.25 0
      vertex -25.6 17.25 3
    endloop
  endfacet
  facet normal 0.997872 0.0652057 0
    outer loop
      vertex -25.6 17.25 0
      vertex -25.5855 17.0281 3
      vertex -25.5855 17.0281 0
    endloop
  endfacet
  facet normal 0.946915 0.321484 0
    outer loop
      vertex -25.4706 16.5994 3
      vertex -25.5421 16.81 0
      vertex -25.5421 16.81 3
    endloop
  endfacet
  facet normal 0.946915 0.321484 0
    outer loop
      vertex -25.5421 16.81 0
      vertex -25.4706 16.5994 3
      vertex -25.4706 16.5994 0
    endloop
  endfacet
  facet normal -0.0652057 0.997872 0
    outer loop
      vertex -23.6781 15.5645 0
      vertex -23.9 15.55 3
      vertex -23.6781 15.5645 3
    endloop
  endfacet
  facet normal -0.0652057 0.997872 0
    outer loop
      vertex -23.9 15.55 3
      vertex -23.6781 15.5645 0
      vertex -23.9 15.55 0
    endloop
  endfacet
  facet normal 0.751908 0.659268 0
    outer loop
      vertex -25.1021 16.0479 3
      vertex -25.2487 16.2151 0
      vertex -25.2487 16.2151 3
    endloop
  endfacet
  facet normal 0.751908 0.659268 0
    outer loop
      vertex -25.2487 16.2151 0
      vertex -25.1021 16.0479 3
      vertex -25.1021 16.0479 0
    endloop
  endfacet
  facet normal 0.659268 0.751908 -0
    outer loop
      vertex -24.9349 15.9013 0
      vertex -25.1021 16.0479 3
      vertex -24.9349 15.9013 3
    endloop
  endfacet
  facet normal 0.659268 0.751908 0
    outer loop
      vertex -25.1021 16.0479 3
      vertex -24.9349 15.9013 0
      vertex -25.1021 16.0479 0
    endloop
  endfacet
  facet normal 0.98077 -0.195165 0
    outer loop
      vertex -25.5855 17.4719 3
      vertex -25.5421 17.69 0
      vertex -25.5421 17.69 3
    endloop
  endfacet
  facet normal 0.98077 -0.195165 0
    outer loop
      vertex -25.5421 17.69 0
      vertex -25.5855 17.4719 3
      vertex -25.5855 17.4719 0
    endloop
  endfacet
  facet normal -0.44253 -0.896754 0
    outer loop
      vertex -23.2494 18.8206 0
      vertex -23.05 18.7222 3
      vertex -23.2494 18.8206 3
    endloop
  endfacet
  facet normal -0.44253 -0.896754 -0
    outer loop
      vertex -23.05 18.7222 3
      vertex -23.2494 18.8206 0
      vertex -23.05 18.7222 0
    endloop
  endfacet
  facet normal 0.44253 -0.896754 0
    outer loop
      vertex -24.75 18.7222 0
      vertex -24.5506 18.8206 3
      vertex -24.75 18.7222 3
    endloop
  endfacet
  facet normal 0.44253 -0.896754 0
    outer loop
      vertex -24.5506 18.8206 3
      vertex -24.75 18.7222 0
      vertex -24.5506 18.8206 0
    endloop
  endfacet
  facet normal -0.751908 -0.659268 0
    outer loop
      vertex -22.5513 18.2849 0
      vertex -22.6979 18.4521 3
      vertex -22.6979 18.4521 0
    endloop
  endfacet
  facet normal -0.751908 -0.659268 0
    outer loop
      vertex -22.6979 18.4521 3
      vertex -22.5513 18.2849 0
      vertex -22.5513 18.2849 3
    endloop
  endfacet
  facet normal -0.195165 -0.98077 0
    outer loop
      vertex -23.6781 18.9355 0
      vertex -23.46 18.8921 3
      vertex -23.6781 18.9355 3
    endloop
  endfacet
  facet normal -0.195165 -0.98077 -0
    outer loop
      vertex -23.46 18.8921 3
      vertex -23.6781 18.9355 0
      vertex -23.46 18.8921 0
    endloop
  endfacet
  facet normal 0.946915 -0.321484 0
    outer loop
      vertex -25.5421 17.69 3
      vertex -25.4706 17.9006 0
      vertex -25.4706 17.9006 3
    endloop
  endfacet
  facet normal 0.946915 -0.321484 0
    outer loop
      vertex -25.4706 17.9006 0
      vertex -25.5421 17.69 3
      vertex -25.5421 17.69 0
    endloop
  endfacet
  facet normal -0.659268 -0.751908 0
    outer loop
      vertex -22.8651 18.5987 0
      vertex -22.6979 18.4521 3
      vertex -22.8651 18.5987 3
    endloop
  endfacet
  facet normal -0.659268 -0.751908 -0
    outer loop
      vertex -22.6979 18.4521 3
      vertex -22.8651 18.5987 0
      vertex -22.6979 18.4521 0
    endloop
  endfacet
  facet normal 0.195165 0.98077 -0
    outer loop
      vertex -24.1219 15.5645 0
      vertex -24.34 15.6079 3
      vertex -24.1219 15.5645 3
    endloop
  endfacet
  facet normal 0.195165 0.98077 0
    outer loop
      vertex -24.34 15.6079 3
      vertex -24.1219 15.5645 0
      vertex -24.34 15.6079 0
    endloop
  endfacet
  facet normal 0.896754 0.44253 0
    outer loop
      vertex -25.3722 16.4 3
      vertex -25.4706 16.5994 0
      vertex -25.4706 16.5994 3
    endloop
  endfacet
  facet normal 0.896754 0.44253 0
    outer loop
      vertex -25.4706 16.5994 0
      vertex -25.3722 16.4 3
      vertex -25.3722 16.4 0
    endloop
  endfacet
  facet normal 0.896754 -0.44253 0
    outer loop
      vertex -25.4706 17.9006 3
      vertex -25.3722 18.1 0
      vertex -25.3722 18.1 3
    endloop
  endfacet
  facet normal 0.896754 -0.44253 0
    outer loop
      vertex -25.3722 18.1 0
      vertex -25.4706 17.9006 3
      vertex -25.4706 17.9006 0
    endloop
  endfacet
  facet normal 0.321484 0.946915 -0
    outer loop
      vertex 23.46 -18.8921 0
      vertex 23.2494 -18.8206 3
      vertex 23.46 -18.8921 3
    endloop
  endfacet
  facet normal 0.321484 0.946915 0
    outer loop
      vertex 23.2494 -18.8206 3
      vertex 23.46 -18.8921 0
      vertex 23.2494 -18.8206 0
    endloop
  endfacet
  facet normal -0.98077 -0.195165 0
    outer loop
      vertex 25.5855 -17.0281 0
      vertex 25.5421 -16.81 3
      vertex 25.5421 -16.81 0
    endloop
  endfacet
  facet normal -0.98077 -0.195165 0
    outer loop
      vertex 25.5421 -16.81 3
      vertex 25.5855 -17.0281 0
      vertex 25.5855 -17.0281 3
    endloop
  endfacet
  facet normal -0.997872 -0.0652057 0
    outer loop
      vertex 25.6 -17.25 0
      vertex 25.5855 -17.0281 3
      vertex 25.5855 -17.0281 0
    endloop
  endfacet
  facet normal -0.997872 -0.0652057 0
    outer loop
      vertex 25.5855 -17.0281 3
      vertex 25.6 -17.25 0
      vertex 25.6 -17.25 3
    endloop
  endfacet
  facet normal 0.44253 -0.896754 0
    outer loop
      vertex 23.05 -15.7778 0
      vertex 23.2494 -15.6794 3
      vertex 23.05 -15.7778 3
    endloop
  endfacet
  facet normal 0.44253 -0.896754 0
    outer loop
      vertex 23.2494 -15.6794 3
      vertex 23.05 -15.7778 0
      vertex 23.2494 -15.6794 0
    endloop
  endfacet
  facet normal -0.98077 0.195165 0
    outer loop
      vertex 25.5421 -17.69 0
      vertex 25.5855 -17.4719 3
      vertex 25.5855 -17.4719 0
    endloop
  endfacet
  facet normal -0.98077 0.195165 0
    outer loop
      vertex 25.5855 -17.4719 3
      vertex 25.5421 -17.69 0
      vertex 25.5421 -17.69 3
    endloop
  endfacet
  facet normal 0.831566 0.555426 0
    outer loop
      vertex 22.5513 -18.2849 3
      vertex 22.4278 -18.1 0
      vertex 22.4278 -18.1 3
    endloop
  endfacet
  facet normal 0.831566 0.555426 0
    outer loop
      vertex 22.4278 -18.1 0
      vertex 22.5513 -18.2849 3
      vertex 22.5513 -18.2849 0
    endloop
  endfacet
  facet normal 0.946915 -0.321484 0
    outer loop
      vertex 22.2579 -16.81 3
      vertex 22.3294 -16.5994 0
      vertex 22.3294 -16.5994 3
    endloop
  endfacet
  facet normal 0.946915 -0.321484 0
    outer loop
      vertex 22.3294 -16.5994 0
      vertex 22.2579 -16.81 3
      vertex 22.2579 -16.81 0
    endloop
  endfacet
  facet normal 0.946915 0.321484 0
    outer loop
      vertex 22.3294 -17.9006 3
      vertex 22.2579 -17.69 0
      vertex 22.2579 -17.69 3
    endloop
  endfacet
  facet normal 0.946915 0.321484 0
    outer loop
      vertex 22.2579 -17.69 0
      vertex 22.3294 -17.9006 3
      vertex 22.3294 -17.9006 0
    endloop
  endfacet
  facet normal -0.555426 -0.831566 0
    outer loop
      vertex 24.75 -15.7778 0
      vertex 24.9349 -15.9013 3
      vertex 24.75 -15.7778 3
    endloop
  endfacet
  facet normal -0.555426 -0.831566 -0
    outer loop
      vertex 24.9349 -15.9013 3
      vertex 24.75 -15.7778 0
      vertex 24.9349 -15.9013 0
    endloop
  endfacet
  facet normal 0.659268 -0.751908 0
    outer loop
      vertex 22.6979 -16.0479 0
      vertex 22.8651 -15.9013 3
      vertex 22.6979 -16.0479 3
    endloop
  endfacet
  facet normal 0.659268 -0.751908 0
    outer loop
      vertex 22.8651 -15.9013 3
      vertex 22.6979 -16.0479 0
      vertex 22.8651 -15.9013 0
    endloop
  endfacet
  facet normal 0.831566 -0.555426 0
    outer loop
      vertex 22.4278 -16.4 3
      vertex 22.5513 -16.2151 0
      vertex 22.5513 -16.2151 3
    endloop
  endfacet
  facet normal 0.831566 -0.555426 0
    outer loop
      vertex 22.5513 -16.2151 0
      vertex 22.4278 -16.4 3
      vertex 22.4278 -16.4 0
    endloop
  endfacet
  facet normal -0.44253 -0.896754 0
    outer loop
      vertex 24.5506 -15.6794 0
      vertex 24.75 -15.7778 3
      vertex 24.5506 -15.6794 3
    endloop
  endfacet
  facet normal -0.44253 -0.896754 -0
    outer loop
      vertex 24.75 -15.7778 3
      vertex 24.5506 -15.6794 0
      vertex 24.75 -15.7778 0
    endloop
  endfacet
  facet normal -0.659268 0.751908 0
    outer loop
      vertex 25.1021 -18.4521 0
      vertex 24.9349 -18.5987 3
      vertex 25.1021 -18.4521 3
    endloop
  endfacet
  facet normal -0.659268 0.751908 0
    outer loop
      vertex 24.9349 -18.5987 3
      vertex 25.1021 -18.4521 0
      vertex 24.9349 -18.5987 0
    endloop
  endfacet
  facet normal 0.997872 -0.0652057 0
    outer loop
      vertex 22.2 -17.25 3
      vertex 22.2145 -17.0281 0
      vertex 22.2145 -17.0281 3
    endloop
  endfacet
  facet normal 0.997872 -0.0652057 0
    outer loop
      vertex 22.2145 -17.0281 0
      vertex 22.2 -17.25 3
      vertex 22.2 -17.25 0
    endloop
  endfacet
  facet normal -0.831566 0.555426 0
    outer loop
      vertex 25.2487 -18.2849 0
      vertex 25.3722 -18.1 3
      vertex 25.3722 -18.1 0
    endloop
  endfacet
  facet normal -0.831566 0.555426 0
    outer loop
      vertex 25.3722 -18.1 3
      vertex 25.2487 -18.2849 0
      vertex 25.2487 -18.2849 3
    endloop
  endfacet
  facet normal 0.0652057 0.997872 -0
    outer loop
      vertex 23.9 -18.95 0
      vertex 23.6781 -18.9355 3
      vertex 23.9 -18.95 3
    endloop
  endfacet
  facet normal 0.0652057 0.997872 0
    outer loop
      vertex 23.6781 -18.9355 3
      vertex 23.9 -18.95 0
      vertex 23.6781 -18.9355 0
    endloop
  endfacet
  facet normal -0.321484 -0.946915 0
    outer loop
      vertex 24.34 -15.6079 0
      vertex 24.5506 -15.6794 3
      vertex 24.34 -15.6079 3
    endloop
  endfacet
  facet normal -0.321484 -0.946915 -0
    outer loop
      vertex 24.5506 -15.6794 3
      vertex 24.34 -15.6079 0
      vertex 24.5506 -15.6794 0
    endloop
  endfacet
  facet normal 0.321484 -0.946915 0
    outer loop
      vertex 23.2494 -15.6794 0
      vertex 23.46 -15.6079 3
      vertex 23.2494 -15.6794 3
    endloop
  endfacet
  facet normal 0.321484 -0.946915 0
    outer loop
      vertex 23.46 -15.6079 3
      vertex 23.2494 -15.6794 0
      vertex 23.46 -15.6079 0
    endloop
  endfacet
  facet normal 0.751908 0.659268 0
    outer loop
      vertex 22.6979 -18.4521 3
      vertex 22.5513 -18.2849 0
      vertex 22.5513 -18.2849 3
    endloop
  endfacet
  facet normal 0.751908 0.659268 0
    outer loop
      vertex 22.5513 -18.2849 0
      vertex 22.6979 -18.4521 3
      vertex 22.6979 -18.4521 0
    endloop
  endfacet
  facet normal 0.98077 -0.195165 0
    outer loop
      vertex 22.2145 -17.0281 3
      vertex 22.2579 -16.81 0
      vertex 22.2579 -16.81 3
    endloop
  endfacet
  facet normal 0.98077 -0.195165 0
    outer loop
      vertex 22.2579 -16.81 0
      vertex 22.2145 -17.0281 3
      vertex 22.2145 -17.0281 0
    endloop
  endfacet
  facet normal -0.195165 -0.98077 0
    outer loop
      vertex 24.1219 -15.5645 0
      vertex 24.34 -15.6079 3
      vertex 24.1219 -15.5645 3
    endloop
  endfacet
  facet normal -0.195165 -0.98077 -0
    outer loop
      vertex 24.34 -15.6079 3
      vertex 24.1219 -15.5645 0
      vertex 24.34 -15.6079 0
    endloop
  endfacet
  facet normal 0.751908 -0.659268 0
    outer loop
      vertex 22.5513 -16.2151 3
      vertex 22.6979 -16.0479 0
      vertex 22.6979 -16.0479 3
    endloop
  endfacet
  facet normal 0.751908 -0.659268 0
    outer loop
      vertex 22.6979 -16.0479 0
      vertex 22.5513 -16.2151 3
      vertex 22.5513 -16.2151 0
    endloop
  endfacet
  facet normal 0.98077 0.195165 0
    outer loop
      vertex 22.2579 -17.69 3
      vertex 22.2145 -17.4719 0
      vertex 22.2145 -17.4719 3
    endloop
  endfacet
  facet normal 0.98077 0.195165 0
    outer loop
      vertex 22.2145 -17.4719 0
      vertex 22.2579 -17.69 3
      vertex 22.2579 -17.69 0
    endloop
  endfacet
  facet normal 0.659268 0.751908 -0
    outer loop
      vertex 22.8651 -18.5987 0
      vertex 22.6979 -18.4521 3
      vertex 22.8651 -18.5987 3
    endloop
  endfacet
  facet normal 0.659268 0.751908 0
    outer loop
      vertex 22.6979 -18.4521 3
      vertex 22.8651 -18.5987 0
      vertex 22.6979 -18.4521 0
    endloop
  endfacet
  facet normal -0.0652057 0.997872 0
    outer loop
      vertex 24.1219 -18.9355 0
      vertex 23.9 -18.95 3
      vertex 24.1219 -18.9355 3
    endloop
  endfacet
  facet normal -0.0652057 0.997872 0
    outer loop
      vertex 23.9 -18.95 3
      vertex 24.1219 -18.9355 0
      vertex 23.9 -18.95 0
    endloop
  endfacet
  facet normal -0.555426 0.831566 0
    outer loop
      vertex 24.9349 -18.5987 0
      vertex 24.75 -18.7222 3
      vertex 24.9349 -18.5987 3
    endloop
  endfacet
  facet normal -0.555426 0.831566 0
    outer loop
      vertex 24.75 -18.7222 3
      vertex 24.9349 -18.5987 0
      vertex 24.75 -18.7222 0
    endloop
  endfacet
  facet normal -0.997872 0.0652057 0
    outer loop
      vertex 25.5855 -17.4719 0
      vertex 25.6 -17.25 3
      vertex 25.6 -17.25 0
    endloop
  endfacet
  facet normal -0.997872 0.0652057 0
    outer loop
      vertex 25.6 -17.25 3
      vertex 25.5855 -17.4719 0
      vertex 25.5855 -17.4719 3
    endloop
  endfacet
  facet normal -0.659268 -0.751908 0
    outer loop
      vertex 24.9349 -15.9013 0
      vertex 25.1021 -16.0479 3
      vertex 24.9349 -15.9013 3
    endloop
  endfacet
  facet normal -0.659268 -0.751908 -0
    outer loop
      vertex 25.1021 -16.0479 3
      vertex 24.9349 -15.9013 0
      vertex 25.1021 -16.0479 0
    endloop
  endfacet
  facet normal 0.195165 -0.98077 0
    outer loop
      vertex 23.46 -15.6079 0
      vertex 23.6781 -15.5645 3
      vertex 23.46 -15.6079 3
    endloop
  endfacet
  facet normal 0.195165 -0.98077 0
    outer loop
      vertex 23.6781 -15.5645 3
      vertex 23.46 -15.6079 0
      vertex 23.6781 -15.5645 0
    endloop
  endfacet
  facet normal -0.831566 -0.555426 0
    outer loop
      vertex 25.3722 -16.4 0
      vertex 25.2487 -16.2151 3
      vertex 25.2487 -16.2151 0
    endloop
  endfacet
  facet normal -0.831566 -0.555426 0
    outer loop
      vertex 25.2487 -16.2151 3
      vertex 25.3722 -16.4 0
      vertex 25.3722 -16.4 3
    endloop
  endfacet
  facet normal -0.195165 0.98077 0
    outer loop
      vertex 24.34 -18.8921 0
      vertex 24.1219 -18.9355 3
      vertex 24.34 -18.8921 3
    endloop
  endfacet
  facet normal -0.195165 0.98077 0
    outer loop
      vertex 24.1219 -18.9355 3
      vertex 24.34 -18.8921 0
      vertex 24.1219 -18.9355 0
    endloop
  endfacet
  facet normal 0.896754 -0.44253 0
    outer loop
      vertex 22.3294 -16.5994 3
      vertex 22.4278 -16.4 0
      vertex 22.4278 -16.4 3
    endloop
  endfacet
  facet normal 0.896754 -0.44253 0
    outer loop
      vertex 22.4278 -16.4 0
      vertex 22.3294 -16.5994 3
      vertex 22.3294 -16.5994 0
    endloop
  endfacet
  facet normal -0.896754 -0.44253 0
    outer loop
      vertex 25.4706 -16.5994 0
      vertex 25.3722 -16.4 3
      vertex 25.3722 -16.4 0
    endloop
  endfacet
  facet normal -0.896754 -0.44253 0
    outer loop
      vertex 25.3722 -16.4 3
      vertex 25.4706 -16.5994 0
      vertex 25.4706 -16.5994 3
    endloop
  endfacet
  facet normal 0.195165 0.98077 -0
    outer loop
      vertex 23.6781 -18.9355 0
      vertex 23.46 -18.8921 3
      vertex 23.6781 -18.9355 3
    endloop
  endfacet
  facet normal 0.195165 0.98077 0
    outer loop
      vertex 23.46 -18.8921 3
      vertex 23.6781 -18.9355 0
      vertex 23.46 -18.8921 0
    endloop
  endfacet
  facet normal -0.896754 0.44253 0
    outer loop
      vertex 25.3722 -18.1 0
      vertex 25.4706 -17.9006 3
      vertex 25.4706 -17.9006 0
    endloop
  endfacet
  facet normal -0.896754 0.44253 0
    outer loop
      vertex 25.4706 -17.9006 3
      vertex 25.3722 -18.1 0
      vertex 25.3722 -18.1 3
    endloop
  endfacet
  facet normal 0.997872 0.0652057 0
    outer loop
      vertex 22.2145 -17.4719 3
      vertex 22.2 -17.25 0
      vertex 22.2 -17.25 3
    endloop
  endfacet
  facet normal 0.997872 0.0652057 0
    outer loop
      vertex 22.2 -17.25 0
      vertex 22.2145 -17.4719 3
      vertex 22.2145 -17.4719 0
    endloop
  endfacet
  facet normal 0.555426 -0.831566 0
    outer loop
      vertex 22.8651 -15.9013 0
      vertex 23.05 -15.7778 3
      vertex 22.8651 -15.9013 3
    endloop
  endfacet
  facet normal 0.555426 -0.831566 0
    outer loop
      vertex 23.05 -15.7778 3
      vertex 22.8651 -15.9013 0
      vertex 23.05 -15.7778 0
    endloop
  endfacet
  facet normal -0.0652057 -0.997872 0
    outer loop
      vertex 23.9 -15.55 0
      vertex 24.1219 -15.5645 3
      vertex 23.9 -15.55 3
    endloop
  endfacet
  facet normal -0.0652057 -0.997872 -0
    outer loop
      vertex 24.1219 -15.5645 3
      vertex 23.9 -15.55 0
      vertex 24.1219 -15.5645 0
    endloop
  endfacet
  facet normal -0.751908 -0.659268 0
    outer loop
      vertex 25.2487 -16.2151 0
      vertex 25.1021 -16.0479 3
      vertex 25.1021 -16.0479 0
    endloop
  endfacet
  facet normal -0.751908 -0.659268 0
    outer loop
      vertex 25.1021 -16.0479 3
      vertex 25.2487 -16.2151 0
      vertex 25.2487 -16.2151 3
    endloop
  endfacet
  facet normal -0.946915 -0.321484 0
    outer loop
      vertex 25.5421 -16.81 0
      vertex 25.4706 -16.5994 3
      vertex 25.4706 -16.5994 0
    endloop
  endfacet
  facet normal -0.946915 -0.321484 0
    outer loop
      vertex 25.4706 -16.5994 3
      vertex 25.5421 -16.81 0
      vertex 25.5421 -16.81 3
    endloop
  endfacet
  facet normal 0.0652057 -0.997872 0
    outer loop
      vertex 23.6781 -15.5645 0
      vertex 23.9 -15.55 3
      vertex 23.6781 -15.5645 3
    endloop
  endfacet
  facet normal 0.0652057 -0.997872 0
    outer loop
      vertex 23.9 -15.55 3
      vertex 23.6781 -15.5645 0
      vertex 23.9 -15.55 0
    endloop
  endfacet
  facet normal -0.321484 0.946915 0
    outer loop
      vertex 24.5506 -18.8206 0
      vertex 24.34 -18.8921 3
      vertex 24.5506 -18.8206 3
    endloop
  endfacet
  facet normal -0.321484 0.946915 0
    outer loop
      vertex 24.34 -18.8921 3
      vertex 24.5506 -18.8206 0
      vertex 24.34 -18.8921 0
    endloop
  endfacet
  facet normal -0.44253 0.896754 0
    outer loop
      vertex 24.75 -18.7222 0
      vertex 24.5506 -18.8206 3
      vertex 24.75 -18.7222 3
    endloop
  endfacet
  facet normal -0.44253 0.896754 0
    outer loop
      vertex 24.5506 -18.8206 3
      vertex 24.75 -18.7222 0
      vertex 24.5506 -18.8206 0
    endloop
  endfacet
  facet normal -0.946915 0.321484 0
    outer loop
      vertex 25.4706 -17.9006 0
      vertex 25.5421 -17.69 3
      vertex 25.5421 -17.69 0
    endloop
  endfacet
  facet normal -0.946915 0.321484 0
    outer loop
      vertex 25.5421 -17.69 3
      vertex 25.4706 -17.9006 0
      vertex 25.4706 -17.9006 3
    endloop
  endfacet
  facet normal -0.751908 0.659268 0
    outer loop
      vertex 25.1021 -18.4521 0
      vertex 25.2487 -18.2849 3
      vertex 25.2487 -18.2849 0
    endloop
  endfacet
  facet normal -0.751908 0.659268 0
    outer loop
      vertex 25.2487 -18.2849 3
      vertex 25.1021 -18.4521 0
      vertex 25.1021 -18.4521 3
    endloop
  endfacet
  facet normal 0.896754 0.44253 0
    outer loop
      vertex 22.4278 -18.1 3
      vertex 22.3294 -17.9006 0
      vertex 22.3294 -17.9006 3
    endloop
  endfacet
  facet normal 0.896754 0.44253 0
    outer loop
      vertex 22.3294 -17.9006 0
      vertex 22.4278 -18.1 3
      vertex 22.4278 -18.1 0
    endloop
  endfacet
  facet normal 0.44253 0.896754 -0
    outer loop
      vertex 23.2494 -18.8206 0
      vertex 23.05 -18.7222 3
      vertex 23.2494 -18.8206 3
    endloop
  endfacet
  facet normal 0.44253 0.896754 0
    outer loop
      vertex 23.05 -18.7222 3
      vertex 23.2494 -18.8206 0
      vertex 23.05 -18.7222 0
    endloop
  endfacet
  facet normal 0.555426 0.831566 -0
    outer loop
      vertex 23.05 -18.7222 0
      vertex 22.8651 -18.5987 3
      vertex 23.05 -18.7222 3
    endloop
  endfacet
  facet normal 0.555426 0.831566 0
    outer loop
      vertex 22.8651 -18.5987 3
      vertex 23.05 -18.7222 0
      vertex 22.8651 -18.5987 0
    endloop
  endfacet
  facet normal -0.44253 0.896754 0
    outer loop
      vertex 24.75 15.7778 0
      vertex 24.5506 15.6794 3
      vertex 24.75 15.7778 3
    endloop
  endfacet
  facet normal -0.44253 0.896754 0
    outer loop
      vertex 24.5506 15.6794 3
      vertex 24.75 15.7778 0
      vertex 24.5506 15.6794 0
    endloop
  endfacet
  facet normal -0.98077 -0.195165 0
    outer loop
      vertex 25.5855 17.4719 0
      vertex 25.5421 17.69 3
      vertex 25.5421 17.69 0
    endloop
  endfacet
  facet normal -0.98077 -0.195165 0
    outer loop
      vertex 25.5421 17.69 3
      vertex 25.5855 17.4719 0
      vertex 25.5855 17.4719 3
    endloop
  endfacet
  facet normal -0.997872 -0.0652057 0
    outer loop
      vertex 25.6 17.25 0
      vertex 25.5855 17.4719 3
      vertex 25.5855 17.4719 0
    endloop
  endfacet
  facet normal -0.997872 -0.0652057 0
    outer loop
      vertex 25.5855 17.4719 3
      vertex 25.6 17.25 0
      vertex 25.6 17.25 3
    endloop
  endfacet
  facet normal -0.321484 0.946915 0
    outer loop
      vertex 24.5506 15.6794 0
      vertex 24.34 15.6079 3
      vertex 24.5506 15.6794 3
    endloop
  endfacet
  facet normal -0.321484 0.946915 0
    outer loop
      vertex 24.34 15.6079 3
      vertex 24.5506 15.6794 0
      vertex 24.34 15.6079 0
    endloop
  endfacet
  facet normal -0.896754 0.44253 0
    outer loop
      vertex 25.3722 16.4 0
      vertex 25.4706 16.5994 3
      vertex 25.4706 16.5994 0
    endloop
  endfacet
  facet normal -0.896754 0.44253 0
    outer loop
      vertex 25.4706 16.5994 3
      vertex 25.3722 16.4 0
      vertex 25.3722 16.4 3
    endloop
  endfacet
  facet normal -0.659268 -0.751908 0
    outer loop
      vertex 24.9349 18.5987 0
      vertex 25.1021 18.4521 3
      vertex 24.9349 18.5987 3
    endloop
  endfacet
  facet normal -0.659268 -0.751908 -0
    outer loop
      vertex 25.1021 18.4521 3
      vertex 24.9349 18.5987 0
      vertex 25.1021 18.4521 0
    endloop
  endfacet
  facet normal -0.0652057 0.997872 0
    outer loop
      vertex 24.1219 15.5645 0
      vertex 23.9 15.55 3
      vertex 24.1219 15.5645 3
    endloop
  endfacet
  facet normal -0.0652057 0.997872 0
    outer loop
      vertex 23.9 15.55 3
      vertex 24.1219 15.5645 0
      vertex 23.9 15.55 0
    endloop
  endfacet
  facet normal -0.831566 0.555426 0
    outer loop
      vertex 25.2487 16.2151 0
      vertex 25.3722 16.4 3
      vertex 25.3722 16.4 0
    endloop
  endfacet
  facet normal -0.831566 0.555426 0
    outer loop
      vertex 25.3722 16.4 3
      vertex 25.2487 16.2151 0
      vertex 25.2487 16.2151 3
    endloop
  endfacet
  facet normal 0.0652057 -0.997872 0
    outer loop
      vertex 23.6781 18.9355 0
      vertex 23.9 18.95 3
      vertex 23.6781 18.9355 3
    endloop
  endfacet
  facet normal 0.0652057 -0.997872 0
    outer loop
      vertex 23.9 18.95 3
      vertex 23.6781 18.9355 0
      vertex 23.9 18.95 0
    endloop
  endfacet
  facet normal -0.997872 0.0652057 0
    outer loop
      vertex 25.5855 17.0281 0
      vertex 25.6 17.25 3
      vertex 25.6 17.25 0
    endloop
  endfacet
  facet normal -0.997872 0.0652057 0
    outer loop
      vertex 25.6 17.25 3
      vertex 25.5855 17.0281 0
      vertex 25.5855 17.0281 3
    endloop
  endfacet
  facet normal -0.751908 0.659268 0
    outer loop
      vertex 25.1021 16.0479 0
      vertex 25.2487 16.2151 3
      vertex 25.2487 16.2151 0
    endloop
  endfacet
  facet normal -0.751908 0.659268 0
    outer loop
      vertex 25.2487 16.2151 3
      vertex 25.1021 16.0479 0
      vertex 25.1021 16.0479 3
    endloop
  endfacet
  facet normal -0.831566 -0.555426 0
    outer loop
      vertex 25.3722 18.1 0
      vertex 25.2487 18.2849 3
      vertex 25.2487 18.2849 0
    endloop
  endfacet
  facet normal -0.831566 -0.555426 0
    outer loop
      vertex 25.2487 18.2849 3
      vertex 25.3722 18.1 0
      vertex 25.3722 18.1 3
    endloop
  endfacet
  facet normal 0.0652057 0.997872 -0
    outer loop
      vertex 23.9 15.55 0
      vertex 23.6781 15.5645 3
      vertex 23.9 15.55 3
    endloop
  endfacet
  facet normal 0.0652057 0.997872 0
    outer loop
      vertex 23.6781 15.5645 3
      vertex 23.9 15.55 0
      vertex 23.6781 15.5645 0
    endloop
  endfacet
  facet normal -0.321484 -0.946915 0
    outer loop
      vertex 24.34 18.8921 0
      vertex 24.5506 18.8206 3
      vertex 24.34 18.8921 3
    endloop
  endfacet
  facet normal -0.321484 -0.946915 -0
    outer loop
      vertex 24.5506 18.8206 3
      vertex 24.34 18.8921 0
      vertex 24.5506 18.8206 0
    endloop
  endfacet
  facet normal -0.0652057 -0.997872 0
    outer loop
      vertex 23.9 18.95 0
      vertex 24.1219 18.9355 3
      vertex 23.9 18.95 3
    endloop
  endfacet
  facet normal -0.0652057 -0.997872 -0
    outer loop
      vertex 24.1219 18.9355 3
      vertex 23.9 18.95 0
      vertex 24.1219 18.9355 0
    endloop
  endfacet
  facet normal 0.831566 -0.555426 0
    outer loop
      vertex 22.4278 18.1 3
      vertex 22.5513 18.2849 0
      vertex 22.5513 18.2849 3
    endloop
  endfacet
  facet normal 0.831566 -0.555426 0
    outer loop
      vertex 22.5513 18.2849 0
      vertex 22.4278 18.1 3
      vertex 22.4278 18.1 0
    endloop
  endfacet
  facet normal -0.195165 -0.98077 0
    outer loop
      vertex 24.1219 18.9355 0
      vertex 24.34 18.8921 3
      vertex 24.1219 18.9355 3
    endloop
  endfacet
  facet normal -0.195165 -0.98077 -0
    outer loop
      vertex 24.34 18.8921 3
      vertex 24.1219 18.9355 0
      vertex 24.34 18.8921 0
    endloop
  endfacet
  facet normal -0.555426 0.831566 0
    outer loop
      vertex 24.9349 15.9013 0
      vertex 24.75 15.7778 3
      vertex 24.9349 15.9013 3
    endloop
  endfacet
  facet normal -0.555426 0.831566 0
    outer loop
      vertex 24.75 15.7778 3
      vertex 24.9349 15.9013 0
      vertex 24.75 15.7778 0
    endloop
  endfacet
  facet normal 0.195165 0.98077 -0
    outer loop
      vertex 23.6781 15.5645 0
      vertex 23.46 15.6079 3
      vertex 23.6781 15.5645 3
    endloop
  endfacet
  facet normal 0.195165 0.98077 0
    outer loop
      vertex 23.46 15.6079 3
      vertex 23.6781 15.5645 0
      vertex 23.46 15.6079 0
    endloop
  endfacet
  facet normal 0.555426 -0.831566 0
    outer loop
      vertex 22.8651 18.5987 0
      vertex 23.05 18.7222 3
      vertex 22.8651 18.5987 3
    endloop
  endfacet
  facet normal 0.555426 -0.831566 0
    outer loop
      vertex 23.05 18.7222 3
      vertex 22.8651 18.5987 0
      vertex 23.05 18.7222 0
    endloop
  endfacet
  facet normal 0.321484 -0.946915 0
    outer loop
      vertex 23.2494 18.8206 0
      vertex 23.46 18.8921 3
      vertex 23.2494 18.8206 3
    endloop
  endfacet
  facet normal 0.321484 -0.946915 0
    outer loop
      vertex 23.46 18.8921 3
      vertex 23.2494 18.8206 0
      vertex 23.46 18.8921 0
    endloop
  endfacet
  facet normal 0.997872 0.0652057 0
    outer loop
      vertex 22.2145 17.0281 3
      vertex 22.2 17.25 0
      vertex 22.2 17.25 3
    endloop
  endfacet
  facet normal 0.997872 0.0652057 0
    outer loop
      vertex 22.2 17.25 0
      vertex 22.2145 17.0281 3
      vertex 22.2145 17.0281 0
    endloop
  endfacet
  facet normal -0.195165 0.98077 0
    outer loop
      vertex 24.34 15.6079 0
      vertex 24.1219 15.5645 3
      vertex 24.34 15.6079 3
    endloop
  endfacet
  facet normal -0.195165 0.98077 0
    outer loop
      vertex 24.1219 15.5645 3
      vertex 24.34 15.6079 0
      vertex 24.1219 15.5645 0
    endloop
  endfacet
  facet normal 0.896754 -0.44253 0
    outer loop
      vertex 22.3294 17.9006 3
      vertex 22.4278 18.1 0
      vertex 22.4278 18.1 3
    endloop
  endfacet
  facet normal 0.896754 -0.44253 0
    outer loop
      vertex 22.4278 18.1 0
      vertex 22.3294 17.9006 3
      vertex 22.3294 17.9006 0
    endloop
  endfacet
  facet normal -0.896754 -0.44253 0
    outer loop
      vertex 25.4706 17.9006 0
      vertex 25.3722 18.1 3
      vertex 25.3722 18.1 0
    endloop
  endfacet
  facet normal -0.896754 -0.44253 0
    outer loop
      vertex 25.3722 18.1 3
      vertex 25.4706 17.9006 0
      vertex 25.4706 17.9006 3
    endloop
  endfacet
  facet normal -0.44253 -0.896754 0
    outer loop
      vertex 24.5506 18.8206 0
      vertex 24.75 18.7222 3
      vertex 24.5506 18.8206 3
    endloop
  endfacet
  facet normal -0.44253 -0.896754 -0
    outer loop
      vertex 24.75 18.7222 3
      vertex 24.5506 18.8206 0
      vertex 24.75 18.7222 0
    endloop
  endfacet
  facet normal 0.98077 -0.195165 0
    outer loop
      vertex 22.2145 17.4719 3
      vertex 22.2579 17.69 0
      vertex 22.2579 17.69 3
    endloop
  endfacet
  facet normal 0.98077 -0.195165 0
    outer loop
      vertex 22.2579 17.69 0
      vertex 22.2145 17.4719 3
      vertex 22.2145 17.4719 0
    endloop
  endfacet
  facet normal 0.751908 -0.659268 0
    outer loop
      vertex 22.5513 18.2849 3
      vertex 22.6979 18.4521 0
      vertex 22.6979 18.4521 3
    endloop
  endfacet
  facet normal 0.751908 -0.659268 0
    outer loop
      vertex 22.6979 18.4521 0
      vertex 22.5513 18.2849 3
      vertex 22.5513 18.2849 0
    endloop
  endfacet
  facet normal 0.659268 -0.751908 0
    outer loop
      vertex 22.6979 18.4521 0
      vertex 22.8651 18.5987 3
      vertex 22.6979 18.4521 3
    endloop
  endfacet
  facet normal 0.659268 -0.751908 0
    outer loop
      vertex 22.8651 18.5987 3
      vertex 22.6979 18.4521 0
      vertex 22.8651 18.5987 0
    endloop
  endfacet
  facet normal 0.195165 -0.98077 0
    outer loop
      vertex 23.46 18.8921 0
      vertex 23.6781 18.9355 3
      vertex 23.46 18.8921 3
    endloop
  endfacet
  facet normal 0.195165 -0.98077 0
    outer loop
      vertex 23.6781 18.9355 3
      vertex 23.46 18.8921 0
      vertex 23.6781 18.9355 0
    endloop
  endfacet
  facet normal -0.555426 -0.831566 0
    outer loop
      vertex 24.75 18.7222 0
      vertex 24.9349 18.5987 3
      vertex 24.75 18.7222 3
    endloop
  endfacet
  facet normal -0.555426 -0.831566 -0
    outer loop
      vertex 24.9349 18.5987 3
      vertex 24.75 18.7222 0
      vertex 24.9349 18.5987 0
    endloop
  endfacet
  facet normal 0.831566 0.555426 0
    outer loop
      vertex 22.5513 16.2151 3
      vertex 22.4278 16.4 0
      vertex 22.4278 16.4 3
    endloop
  endfacet
  facet normal 0.831566 0.555426 0
    outer loop
      vertex 22.4278 16.4 0
      vertex 22.5513 16.2151 3
      vertex 22.5513 16.2151 0
    endloop
  endfacet
  facet normal 0.98077 0.195165 0
    outer loop
      vertex 22.2579 16.81 3
      vertex 22.2145 17.0281 0
      vertex 22.2145 17.0281 3
    endloop
  endfacet
  facet normal 0.98077 0.195165 0
    outer loop
      vertex 22.2145 17.0281 0
      vertex 22.2579 16.81 3
      vertex 22.2579 16.81 0
    endloop
  endfacet
  facet normal -0.98077 0.195165 0
    outer loop
      vertex 25.5421 16.81 0
      vertex 25.5855 17.0281 3
      vertex 25.5855 17.0281 0
    endloop
  endfacet
  facet normal -0.98077 0.195165 0
    outer loop
      vertex 25.5855 17.0281 3
      vertex 25.5421 16.81 0
      vertex 25.5421 16.81 3
    endloop
  endfacet
  facet normal 0.896754 0.44253 0
    outer loop
      vertex 22.4278 16.4 3
      vertex 22.3294 16.5994 0
      vertex 22.3294 16.5994 3
    endloop
  endfacet
  facet normal 0.896754 0.44253 0
    outer loop
      vertex 22.3294 16.5994 0
      vertex 22.4278 16.4 3
      vertex 22.4278 16.4 0
    endloop
  endfacet
  facet normal -0.946915 0.321484 0
    outer loop
      vertex 25.4706 16.5994 0
      vertex 25.5421 16.81 3
      vertex 25.5421 16.81 0
    endloop
  endfacet
  facet normal -0.946915 0.321484 0
    outer loop
      vertex 25.5421 16.81 3
      vertex 25.4706 16.5994 0
      vertex 25.4706 16.5994 3
    endloop
  endfacet
  facet normal 0.946915 0.321484 0
    outer loop
      vertex 22.3294 16.5994 3
      vertex 22.2579 16.81 0
      vertex 22.2579 16.81 3
    endloop
  endfacet
  facet normal 0.946915 0.321484 0
    outer loop
      vertex 22.2579 16.81 0
      vertex 22.3294 16.5994 3
      vertex 22.3294 16.5994 0
    endloop
  endfacet
  facet normal -0.751908 -0.659268 0
    outer loop
      vertex 25.2487 18.2849 0
      vertex 25.1021 18.4521 3
      vertex 25.1021 18.4521 0
    endloop
  endfacet
  facet normal -0.751908 -0.659268 0
    outer loop
      vertex 25.1021 18.4521 3
      vertex 25.2487 18.2849 0
      vertex 25.2487 18.2849 3
    endloop
  endfacet
  facet normal 0.44253 -0.896754 0
    outer loop
      vertex 23.05 18.7222 0
      vertex 23.2494 18.8206 3
      vertex 23.05 18.7222 3
    endloop
  endfacet
  facet normal 0.44253 -0.896754 0
    outer loop
      vertex 23.2494 18.8206 3
      vertex 23.05 18.7222 0
      vertex 23.2494 18.8206 0
    endloop
  endfacet
  facet normal -0.946915 -0.321484 0
    outer loop
      vertex 25.5421 17.69 0
      vertex 25.4706 17.9006 3
      vertex 25.4706 17.9006 0
    endloop
  endfacet
  facet normal -0.946915 -0.321484 0
    outer loop
      vertex 25.4706 17.9006 3
      vertex 25.5421 17.69 0
      vertex 25.5421 17.69 3
    endloop
  endfacet
  facet normal 0.555426 0.831566 -0
    outer loop
      vertex 23.05 15.7778 0
      vertex 22.8651 15.9013 3
      vertex 23.05 15.7778 3
    endloop
  endfacet
  facet normal 0.555426 0.831566 0
    outer loop
      vertex 22.8651 15.9013 3
      vertex 23.05 15.7778 0
      vertex 22.8651 15.9013 0
    endloop
  endfacet
  facet normal 0.659268 0.751908 -0
    outer loop
      vertex 22.8651 15.9013 0
      vertex 22.6979 16.0479 3
      vertex 22.8651 15.9013 3
    endloop
  endfacet
  facet normal 0.659268 0.751908 0
    outer loop
      vertex 22.6979 16.0479 3
      vertex 22.8651 15.9013 0
      vertex 22.6979 16.0479 0
    endloop
  endfacet
  facet normal 0.44253 0.896754 -0
    outer loop
      vertex 23.2494 15.6794 0
      vertex 23.05 15.7778 3
      vertex 23.2494 15.6794 3
    endloop
  endfacet
  facet normal 0.44253 0.896754 0
    outer loop
      vertex 23.05 15.7778 3
      vertex 23.2494 15.6794 0
      vertex 23.05 15.7778 0
    endloop
  endfacet
  facet normal 0.751908 0.659268 0
    outer loop
      vertex 22.6979 16.0479 3
      vertex 22.5513 16.2151 0
      vertex 22.5513 16.2151 3
    endloop
  endfacet
  facet normal 0.751908 0.659268 0
    outer loop
      vertex 22.5513 16.2151 0
      vertex 22.6979 16.0479 3
      vertex 22.6979 16.0479 0
    endloop
  endfacet
  facet normal 0.321484 0.946915 -0
    outer loop
      vertex 23.46 15.6079 0
      vertex 23.2494 15.6794 3
      vertex 23.46 15.6079 3
    endloop
  endfacet
  facet normal 0.321484 0.946915 0
    outer loop
      vertex 23.2494 15.6794 3
      vertex 23.46 15.6079 0
      vertex 23.2494 15.6794 0
    endloop
  endfacet
  facet normal 0.997872 -0.0652057 0
    outer loop
      vertex 22.2 17.25 3
      vertex 22.2145 17.4719 0
      vertex 22.2145 17.4719 3
    endloop
  endfacet
  facet normal 0.997872 -0.0652057 0
    outer loop
      vertex 22.2145 17.4719 0
      vertex 22.2 17.25 3
      vertex 22.2 17.25 0
    endloop
  endfacet
  facet normal 0.946915 -0.321484 0
    outer loop
      vertex 22.2579 17.69 3
      vertex 22.3294 17.9006 0
      vertex 22.3294 17.9006 3
    endloop
  endfacet
  facet normal 0.946915 -0.321484 0
    outer loop
      vertex 22.3294 17.9006 0
      vertex 22.2579 17.69 3
      vertex 22.2579 17.69 0
    endloop
  endfacet
  facet normal -0.659268 0.751908 0
    outer loop
      vertex 25.1021 16.0479 0
      vertex 24.9349 15.9013 3
      vertex 25.1021 16.0479 3
    endloop
  endfacet
  facet normal -0.659268 0.751908 0
    outer loop
      vertex 24.9349 15.9013 3
      vertex 25.1021 16.0479 0
      vertex 24.9349 15.9013 0
    endloop
  endfacet
  facet normal -1 0 0
    outer loop
      vertex 16.85 -3 3
      vertex 16.85 -6.25 3
      vertex 16.85 -3 12
    endloop
  endfacet
  facet normal -1 0 0
    outer loop
      vertex 16.85 3 12
      vertex 16.85 6.25 3
      vertex 16.85 3 3
    endloop
  endfacet
  facet normal -1 0 0
    outer loop
      vertex 16.85 6.25 3
      vertex 16.85 3 12
      vertex 16.85 6.25 19.9
    endloop
  endfacet
  facet normal -1 0 0
    outer loop
      vertex 16.85 -3 12
      vertex 16.85 6.25 19.9
      vertex 16.85 3 12
    endloop
  endfacet
  facet normal -1 0 0
    outer loop
      vertex 16.85 -3 12
      vertex 16.85 -6.25 19.9
      vertex 16.85 6.25 19.9
    endloop
  endfacet
  facet normal -1 0 0
    outer loop
      vertex 16.85 -6.25 19.9
      vertex 16.85 -3 12
      vertex 16.85 -6.25 3
    endloop
  endfacet
  facet normal 1 0 0
    outer loop
      vertex -6.15 6.25 19.9
      vertex -6.15 3 12
      vertex -6.15 6.25 3
    endloop
  endfacet
  facet normal 1 0 0
    outer loop
      vertex -6.15 6.25 19.9
      vertex -6.15 -3 12
      vertex -6.15 3 12
    endloop
  endfacet
  facet normal 1 -0 0
    outer loop
      vertex -6.15 -6.25 19.9
      vertex -6.15 -3 12
      vertex -6.15 6.25 19.9
    endloop
  endfacet
  facet normal 1 0 0
    outer loop
      vertex -6.15 -6.25 3
      vertex -6.15 -3 12
      vertex -6.15 -6.25 19.9
    endloop
  endfacet
  facet normal 1 0 0
    outer loop
      vertex -6.15 -3 12
      vertex -6.15 -6.25 3
      vertex -6.15 -3 3
    endloop
  endfacet
  facet normal 1 0 0
    outer loop
      vertex -6.15 6.25 3
      vertex -6.15 3 12
      vertex -6.15 3 3
    endloop
  endfacet
  facet normal 0 -1 0
    outer loop
      vertex -6.15 6.25 3
      vertex 16.85 6.25 19.9
      vertex -6.15 6.25 19.9
    endloop
  endfacet
  facet normal 0 -1 -0
    outer loop
      vertex 16.85 6.25 19.9
      vertex -6.15 6.25 3
      vertex 16.85 6.25 3
    endloop
  endfacet
  facet normal 0 1 -0
    outer loop
      vertex 16.85 -6.25 3
      vertex -6.15 -6.25 19.9
      vertex 16.85 -6.25 19.9
    endloop
  endfacet
  facet normal 0 1 0
    outer loop
      vertex -6.15 -6.25 19.9
      vertex 16.85 -6.25 3
      vertex -6.15 -6.25 3
    endloop
  endfacet
endsolid OpenSCAD_Model
