solid OpenSCAD_Model
  facet normal 0 0 -1
    outer loop
      vertex 25.75 -24.5 0
      vertex 28.75 -12 0
      vertex 28.75 -21.5 0
    endloop
  endfacet
  facet normal 0 0 -1
    outer loop
      vertex 25.75 -24.5 0
      vertex 28.75 -21.5 0
      vertex 28.7243 -21.8916 0
    endloop
  endfacet
  facet normal 0 0 -1
    outer loop
      vertex 25.75 -24.5 0
      vertex 28.7243 -21.8916 0
      vertex 28.6478 -22.2765 0
    endloop
  endfacet
  facet normal 0 0 -1
    outer loop
      vertex 25.75 -24.5 0
      vertex 28.6478 -22.2765 0
      vertex 28.5216 -22.6481 0
    endloop
  endfacet
  facet normal 0 -0 -1
    outer loop
      vertex 16.2299 -0.306732 0
      vertex 28.75 -12 0
      vertex 16.1699 -0.608215 0
    endloop
  endfacet
  facet normal 0 0 -1
    outer loop
      vertex 25.75 -24.5 0
      vertex 28.5216 -22.6481 0
      vertex 28.3481 -23 0
    endloop
  endfacet
  facet normal 0 -0 -1
    outer loop
      vertex 16.25 0 0
      vertex 28.75 -12 0
      vertex 16.2299 -0.306732 0
    endloop
  endfacet
  facet normal 0 0 -1
    outer loop
      vertex 25.75 -24.5 0
      vertex 28.3481 -23 0
      vertex 28.1301 -23.3263 0
    endloop
  endfacet
  facet normal 0 -0 -1
    outer loop
      vertex 28.496 12 0
      vertex 28.75 -12 0
      vertex 16.25 0 0
    endloop
  endfacet
  facet normal 0 0 -1
    outer loop
      vertex 25.75 -24.5 0
      vertex 28.1301 -23.3263 0
      vertex 27.8713 -23.6213 0
    endloop
  endfacet
  facet normal 0 0 -1
    outer loop
      vertex 28.75 -12 0
      vertex 28.496 12 0
      vertex 28.75 12 0
    endloop
  endfacet
  facet normal 0 0 -1
    outer loop
      vertex 25.75 -24.5 0
      vertex 27.8713 -23.6213 0
      vertex 27.5763 -23.8801 0
    endloop
  endfacet
  facet normal 0 0 -1
    outer loop
      vertex 16.2299 0.306732 0
      vertex 28.496 12 0
      vertex 16.25 0 0
    endloop
  endfacet
  facet normal 0 0 -1
    outer loop
      vertex 25.75 -24.5 0
      vertex 27.5763 -23.8801 0
      vertex 27.25 -24.0981 0
    endloop
  endfacet
  facet normal 0 0 -1
    outer loop
      vertex 16.1699 0.608215 0
      vertex 28.496 12 0
      vertex 16.2299 0.306732 0
    endloop
  endfacet
  facet normal 0 0 -1
    outer loop
      vertex 25.75 -24.5 0
      vertex 27.25 -24.0981 0
      vertex 26.898 -24.2716 0
    endloop
  endfacet
  facet normal 0 0 -1
    outer loop
      vertex 16.0711 0.899292 0
      vertex 28.496 12 0
      vertex 16.1699 0.608215 0
    endloop
  endfacet
  facet normal 0 0 -1
    outer loop
      vertex 25.75 -24.5 0
      vertex 26.898 -24.2716 0
      vertex 26.5265 -24.3978 0
    endloop
  endfacet
  facet normal 0 0 -1
    outer loop
      vertex 15.9352 1.17499 0
      vertex 28.496 12 0
      vertex 16.0711 0.899292 0
    endloop
  endfacet
  facet normal 0 0 -1
    outer loop
      vertex 25.75 -24.5 0
      vertex 26.5265 -24.3978 0
      vertex 26.1416 -24.4743 0
    endloop
  endfacet
  facet normal 0 0 -1
    outer loop
      vertex 15.7644 1.43059 0
      vertex 28.496 12 0
      vertex 15.9352 1.17499 0
    endloop
  endfacet
  facet normal 0 0 -1
    outer loop
      vertex 14.2067 -2.3299 0
      vertex 28.75 -12 0
      vertex 25.75 -24.5 0
    endloop
  endfacet
  facet normal 0 0 -1
    outer loop
      vertex 28.496 12 0
      vertex 25.75 13.8 0
      vertex 28.3481 12.3 0
    endloop
  endfacet
  facet normal 0 0 -1
    outer loop
      vertex 28.3481 12.3 0
      vertex 25.75 13.8 0
      vertex 28.1301 12.6263 0
    endloop
  endfacet
  facet normal 0 0 -1
    outer loop
      vertex 27.5763 13.1801 0
      vertex 25.75 13.8 0
      vertex 27.25 13.3981 0
    endloop
  endfacet
  facet normal 0 0 -1
    outer loop
      vertex 28.1301 12.6263 0
      vertex 25.75 13.8 0
      vertex 27.8713 12.9213 0
    endloop
  endfacet
  facet normal 0 0 -1
    outer loop
      vertex 28.75 -12 0
      vertex 16.0711 -0.899292 0
      vertex 16.1699 -0.608215 0
    endloop
  endfacet
  facet normal 0 0 -1
    outer loop
      vertex 28.75 -12 0
      vertex 15.9352 -1.17499 0
      vertex 16.0711 -0.899292 0
    endloop
  endfacet
  facet normal 0 0 -1
    outer loop
      vertex 28.75 -12 0
      vertex 15.7644 -1.43059 0
      vertex 15.9352 -1.17499 0
    endloop
  endfacet
  facet normal 0 0 -1
    outer loop
      vertex 28.75 -12 0
      vertex 15.5617 -1.6617 0
      vertex 15.7644 -1.43059 0
    endloop
  endfacet
  facet normal 0 0 -1
    outer loop
      vertex 28.75 -12 0
      vertex 15.3306 -1.86438 0
      vertex 15.5617 -1.6617 0
    endloop
  endfacet
  facet normal 0 0 -1
    outer loop
      vertex 28.75 -12 0
      vertex 15.075 -2.03516 0
      vertex 15.3306 -1.86438 0
    endloop
  endfacet
  facet normal 0 0 -1
    outer loop
      vertex 28.75 -12 0
      vertex 14.7993 -2.17111 0
      vertex 15.075 -2.03516 0
    endloop
  endfacet
  facet normal 0 0 -1
    outer loop
      vertex 28.75 -12 0
      vertex 14.5082 -2.26991 0
      vertex 14.7993 -2.17111 0
    endloop
  endfacet
  facet normal 0 0 -1
    outer loop
      vertex 28.75 -12 0
      vertex 14.2067 -2.3299 0
      vertex 14.5082 -2.26991 0
    endloop
  endfacet
  facet normal 0 0 -1
    outer loop
      vertex 25.75 -24.5 0
      vertex 0.515578 -3.91621 0
      vertex 14.2067 -2.3299 0
    endloop
  endfacet
  facet normal 0 0 -1
    outer loop
      vertex 25.75 -24.5 0
      vertex 0 -3.95 0
      vertex 0.515578 -3.91621 0
    endloop
  endfacet
  facet normal 0 0 -1
    outer loop
      vertex 25.75 -24.5 0
      vertex -0.515578 -3.91621 0
      vertex 0 -3.95 0
    endloop
  endfacet
  facet normal 0 0 -1
    outer loop
      vertex -34.85 -24.5 0
      vertex -0.515578 -3.91621 0
      vertex 25.75 -24.5 0
    endloop
  endfacet
  facet normal -0 0 -1
    outer loop
      vertex -0.515578 -3.91621 0
      vertex -34.85 -24.5 0
      vertex -14.2067 -2.3299 0
    endloop
  endfacet
  facet normal -0 0 -1
    outer loop
      vertex -14.2067 -2.3299 0
      vertex -34.85 -24.5 0
      vertex -14.5082 -2.26991 0
    endloop
  endfacet
  facet normal -0 0 -1
    outer loop
      vertex -14.5082 -2.26991 0
      vertex -34.85 -24.5 0
      vertex -14.7993 -2.17111 0
    endloop
  endfacet
  facet normal 0 0 -1
    outer loop
      vertex -16.1699 -0.608215 0
      vertex -34.85 13.8 0
      vertex -16.2299 -0.306732 0
    endloop
  endfacet
  facet normal 0 0 -1
    outer loop
      vertex -34.85 13.8 0
      vertex -16.1699 -0.608215 0
      vertex -34.85 -24.5 0
    endloop
  endfacet
  facet normal -0 0 -1
    outer loop
      vertex -16.0711 -0.899292 0
      vertex -34.85 -24.5 0
      vertex -16.1699 -0.608215 0
    endloop
  endfacet
  facet normal -0 0 -1
    outer loop
      vertex -15.9352 -1.17499 0
      vertex -34.85 -24.5 0
      vertex -16.0711 -0.899292 0
    endloop
  endfacet
  facet normal -0 0 -1
    outer loop
      vertex -15.7644 -1.43059 0
      vertex -34.85 -24.5 0
      vertex -15.9352 -1.17499 0
    endloop
  endfacet
  facet normal -0 0 -1
    outer loop
      vertex -15.5617 -1.6617 0
      vertex -34.85 -24.5 0
      vertex -15.7644 -1.43059 0
    endloop
  endfacet
  facet normal -0 0 -1
    outer loop
      vertex -15.3306 -1.86438 0
      vertex -34.85 -24.5 0
      vertex -15.5617 -1.6617 0
    endloop
  endfacet
  facet normal -0 0 -1
    outer loop
      vertex -15.075 -2.03516 0
      vertex -34.85 -24.5 0
      vertex -15.3306 -1.86438 0
    endloop
  endfacet
  facet normal -0 0 -1
    outer loop
      vertex -14.7993 -2.17111 0
      vertex -34.85 -24.5 0
      vertex -15.075 -2.03516 0
    endloop
  endfacet
  facet normal 0 0 -1
    outer loop
      vertex 27.25 13.3981 0
      vertex 25.75 13.8 0
      vertex 26.898 13.5716 0
    endloop
  endfacet
  facet normal 0 0 -1
    outer loop
      vertex 26.898 13.5716 0
      vertex 25.75 13.8 0
      vertex 26.5265 13.6978 0
    endloop
  endfacet
  facet normal 0 0 -1
    outer loop
      vertex 26.5265 13.6978 0
      vertex 25.75 13.8 0
      vertex 26.1416 13.7743 0
    endloop
  endfacet
  facet normal 0 0 -1
    outer loop
      vertex 27.8713 12.9213 0
      vertex 25.75 13.8 0
      vertex 27.5763 13.1801 0
    endloop
  endfacet
  facet normal -0 0 -1
    outer loop
      vertex 28.496 12 0
      vertex 15.7644 1.43059 0
      vertex 25.75 13.8 0
    endloop
  endfacet
  facet normal 0 0 -1
    outer loop
      vertex 15.5617 1.6617 0
      vertex 25.75 13.8 0
      vertex 15.7644 1.43059 0
    endloop
  endfacet
  facet normal 0 0 -1
    outer loop
      vertex 15.3306 1.86438 0
      vertex 25.75 13.8 0
      vertex 15.5617 1.6617 0
    endloop
  endfacet
  facet normal 0 0 -1
    outer loop
      vertex 15.075 2.03516 0
      vertex 25.75 13.8 0
      vertex 15.3306 1.86438 0
    endloop
  endfacet
  facet normal 0 0 -1
    outer loop
      vertex 14.7993 2.17111 0
      vertex 25.75 13.8 0
      vertex 15.075 2.03516 0
    endloop
  endfacet
  facet normal 0 0 -1
    outer loop
      vertex 14.5082 2.26991 0
      vertex 25.75 13.8 0
      vertex 14.7993 2.17111 0
    endloop
  endfacet
  facet normal 0 0 -1
    outer loop
      vertex 14.2067 2.3299 0
      vertex 25.75 13.8 0
      vertex 14.5082 2.26991 0
    endloop
  endfacet
  facet normal 0 0 -1
    outer loop
      vertex 0.515578 3.91621 0
      vertex 25.75 13.8 0
      vertex 14.2067 2.3299 0
    endloop
  endfacet
  facet normal 0 0 -1
    outer loop
      vertex 0 3.95 0
      vertex 25.75 13.8 0
      vertex 0.515578 3.91621 0
    endloop
  endfacet
  facet normal 0 0 -1
    outer loop
      vertex -0.515578 3.91621 0
      vertex 25.75 13.8 0
      vertex 0 3.95 0
    endloop
  endfacet
  facet normal 0 0 -1
    outer loop
      vertex -34.85 13.8 0
      vertex -0.515578 3.91621 0
      vertex -14.2067 2.3299 0
    endloop
  endfacet
  facet normal 0 0 -1
    outer loop
      vertex -34.85 13.8 0
      vertex -14.2067 2.3299 0
      vertex -14.5082 2.26991 0
    endloop
  endfacet
  facet normal 0 0 -1
    outer loop
      vertex -16.2299 -0.306732 0
      vertex -34.85 13.8 0
      vertex -16.25 0 0
    endloop
  endfacet
  facet normal 0 0 -1
    outer loop
      vertex -16.25 0 0
      vertex -34.85 13.8 0
      vertex -16.2299 0.306732 0
    endloop
  endfacet
  facet normal 0 0 -1
    outer loop
      vertex -16.2299 0.306732 0
      vertex -34.85 13.8 0
      vertex -16.1699 0.608215 0
    endloop
  endfacet
  facet normal 0 0 -1
    outer loop
      vertex -16.1699 0.608215 0
      vertex -34.85 13.8 0
      vertex -16.0711 0.899292 0
    endloop
  endfacet
  facet normal 0 0 -1
    outer loop
      vertex -16.0711 0.899292 0
      vertex -34.85 13.8 0
      vertex -15.9352 1.17499 0
    endloop
  endfacet
  facet normal 0 0 -1
    outer loop
      vertex -0.515578 3.91621 0
      vertex -34.85 13.8 0
      vertex 25.75 13.8 0
    endloop
  endfacet
  facet normal 0 0 -1
    outer loop
      vertex -14.7993 2.17111 0
      vertex -34.85 13.8 0
      vertex -14.5082 2.26991 0
    endloop
  endfacet
  facet normal 0 0 -1
    outer loop
      vertex -15.075 2.03516 0
      vertex -34.85 13.8 0
      vertex -14.7993 2.17111 0
    endloop
  endfacet
  facet normal 0 0 -1
    outer loop
      vertex -15.3306 1.86438 0
      vertex -34.85 13.8 0
      vertex -15.075 2.03516 0
    endloop
  endfacet
  facet normal 0 0 -1
    outer loop
      vertex -15.5617 1.6617 0
      vertex -34.85 13.8 0
      vertex -15.3306 1.86438 0
    endloop
  endfacet
  facet normal 0 0 -1
    outer loop
      vertex -15.7644 1.43059 0
      vertex -34.85 13.8 0
      vertex -15.5617 1.6617 0
    endloop
  endfacet
  facet normal 0 0 -1
    outer loop
      vertex -15.9352 1.17499 0
      vertex -34.85 13.8 0
      vertex -15.7644 1.43059 0
    endloop
  endfacet
  facet normal 0 1 0
    outer loop
      vertex -20.55 -21.5 4
      vertex -30.55 -21.5 4
      vertex -30.55 -21.5 25.0235
    endloop
  endfacet
  facet normal -1 0 0
    outer loop
      vertex -34.85 9.37104 30.2358
      vertex -34.85 13.8 41.7058
      vertex -34.85 13.8 0
    endloop
  endfacet
  facet normal -1 0 0
    outer loop
      vertex -34.85 13.8 41.7058
      vertex -34.85 9.39273 30.3449
      vertex -34.85 9.4 30.4558
    endloop
  endfacet
  facet normal -1 0 0
    outer loop
      vertex -34.85 13.8 41.7058
      vertex -34.85 9.37104 30.2358
      vertex -34.85 9.39273 30.3449
    endloop
  endfacet
  facet normal -1 0 0
    outer loop
      vertex -34.85 13.8 0
      vertex -34.85 9.3353 30.1306
      vertex -34.85 9.37104 30.2358
    endloop
  endfacet
  facet normal -1 0 0
    outer loop
      vertex -34.85 13.8 0
      vertex -34.85 9.28612 30.0308
      vertex -34.85 9.3353 30.1306
    endloop
  endfacet
  facet normal -1 0 0
    outer loop
      vertex -34.85 13.8 0
      vertex -34.85 9.22435 29.9384
      vertex -34.85 9.28612 30.0308
    endloop
  endfacet
  facet normal -1 0 0
    outer loop
      vertex -34.85 6.15 24.2058
      vertex -34.85 9.22435 29.9384
      vertex -34.85 13.8 0
    endloop
  endfacet
  facet normal -1 0 0
    outer loop
      vertex -34.85 9.22435 29.9384
      vertex -34.85 6.15 24.2058
      vertex -34.85 9.15104 29.8548
    endloop
  endfacet
  facet normal -1 0 0
    outer loop
      vertex -34.85 9.15104 29.8548
      vertex -34.85 6.15 24.2058
      vertex -34.85 9.06745 29.7815
    endloop
  endfacet
  facet normal -1 0 0
    outer loop
      vertex -34.85 9.06745 29.7815
      vertex -34.85 6.15 24.2058
      vertex -34.85 8.975 29.7197
    endloop
  endfacet
  facet normal -1 0 0
    outer loop
      vertex -34.85 8.975 29.7197
      vertex -34.85 6.15 24.2058
      vertex -34.85 8.87528 29.6705
    endloop
  endfacet
  facet normal -1 0 0
    outer loop
      vertex -34.85 8.87528 29.6705
      vertex -34.85 6.15 24.2058
      vertex -34.85 8.77 29.6348
    endloop
  endfacet
  facet normal -1 0 0
    outer loop
      vertex -34.85 8.77 29.6348
      vertex -34.85 6.15 24.2058
      vertex -34.85 8.66095 29.6131
    endloop
  endfacet
  facet normal -1 0 0
    outer loop
      vertex -34.85 8.66095 29.6131
      vertex -34.85 6.15 24.2058
      vertex -34.85 8.55 29.6058
    endloop
  endfacet
  facet normal -1 -0 0
    outer loop
      vertex -34.85 8.55 29.6058
      vertex -34.85 6.15 24.2058
      vertex -34.85 8.43905 29.6131
    endloop
  endfacet
  facet normal -1 -0 0
    outer loop
      vertex -34.85 8.43905 29.6131
      vertex -34.85 6.15 24.2058
      vertex -34.85 8.33 29.6348
    endloop
  endfacet
  facet normal -1 -0 0
    outer loop
      vertex -34.85 8.33 29.6348
      vertex -34.85 6.15 24.2058
      vertex -34.85 8.22472 29.6705
    endloop
  endfacet
  facet normal -1 -0 0
    outer loop
      vertex -34.85 8.22472 29.6705
      vertex -34.85 6.15 24.2058
      vertex -34.85 8.125 29.7197
    endloop
  endfacet
  facet normal -1 -0 0
    outer loop
      vertex -34.85 8.125 29.7197
      vertex -34.85 6.15 24.2058
      vertex -34.85 8.03255 29.7815
    endloop
  endfacet
  facet normal -1 -0 0
    outer loop
      vertex -34.85 8.03255 29.7815
      vertex -34.85 6.15 24.2058
      vertex -34.85 7.94896 29.8548
    endloop
  endfacet
  facet normal -1 -0 0
    outer loop
      vertex -34.85 7.94896 29.8548
      vertex -34.85 6.15 24.2058
      vertex -34.85 7.87565 29.9384
    endloop
  endfacet
  facet normal -1 -0 0
    outer loop
      vertex -34.85 7.87565 29.9384
      vertex -34.85 6.15 24.2058
      vertex -34.85 7.81388 30.0308
    endloop
  endfacet
  facet normal -1 -0 0
    outer loop
      vertex -34.85 7.81388 30.0308
      vertex -34.85 6.15 24.2058
      vertex -34.85 7.7647 30.1306
    endloop
  endfacet
  facet normal -1 -0 0
    outer loop
      vertex -34.85 7.70727 30.3449
      vertex -34.85 6.15 24.2058
      vertex -34.85 7.7 30.4558
    endloop
  endfacet
  facet normal -1 -0 0
    outer loop
      vertex -34.85 7.72896 30.2358
      vertex -34.85 6.15 24.2058
      vertex -34.85 7.70727 30.3449
    endloop
  endfacet
  facet normal -1 -0 0
    outer loop
      vertex -34.85 7.7647 30.1306
      vertex -34.85 6.15 24.2058
      vertex -34.85 7.72896 30.2358
    endloop
  endfacet
  facet normal -1 0 0
    outer loop
      vertex -34.85 13.8 0
      vertex -34.85 -16.85 24.2058
      vertex -34.85 6.15 24.2058
    endloop
  endfacet
  facet normal -1 0 0
    outer loop
      vertex -34.85 -16.85 24.2058
      vertex -34.85 -18.4 30.4558
      vertex -34.85 -16.85 36.7058
    endloop
  endfacet
  facet normal -1 0 0
    outer loop
      vertex -34.85 -16.85 24.2058
      vertex -34.85 -18.4073 30.3449
      vertex -34.85 -18.4 30.4558
    endloop
  endfacet
  facet normal -1 0 0
    outer loop
      vertex -34.85 -16.85 24.2058
      vertex -34.85 -18.429 30.2358
      vertex -34.85 -18.4073 30.3449
    endloop
  endfacet
  facet normal -1 0 0
    outer loop
      vertex -34.85 -16.85 24.2058
      vertex -34.85 -18.4647 30.1306
      vertex -34.85 -18.429 30.2358
    endloop
  endfacet
  facet normal -1 0 0
    outer loop
      vertex -34.85 -16.85 24.2058
      vertex -34.85 -18.5139 30.0308
      vertex -34.85 -18.4647 30.1306
    endloop
  endfacet
  facet normal -1 0 0
    outer loop
      vertex -34.85 -16.85 24.2058
      vertex -34.85 -18.5756 29.9384
      vertex -34.85 -18.5139 30.0308
    endloop
  endfacet
  facet normal -1 0 0
    outer loop
      vertex -34.85 -16.85 24.2058
      vertex -34.85 -18.649 29.8548
      vertex -34.85 -18.5756 29.9384
    endloop
  endfacet
  facet normal -1 0 0
    outer loop
      vertex -34.85 -16.85 24.2058
      vertex -34.85 -18.7326 29.7815
      vertex -34.85 -18.649 29.8548
    endloop
  endfacet
  facet normal -1 0 0
    outer loop
      vertex -34.85 -16.85 24.2058
      vertex -34.85 -18.825 29.7197
      vertex -34.85 -18.7326 29.7815
    endloop
  endfacet
  facet normal -1 0 0
    outer loop
      vertex -34.85 -16.85 24.2058
      vertex -34.85 -18.9247 29.6705
      vertex -34.85 -18.825 29.7197
    endloop
  endfacet
  facet normal -1 0 0
    outer loop
      vertex -34.85 -16.85 24.2058
      vertex -34.85 -19.03 29.6348
      vertex -34.85 -18.9247 29.6705
    endloop
  endfacet
  facet normal -1 0 0
    outer loop
      vertex -34.85 -16.85 24.2058
      vertex -34.85 -19.1391 29.6131
      vertex -34.85 -19.03 29.6348
    endloop
  endfacet
  facet normal -1 0 0
    outer loop
      vertex -34.85 -16.85 24.2058
      vertex -34.85 -19.25 29.6058
      vertex -34.85 -19.1391 29.6131
    endloop
  endfacet
  facet normal -1 0 0
    outer loop
      vertex -34.85 -16.85 24.2058
      vertex -34.85 -19.3609 29.6131
      vertex -34.85 -19.25 29.6058
    endloop
  endfacet
  facet normal -1 0 0
    outer loop
      vertex -34.85 -16.85 24.2058
      vertex -34.85 -19.47 29.6348
      vertex -34.85 -19.3609 29.6131
    endloop
  endfacet
  facet normal -1 0 0
    outer loop
      vertex -34.85 -16.85 24.2058
      vertex -34.85 -19.5753 29.6705
      vertex -34.85 -19.47 29.6348
    endloop
  endfacet
  facet normal -1 0 0
    outer loop
      vertex -34.85 -16.85 24.2058
      vertex -34.85 -19.675 29.7197
      vertex -34.85 -19.5753 29.6705
    endloop
  endfacet
  facet normal -1 0 0
    outer loop
      vertex -34.85 -16.85 24.2058
      vertex -34.85 -19.7674 29.7815
      vertex -34.85 -19.675 29.7197
    endloop
  endfacet
  facet normal -1 0 0
    outer loop
      vertex -34.85 -16.85 24.2058
      vertex -34.85 -19.851 29.8548
      vertex -34.85 -19.7674 29.7815
    endloop
  endfacet
  facet normal -1 0 0
    outer loop
      vertex -34.85 -16.85 24.2058
      vertex -34.85 -19.9244 29.9384
      vertex -34.85 -19.851 29.8548
    endloop
  endfacet
  facet normal -1 0 0
    outer loop
      vertex -34.85 -24.5 0
      vertex -34.85 -19.9244 29.9384
      vertex -34.85 -16.85 24.2058
    endloop
  endfacet
  facet normal -1 0 0
    outer loop
      vertex -34.85 -20.071 30.2358
      vertex -34.85 -24.5 41.7058
      vertex -34.85 -20.0927 30.3449
    endloop
  endfacet
  facet normal -1 0 0
    outer loop
      vertex -34.85 -24.5 41.7058
      vertex -34.85 -20.071 30.2358
      vertex -34.85 -24.5 0
    endloop
  endfacet
  facet normal -1 -0 0
    outer loop
      vertex -34.85 -20.0353 30.1306
      vertex -34.85 -24.5 0
      vertex -34.85 -20.071 30.2358
    endloop
  endfacet
  facet normal -1 -0 0
    outer loop
      vertex -34.85 -19.9861 30.0308
      vertex -34.85 -24.5 0
      vertex -34.85 -20.0353 30.1306
    endloop
  endfacet
  facet normal -1 -0 0
    outer loop
      vertex -34.85 -19.9244 29.9384
      vertex -34.85 -24.5 0
      vertex -34.85 -19.9861 30.0308
    endloop
  endfacet
  facet normal -1 0 0
    outer loop
      vertex -34.85 -24.5 0
      vertex -34.85 -16.85 24.2058
      vertex -34.85 13.8 0
    endloop
  endfacet
  facet normal -1 0 0
    outer loop
      vertex -34.85 9.39273 30.5668
      vertex -34.85 13.8 41.7058
      vertex -34.85 9.4 30.4558
    endloop
  endfacet
  facet normal -1 0 0
    outer loop
      vertex -34.85 9.37104 30.6758
      vertex -34.85 13.8 41.7058
      vertex -34.85 9.39273 30.5668
    endloop
  endfacet
  facet normal -1 0 0
    outer loop
      vertex -34.85 9.3353 30.7811
      vertex -34.85 13.8 41.7058
      vertex -34.85 9.37104 30.6758
    endloop
  endfacet
  facet normal -1 0 0
    outer loop
      vertex -34.85 9.28612 30.8808
      vertex -34.85 13.8 41.7058
      vertex -34.85 9.3353 30.7811
    endloop
  endfacet
  facet normal -1 0 0
    outer loop
      vertex -34.85 9.22435 30.9733
      vertex -34.85 13.8 41.7058
      vertex -34.85 9.28612 30.8808
    endloop
  endfacet
  facet normal -1 0 0
    outer loop
      vertex -34.85 9.15104 31.0569
      vertex -34.85 13.8 41.7058
      vertex -34.85 9.22435 30.9733
    endloop
  endfacet
  facet normal -1 0 0
    outer loop
      vertex -34.85 9.06745 31.1302
      vertex -34.85 13.8 41.7058
      vertex -34.85 9.15104 31.0569
    endloop
  endfacet
  facet normal -1 0 0
    outer loop
      vertex -34.85 8.975 31.192
      vertex -34.85 13.8 41.7058
      vertex -34.85 9.06745 31.1302
    endloop
  endfacet
  facet normal -1 0 0
    outer loop
      vertex -34.85 6.15 36.7058
      vertex -34.85 8.975 31.192
      vertex -34.85 8.87528 31.2411
    endloop
  endfacet
  facet normal -1 0 0
    outer loop
      vertex -34.85 6.15 36.7058
      vertex -34.85 8.87528 31.2411
      vertex -34.85 8.77 31.2769
    endloop
  endfacet
  facet normal -1 0 0
    outer loop
      vertex -34.85 6.15 36.7058
      vertex -34.85 8.77 31.2769
      vertex -34.85 8.66095 31.2986
    endloop
  endfacet
  facet normal -1 0 0
    outer loop
      vertex -34.85 6.15 36.7058
      vertex -34.85 8.66095 31.2986
      vertex -34.85 8.55 31.3058
    endloop
  endfacet
  facet normal -1 0 0
    outer loop
      vertex -34.85 6.15 36.7058
      vertex -34.85 8.55 31.3058
      vertex -34.85 8.43905 31.2986
    endloop
  endfacet
  facet normal -1 0 0
    outer loop
      vertex -34.85 6.15 36.7058
      vertex -34.85 8.43905 31.2986
      vertex -34.85 8.33 31.2769
    endloop
  endfacet
  facet normal -1 0 0
    outer loop
      vertex -34.85 6.15 36.7058
      vertex -34.85 8.33 31.2769
      vertex -34.85 8.22472 31.2411
    endloop
  endfacet
  facet normal -1 0 0
    outer loop
      vertex -34.85 6.15 36.7058
      vertex -34.85 8.22472 31.2411
      vertex -34.85 8.125 31.192
    endloop
  endfacet
  facet normal -1 0 0
    outer loop
      vertex -34.85 6.15 36.7058
      vertex -34.85 8.125 31.192
      vertex -34.85 8.03255 31.1302
    endloop
  endfacet
  facet normal -1 0 0
    outer loop
      vertex -34.85 6.15 36.7058
      vertex -34.85 8.03255 31.1302
      vertex -34.85 7.94896 31.0569
    endloop
  endfacet
  facet normal -1 0 0
    outer loop
      vertex -34.85 6.15 36.7058
      vertex -34.85 7.94896 31.0569
      vertex -34.85 7.87565 30.9733
    endloop
  endfacet
  facet normal -1 0 0
    outer loop
      vertex -34.85 6.15 36.7058
      vertex -34.85 7.87565 30.9733
      vertex -34.85 7.81388 30.8808
    endloop
  endfacet
  facet normal -1 0 0
    outer loop
      vertex -34.85 6.15 36.7058
      vertex -34.85 7.7 30.4558
      vertex -34.85 6.15 24.2058
    endloop
  endfacet
  facet normal -1 0 0
    outer loop
      vertex -34.85 7.7 30.4558
      vertex -34.85 6.15 36.7058
      vertex -34.85 7.70727 30.5668
    endloop
  endfacet
  facet normal -1 0 0
    outer loop
      vertex -34.85 7.70727 30.5668
      vertex -34.85 6.15 36.7058
      vertex -34.85 7.72896 30.6758
    endloop
  endfacet
  facet normal -1 0 0
    outer loop
      vertex -34.85 6.15 36.7058
      vertex -34.85 7.7647 30.7811
      vertex -34.85 7.72896 30.6758
    endloop
  endfacet
  facet normal -1 0 0
    outer loop
      vertex -34.85 6.15 36.7058
      vertex -34.85 7.81388 30.8808
      vertex -34.85 7.7647 30.7811
    endloop
  endfacet
  facet normal -1 0 0
    outer loop
      vertex -34.85 8.975 31.192
      vertex -34.85 6.15 36.7058
      vertex -34.85 13.8 41.7058
    endloop
  endfacet
  facet normal -1 0 0
    outer loop
      vertex -34.85 -16.85 36.7058
      vertex -34.85 13.8 41.7058
      vertex -34.85 6.15 36.7058
    endloop
  endfacet
  facet normal -1 0 0
    outer loop
      vertex -34.85 -18.4073 30.5668
      vertex -34.85 -16.85 36.7058
      vertex -34.85 -18.4 30.4558
    endloop
  endfacet
  facet normal -1 0 0
    outer loop
      vertex -34.85 -18.429 30.6758
      vertex -34.85 -16.85 36.7058
      vertex -34.85 -18.4073 30.5668
    endloop
  endfacet
  facet normal -1 0 0
    outer loop
      vertex -34.85 -18.4647 30.7811
      vertex -34.85 -16.85 36.7058
      vertex -34.85 -18.429 30.6758
    endloop
  endfacet
  facet normal -1 0 0
    outer loop
      vertex -34.85 -18.5139 30.8808
      vertex -34.85 -16.85 36.7058
      vertex -34.85 -18.4647 30.7811
    endloop
  endfacet
  facet normal -1 0 0
    outer loop
      vertex -34.85 -18.5756 30.9733
      vertex -34.85 -16.85 36.7058
      vertex -34.85 -18.5139 30.8808
    endloop
  endfacet
  facet normal -1 0 0
    outer loop
      vertex -34.85 -18.649 31.0569
      vertex -34.85 -16.85 36.7058
      vertex -34.85 -18.5756 30.9733
    endloop
  endfacet
  facet normal -1 0 0
    outer loop
      vertex -34.85 -18.7326 31.1302
      vertex -34.85 -16.85 36.7058
      vertex -34.85 -18.649 31.0569
    endloop
  endfacet
  facet normal -1 0 0
    outer loop
      vertex -34.85 -18.825 31.192
      vertex -34.85 -16.85 36.7058
      vertex -34.85 -18.7326 31.1302
    endloop
  endfacet
  facet normal -1 0 0
    outer loop
      vertex -34.85 -18.9247 31.2411
      vertex -34.85 -16.85 36.7058
      vertex -34.85 -18.825 31.192
    endloop
  endfacet
  facet normal -1 0 0
    outer loop
      vertex -34.85 -19.03 31.2769
      vertex -34.85 -16.85 36.7058
      vertex -34.85 -18.9247 31.2411
    endloop
  endfacet
  facet normal -1 0 0
    outer loop
      vertex -34.85 -19.1391 31.2986
      vertex -34.85 -16.85 36.7058
      vertex -34.85 -19.03 31.2769
    endloop
  endfacet
  facet normal -1 0 0
    outer loop
      vertex -34.85 -19.25 31.3058
      vertex -34.85 -16.85 36.7058
      vertex -34.85 -19.1391 31.2986
    endloop
  endfacet
  facet normal -1 0 0
    outer loop
      vertex -34.85 -19.3609 31.2986
      vertex -34.85 -16.85 36.7058
      vertex -34.85 -19.25 31.3058
    endloop
  endfacet
  facet normal -1 0 0
    outer loop
      vertex -34.85 -19.47 31.2769
      vertex -34.85 -16.85 36.7058
      vertex -34.85 -19.3609 31.2986
    endloop
  endfacet
  facet normal -1 0 0
    outer loop
      vertex -34.85 -19.5753 31.2411
      vertex -34.85 -16.85 36.7058
      vertex -34.85 -19.47 31.2769
    endloop
  endfacet
  facet normal -1 0 0
    outer loop
      vertex -34.85 -19.675 31.192
      vertex -34.85 -16.85 36.7058
      vertex -34.85 -19.5753 31.2411
    endloop
  endfacet
  facet normal -1 0 0
    outer loop
      vertex -34.85 -24.5 41.7058
      vertex -34.85 -19.675 31.192
      vertex -34.85 -19.7674 31.1302
    endloop
  endfacet
  facet normal -1 0 0
    outer loop
      vertex -34.85 -24.5 41.7058
      vertex -34.85 -19.7674 31.1302
      vertex -34.85 -19.851 31.0569
    endloop
  endfacet
  facet normal -1 0 0
    outer loop
      vertex -34.85 -24.5 41.7058
      vertex -34.85 -19.851 31.0569
      vertex -34.85 -19.9244 30.9733
    endloop
  endfacet
  facet normal -1 0 0
    outer loop
      vertex -34.85 -24.5 41.7058
      vertex -34.85 -19.9244 30.9733
      vertex -34.85 -19.9861 30.8808
    endloop
  endfacet
  facet normal -1 0 0
    outer loop
      vertex -34.85 -20.0927 30.3449
      vertex -34.85 -24.5 41.7058
      vertex -34.85 -20.1 30.4558
    endloop
  endfacet
  facet normal -1 0 0
    outer loop
      vertex -34.85 -16.85 36.7058
      vertex -34.85 -24.5 41.7058
      vertex -34.85 13.8 41.7058
    endloop
  endfacet
  facet normal -1 0 0
    outer loop
      vertex -34.85 -19.675 31.192
      vertex -34.85 -24.5 41.7058
      vertex -34.85 -16.85 36.7058
    endloop
  endfacet
  facet normal -1 0 0
    outer loop
      vertex -34.85 -20.0353 30.7811
      vertex -34.85 -24.5 41.7058
      vertex -34.85 -19.9861 30.8808
    endloop
  endfacet
  facet normal -1 0 0
    outer loop
      vertex -34.85 -20.071 30.6758
      vertex -34.85 -24.5 41.7058
      vertex -34.85 -20.0353 30.7811
    endloop
  endfacet
  facet normal -1 0 0
    outer loop
      vertex -34.85 -20.0927 30.5668
      vertex -34.85 -24.5 41.7058
      vertex -34.85 -20.071 30.6758
    endloop
  endfacet
  facet normal -1 0 0
    outer loop
      vertex -34.85 -20.1 30.4558
      vertex -34.85 -24.5 41.7058
      vertex -34.85 -20.0927 30.5668
    endloop
  endfacet
  facet normal 0 -1 0
    outer loop
      vertex -34.85 -24.5 41.7058
      vertex -30.55 -24.5 25.0235
      vertex -30.55 -24.5 41.7058
    endloop
  endfacet
  facet normal 0 -1 0
    outer loop
      vertex -34.85 -24.5 0
      vertex -30.55 -24.5 25.0235
      vertex -34.85 -24.5 41.7058
    endloop
  endfacet
  facet normal 0 -1 0
    outer loop
      vertex -34.85 -24.5 0
      vertex -20.55 -24.5 4
      vertex -30.55 -24.5 25.0235
    endloop
  endfacet
  facet normal 0 -1 0
    outer loop
      vertex 25.75 -24.5 0
      vertex -20.55 -24.5 4
      vertex -34.85 -24.5 0
    endloop
  endfacet
  facet normal 0 -1 0
    outer loop
      vertex -20.55 -24.5 4
      vertex 25.75 -24.5 0
      vertex 25.75 -24.5 4
    endloop
  endfacet
  facet normal 0.903047 -0 0.429542
    outer loop
      vertex -30.55 -24.5 25.0235
      vertex -20.55 -21.5 4
      vertex -30.55 -21.5 25.0235
    endloop
  endfacet
  facet normal 0.903047 0 0.429542
    outer loop
      vertex -20.55 -21.5 4
      vertex -30.55 -24.5 25.0235
      vertex -20.55 -24.5 4
    endloop
  endfacet
  facet normal 0 1 0
    outer loop
      vertex 25.75 13.8 4
      vertex 25.75 13.8 0
      vertex -20.55 13.8 4
    endloop
  endfacet
  facet normal 0 1 -0
    outer loop
      vertex -30.55 13.8 25.0235
      vertex -34.85 13.8 41.7058
      vertex -30.55 13.8 41.7058
    endloop
  endfacet
  facet normal 0 1 0
    outer loop
      vertex -30.55 13.8 25.0235
      vertex -34.85 13.8 0
      vertex -34.85 13.8 41.7058
    endloop
  endfacet
  facet normal 0 1 0
    outer loop
      vertex -20.55 13.8 4
      vertex -34.85 13.8 0
      vertex -30.55 13.8 25.0235
    endloop
  endfacet
  facet normal 0 1 0
    outer loop
      vertex -34.85 13.8 0
      vertex -20.55 13.8 4
      vertex 25.75 13.8 0
    endloop
  endfacet
  facet normal 0 -1 0
    outer loop
      vertex -30.55 10.8 25.0235
      vertex -30.55 10.8 4
      vertex -20.55 10.8 4
    endloop
  endfacet
  facet normal 0.903047 -0 0.429542
    outer loop
      vertex -30.55 10.8 25.0235
      vertex -20.55 13.8 4
      vertex -30.55 13.8 25.0235
    endloop
  endfacet
  facet normal 0.903047 0 0.429542
    outer loop
      vertex -20.55 13.8 4
      vertex -30.55 10.8 25.0235
      vertex -20.55 10.8 4
    endloop
  endfacet
  facet normal 0.980815 -0.19494 0
    outer loop
      vertex 28.6478 -22.2765 4
      vertex 28.7243 -21.8916 0
      vertex 28.7243 -21.8916 4
    endloop
  endfacet
  facet normal 0.980815 -0.19494 0
    outer loop
      vertex 28.7243 -21.8916 0
      vertex 28.6478 -22.2765 4
      vertex 28.6478 -22.2765 0
    endloop
  endfacet
  facet normal 0.44211 0.896961 -0
    outer loop
      vertex 27.25 13.3981 0
      vertex 26.898 13.5716 4
      vertex 27.25 13.3981 4
    endloop
  endfacet
  facet normal 0.44211 0.896961 0
    outer loop
      vertex 26.898 13.5716 4
      vertex 27.25 13.3981 0
      vertex 26.898 13.5716 0
    endloop
  endfacet
  facet normal 0.321651 0.946858 -0
    outer loop
      vertex 26.898 13.5716 0
      vertex 26.5265 13.6978 4
      vertex 26.898 13.5716 4
    endloop
  endfacet
  facet normal 0.321651 0.946858 0
    outer loop
      vertex 26.5265 13.6978 4
      vertex 26.898 13.5716 0
      vertex 26.5265 13.6978 0
    endloop
  endfacet
  facet normal 0.19494 0.980815 -0
    outer loop
      vertex 26.5265 13.6978 0
      vertex 26.1416 13.7743 4
      vertex 26.5265 13.6978 4
    endloop
  endfacet
  facet normal 0.19494 0.980815 0
    outer loop
      vertex 26.1416 13.7743 4
      vertex 26.5265 13.6978 0
      vertex 26.1416 13.7743 0
    endloop
  endfacet
  facet normal 0.831501 -0.555523 0
    outer loop
      vertex 28.1301 -23.3263 4
      vertex 28.3481 -23 0
      vertex 28.3481 -23 4
    endloop
  endfacet
  facet normal 0.831501 -0.555523 0
    outer loop
      vertex 28.3481 -23 0
      vertex 28.1301 -23.3263 4
      vertex 28.1301 -23.3263 0
    endloop
  endfacet
  facet normal 0.831501 0.555523 0
    outer loop
      vertex 28.3481 12.3 4
      vertex 28.1301 12.6263 0
      vertex 28.1301 12.6263 4
    endloop
  endfacet
  facet normal 0.831501 0.555523 0
    outer loop
      vertex 28.1301 12.6263 0
      vertex 28.3481 12.3 4
      vertex 28.3481 12.3 0
    endloop
  endfacet
  facet normal 0.659478 -0.751724 0
    outer loop
      vertex 27.5763 -23.8801 0
      vertex 27.8713 -23.6213 4
      vertex 27.5763 -23.8801 4
    endloop
  endfacet
  facet normal 0.659478 -0.751724 0
    outer loop
      vertex 27.8713 -23.6213 4
      vertex 27.5763 -23.8801 0
      vertex 27.8713 -23.6213 0
    endloop
  endfacet
  facet normal 0.0654873 -0.997853 0
    outer loop
      vertex 25.75 -24.5 0
      vertex 26.1416 -24.4743 4
      vertex 25.75 -24.5 4
    endloop
  endfacet
  facet normal 0.0654873 -0.997853 0
    outer loop
      vertex 26.1416 -24.4743 4
      vertex 25.75 -24.5 0
      vertex 26.1416 -24.4743 0
    endloop
  endfacet
  facet normal 0.555523 -0.831501 0
    outer loop
      vertex 27.25 -24.0981 0
      vertex 27.5763 -23.8801 4
      vertex 27.25 -24.0981 4
    endloop
  endfacet
  facet normal 0.555523 -0.831501 0
    outer loop
      vertex 27.5763 -23.8801 4
      vertex 27.25 -24.0981 0
      vertex 27.5763 -23.8801 0
    endloop
  endfacet
  facet normal 0.321651 -0.946858 0
    outer loop
      vertex 26.5265 -24.3978 0
      vertex 26.898 -24.2716 4
      vertex 26.5265 -24.3978 4
    endloop
  endfacet
  facet normal 0.321651 -0.946858 0
    outer loop
      vertex 26.898 -24.2716 4
      vertex 26.5265 -24.3978 0
      vertex 26.898 -24.2716 0
    endloop
  endfacet
  facet normal 1 -0 0
    outer loop
      vertex 28.75 -21.5 4
      vertex 28.75 -12 0
      vertex 28.75 -12 4
    endloop
  endfacet
  facet normal 1 0 0
    outer loop
      vertex 28.75 -12 0
      vertex 28.75 -21.5 4
      vertex 28.75 -21.5 0
    endloop
  endfacet
  facet normal 0.0654873 0.997853 -0
    outer loop
      vertex 26.1416 13.7743 0
      vertex 25.75 13.8 4
      vertex 26.1416 13.7743 4
    endloop
  endfacet
  facet normal 0.0654873 0.997853 0
    outer loop
      vertex 25.75 13.8 4
      vertex 26.1416 13.7743 0
      vertex 25.75 13.8 0
    endloop
  endfacet
  facet normal 0.896924 0.442184 0
    outer loop
      vertex 28.496 12 4
      vertex 28.3481 12.3 0
      vertex 28.3481 12.3 4
    endloop
  endfacet
  facet normal 0.896924 0.442184 0
    outer loop
      vertex 28.3481 12.3 0
      vertex 28.496 12 4
      vertex 28.496 12 0
    endloop
  endfacet
  facet normal 0 0 1
    outer loop
      vertex -13.0625 -0.2847 4
      vertex -30.55 -21.5 4
      vertex -13.0163 -0.420951 4
    endloop
  endfacet
  facet normal 0 0 1
    outer loop
      vertex -13.0163 -0.420951 4
      vertex -30.55 -21.5 4
      vertex -20.55 -21.5 4
    endloop
  endfacet
  facet normal 0 0 1
    outer loop
      vertex 24.75 12 4
      vertex 28.3481 12.3 4
      vertex 28.1301 12.6263 4
    endloop
  endfacet
  facet normal 0 0 1
    outer loop
      vertex 24.75 12 4
      vertex 28.1301 12.6263 4
      vertex 27.8713 12.9213 4
    endloop
  endfacet
  facet normal 0 0 1
    outer loop
      vertex 24.75 12 4
      vertex 27.8713 12.9213 4
      vertex 27.5763 13.1801 4
    endloop
  endfacet
  facet normal 0 0 1
    outer loop
      vertex 24.75 12 4
      vertex 27.5763 13.1801 4
      vertex 27.25 13.3981 4
    endloop
  endfacet
  facet normal 0 0 1
    outer loop
      vertex 24.75 12 4
      vertex 27.25 13.3981 4
      vertex 26.898 13.5716 4
    endloop
  endfacet
  facet normal 0 0 1
    outer loop
      vertex 24.75 12 4
      vertex 26.898 13.5716 4
      vertex 26.5265 13.6978 4
    endloop
  endfacet
  facet normal 0 0 1
    outer loop
      vertex 24.75 12 4
      vertex 26.5265 13.6978 4
      vertex 26.1416 13.7743 4
    endloop
  endfacet
  facet normal 0 0 1
    outer loop
      vertex 24.75 12 4
      vertex 26.1416 13.7743 4
      vertex 25.75 13.8 4
    endloop
  endfacet
  facet normal 0 0 1
    outer loop
      vertex 28.3481 12.3 4
      vertex 24.75 12 4
      vertex 28.496 12 4
    endloop
  endfacet
  facet normal 0 0 1
    outer loop
      vertex 24.75 12 4
      vertex 13.1 0 4
      vertex 24.75 -12 4
    endloop
  endfacet
  facet normal 0 0 1
    outer loop
      vertex 0.711752 2.6563 4
      vertex 24.75 12 4
      vertex 25.75 13.8 4
    endloop
  endfacet
  facet normal 0 0 1
    outer loop
      vertex 24.75 12 4
      vertex 13.0906 0.143579 4
      vertex 13.1 0 4
    endloop
  endfacet
  facet normal 0 0 1
    outer loop
      vertex 24.75 12 4
      vertex 13.0625 0.2847 4
      vertex 13.0906 0.143579 4
    endloop
  endfacet
  facet normal 0 0 1
    outer loop
      vertex 24.75 12 4
      vertex 13.0163 0.420951 4
      vertex 13.0625 0.2847 4
    endloop
  endfacet
  facet normal 0 0 1
    outer loop
      vertex 24.75 12 4
      vertex 12.9526 0.549999 4
      vertex 13.0163 0.420951 4
    endloop
  endfacet
  facet normal 0 0 1
    outer loop
      vertex 24.75 12 4
      vertex 12.8727 0.669637 4
      vertex 12.9526 0.549999 4
    endloop
  endfacet
  facet normal 0 0 1
    outer loop
      vertex 24.75 12 4
      vertex 12.7778 0.777817 4
      vertex 12.8727 0.669637 4
    endloop
  endfacet
  facet normal 0 0 1
    outer loop
      vertex 24.75 12 4
      vertex 12.6696 0.872688 4
      vertex 12.7778 0.777817 4
    endloop
  endfacet
  facet normal 0 0 1
    outer loop
      vertex 24.75 12 4
      vertex 12.55 0.952627 4
      vertex 12.6696 0.872688 4
    endloop
  endfacet
  facet normal 0 0 1
    outer loop
      vertex 24.75 12 4
      vertex 12.421 1.01627 4
      vertex 12.55 0.952627 4
    endloop
  endfacet
  facet normal 0 0 1
    outer loop
      vertex 24.75 12 4
      vertex 12.2847 1.06252 4
      vertex 12.421 1.01627 4
    endloop
  endfacet
  facet normal 0 0 1
    outer loop
      vertex 24.75 12 4
      vertex 12.1436 1.09059 4
      vertex 12.2847 1.06252 4
    endloop
  endfacet
  facet normal 0 0 1
    outer loop
      vertex 24.75 12 4
      vertex 12 1.1 4
      vertex 12.1436 1.09059 4
    endloop
  endfacet
  facet normal 0 0 1
    outer loop
      vertex 24.75 12 4
      vertex 11.8564 1.09059 4
      vertex 12 1.1 4
    endloop
  endfacet
  facet normal 0 0 1
    outer loop
      vertex 24.75 12 4
      vertex 8.14358 1.09059 4
      vertex 11.8564 1.09059 4
    endloop
  endfacet
  facet normal 0 0 1
    outer loop
      vertex 11.8564 1.09059 4
      vertex 8.14358 1.09059 4
      vertex 11.7153 1.06252 4
    endloop
  endfacet
  facet normal 0 -0 1
    outer loop
      vertex 8.2847 1.06252 4
      vertex 11.7153 1.06252 4
      vertex 8.14358 1.09059 4
    endloop
  endfacet
  facet normal 0 0 1
    outer loop
      vertex 11.7153 1.06252 4
      vertex 8.2847 1.06252 4
      vertex 11.579 1.01627 4
    endloop
  endfacet
  facet normal 0 -0 1
    outer loop
      vertex 8.42095 1.01627 4
      vertex 11.579 1.01627 4
      vertex 8.2847 1.06252 4
    endloop
  endfacet
  facet normal 0 0 1
    outer loop
      vertex 10.9094 0.143579 4
      vertex 9.1 0 4
      vertex 10.9 0 4
    endloop
  endfacet
  facet normal 0 0 1
    outer loop
      vertex 9.09059 0.143579 4
      vertex 10.9094 0.143579 4
      vertex 10.9375 0.2847 4
    endloop
  endfacet
  facet normal 0 0 1
    outer loop
      vertex 9.06252 0.2847 4
      vertex 10.9375 0.2847 4
      vertex 10.9837 0.420951 4
    endloop
  endfacet
  facet normal 0 0 1
    outer loop
      vertex 9.01627 0.420951 4
      vertex 10.9837 0.420951 4
      vertex 11.0474 0.549999 4
    endloop
  endfacet
  facet normal 0 0 1
    outer loop
      vertex 8.95263 0.549999 4
      vertex 11.0474 0.549999 4
      vertex 11.1273 0.669637 4
    endloop
  endfacet
  facet normal 0 0 1
    outer loop
      vertex 8.87269 0.669637 4
      vertex 11.1273 0.669637 4
      vertex 11.2222 0.777817 4
    endloop
  endfacet
  facet normal 0 -0 1
    outer loop
      vertex 8.55 0.952627 4
      vertex 11.45 0.952627 4
      vertex 8.42095 1.01627 4
    endloop
  endfacet
  facet normal 0 0 1
    outer loop
      vertex 10.9094 0.143579 4
      vertex 9.09059 0.143579 4
      vertex 9.1 0 4
    endloop
  endfacet
  facet normal 0 0 1
    outer loop
      vertex 10.9375 0.2847 4
      vertex 9.06252 0.2847 4
      vertex 9.09059 0.143579 4
    endloop
  endfacet
  facet normal 0 0 1
    outer loop
      vertex 10.9837 0.420951 4
      vertex 9.01627 0.420951 4
      vertex 9.06252 0.2847 4
    endloop
  endfacet
  facet normal 0 0 1
    outer loop
      vertex 11.0474 0.549999 4
      vertex 8.95263 0.549999 4
      vertex 9.01627 0.420951 4
    endloop
  endfacet
  facet normal 0 0 1
    outer loop
      vertex 11.1273 0.669637 4
      vertex 8.87269 0.669637 4
      vertex 8.95263 0.549999 4
    endloop
  endfacet
  facet normal 0 0 1
    outer loop
      vertex 11.2222 0.777817 4
      vertex 8.77782 0.777817 4
      vertex 8.87269 0.669637 4
    endloop
  endfacet
  facet normal 0 0 1
    outer loop
      vertex 11.2222 0.777817 4
      vertex 8.66964 0.872688 4
      vertex 8.77782 0.777817 4
    endloop
  endfacet
  facet normal 0 0 1
    outer loop
      vertex 11.3304 0.872688 4
      vertex 8.66964 0.872688 4
      vertex 11.2222 0.777817 4
    endloop
  endfacet
  facet normal 0 -0 1
    outer loop
      vertex 8.66964 0.872688 4
      vertex 11.3304 0.872688 4
      vertex 8.55 0.952627 4
    endloop
  endfacet
  facet normal 0 0 1
    outer loop
      vertex 11.45 0.952627 4
      vertex 8.55 0.952627 4
      vertex 11.3304 0.872688 4
    endloop
  endfacet
  facet normal 0 0 1
    outer loop
      vertex 11.579 1.01627 4
      vertex 8.42095 1.01627 4
      vertex 11.45 0.952627 4
    endloop
  endfacet
  facet normal 0 0 1
    outer loop
      vertex 24.75 12 4
      vertex 8 1.1 4
      vertex 8.14358 1.09059 4
    endloop
  endfacet
  facet normal 0 0 1
    outer loop
      vertex 24.75 12 4
      vertex 1.05238 2.54067 4
      vertex 8 1.1 4
    endloop
  endfacet
  facet normal 0 0 1
    outer loop
      vertex 8 1.1 4
      vertex 1.05238 2.54067 4
      vertex 7.85642 1.09059 4
    endloop
  endfacet
  facet normal -0 -0 1
    outer loop
      vertex 1.375 2.38157 4
      vertex 7.85642 1.09059 4
      vertex 1.05238 2.54067 4
    endloop
  endfacet
  facet normal 0 0 1
    outer loop
      vertex 7.85642 1.09059 4
      vertex 1.375 2.38157 4
      vertex 7.7153 1.06252 4
    endloop
  endfacet
  facet normal -0 -0 1
    outer loop
      vertex 1.67409 2.18172 4
      vertex 7.7153 1.06252 4
      vertex 1.375 2.38157 4
    endloop
  endfacet
  facet normal 0 0 1
    outer loop
      vertex 6.90941 0.143579 4
      vertex 2.75 0 4
      vertex 6.9 0 4
    endloop
  endfacet
  facet normal 0 0 1
    outer loop
      vertex 2.72647 0.358947 4
      vertex 6.90941 0.143579 4
      vertex 6.93748 0.2847 4
    endloop
  endfacet
  facet normal 0 0 1
    outer loop
      vertex 2.6563 0.711752 4
      vertex 6.93748 0.2847 4
      vertex 6.98373 0.420951 4
    endloop
  endfacet
  facet normal 0 0 1
    outer loop
      vertex 2.6563 0.711752 4
      vertex 6.98373 0.420951 4
      vertex 7.04737 0.549999 4
    endloop
  endfacet
  facet normal 0 0 1
    outer loop
      vertex 2.54067 1.05238 4
      vertex 7.04737 0.549999 4
      vertex 7.12731 0.669637 4
    endloop
  endfacet
  facet normal 0 0 1
    outer loop
      vertex 2.38157 1.375 4
      vertex 7.12731 0.669637 4
      vertex 7.22218 0.777817 4
    endloop
  endfacet
  facet normal 0 0 1
    outer loop
      vertex 2.38157 1.375 4
      vertex 7.22218 0.777817 4
      vertex 7.33036 0.872688 4
    endloop
  endfacet
  facet normal 0 0 1
    outer loop
      vertex 7.7153 1.06252 4
      vertex 1.67409 2.18172 4
      vertex 7.57905 1.01627 4
    endloop
  endfacet
  facet normal 0 0 1
    outer loop
      vertex 6.90941 0.143579 4
      vertex 2.72647 0.358947 4
      vertex 2.75 0 4
    endloop
  endfacet
  facet normal 0 0 1
    outer loop
      vertex 6.93748 0.2847 4
      vertex 2.6563 0.711752 4
      vertex 2.72647 0.358947 4
    endloop
  endfacet
  facet normal 0 0 1
    outer loop
      vertex 7.04737 0.549999 4
      vertex 2.54067 1.05238 4
      vertex 2.6563 0.711752 4
    endloop
  endfacet
  facet normal 0 0 1
    outer loop
      vertex 7.12731 0.669637 4
      vertex 2.38157 1.375 4
      vertex 2.54067 1.05238 4
    endloop
  endfacet
  facet normal 0 0 1
    outer loop
      vertex 7.33036 0.872688 4
      vertex 2.18172 1.67409 4
      vertex 2.38157 1.375 4
    endloop
  endfacet
  facet normal 0 0 1
    outer loop
      vertex 7.45 0.952627 4
      vertex 2.18172 1.67409 4
      vertex 7.33036 0.872688 4
    endloop
  endfacet
  facet normal -0 -0 1
    outer loop
      vertex 2.18172 1.67409 4
      vertex 7.45 0.952627 4
      vertex 1.94454 1.94454 4
    endloop
  endfacet
  facet normal 0 0 1
    outer loop
      vertex 7.57905 1.01627 4
      vertex 1.94454 1.94454 4
      vertex 7.45 0.952627 4
    endloop
  endfacet
  facet normal -0 -0 1
    outer loop
      vertex 1.94454 1.94454 4
      vertex 7.57905 1.01627 4
      vertex 1.67409 2.18172 4
    endloop
  endfacet
  facet normal 0 0 1
    outer loop
      vertex 24.75 12 4
      vertex 0.711752 2.6563 4
      vertex 1.05238 2.54067 4
    endloop
  endfacet
  facet normal 0 0 1
    outer loop
      vertex 25.75 13.8 4
      vertex 0.358947 2.72647 4
      vertex 0.711752 2.6563 4
    endloop
  endfacet
  facet normal -0 0 1
    outer loop
      vertex -20.55 13.8 4
      vertex 0.358947 2.72647 4
      vertex 25.75 13.8 4
    endloop
  endfacet
  facet normal 0 0 1
    outer loop
      vertex 0.358947 2.72647 4
      vertex -20.55 13.8 4
      vertex 0 2.75 4
    endloop
  endfacet
  facet normal 0 0 1
    outer loop
      vertex 0 2.75 4
      vertex -20.55 13.8 4
      vertex -0.358947 2.72647 4
    endloop
  endfacet
  facet normal 0 0 1
    outer loop
      vertex -0.358947 2.72647 4
      vertex -20.55 13.8 4
      vertex -0.711752 2.6563 4
    endloop
  endfacet
  facet normal -0 0 1
    outer loop
      vertex -6.90941 0.143579 4
      vertex -2.75 0 4
      vertex -2.72647 0.358947 4
    endloop
  endfacet
  facet normal 0 0 1
    outer loop
      vertex -6.93748 0.2847 4
      vertex -2.72647 0.358947 4
      vertex -2.6563 0.711752 4
    endloop
  endfacet
  facet normal 0 0 1
    outer loop
      vertex -7.04737 0.549999 4
      vertex -2.6563 0.711752 4
      vertex -2.54067 1.05238 4
    endloop
  endfacet
  facet normal 0 0 1
    outer loop
      vertex -7.12731 0.669637 4
      vertex -2.54067 1.05238 4
      vertex -2.38157 1.375 4
    endloop
  endfacet
  facet normal 0 0 1
    outer loop
      vertex -7.33036 0.872688 4
      vertex -2.38157 1.375 4
      vertex -2.18172 1.67409 4
    endloop
  endfacet
  facet normal 0 0 1
    outer loop
      vertex -7.45 0.952627 4
      vertex -2.18172 1.67409 4
      vertex -1.94454 1.94454 4
    endloop
  endfacet
  facet normal 0 0 1
    outer loop
      vertex -7.57905 1.01627 4
      vertex -1.94454 1.94454 4
      vertex -1.67409 2.18172 4
    endloop
  endfacet
  facet normal 0 0 1
    outer loop
      vertex -7.7153 1.06252 4
      vertex -1.67409 2.18172 4
      vertex -1.375 2.38157 4
    endloop
  endfacet
  facet normal 0 0 1
    outer loop
      vertex -7.85642 1.09059 4
      vertex -1.375 2.38157 4
      vertex -1.05238 2.54067 4
    endloop
  endfacet
  facet normal 0 0 1
    outer loop
      vertex -2.75 0 4
      vertex -6.90941 0.143579 4
      vertex -6.9 0 4
    endloop
  endfacet
  facet normal 0 0 1
    outer loop
      vertex -0.711752 2.6563 4
      vertex -20.55 13.8 4
      vertex -1.05238 2.54067 4
    endloop
  endfacet
  facet normal 0 0 1
    outer loop
      vertex -2.72647 0.358947 4
      vertex -6.93748 0.2847 4
      vertex -6.90941 0.143579 4
    endloop
  endfacet
  facet normal 0 0 1
    outer loop
      vertex -2.6563 0.711752 4
      vertex -6.98373 0.420951 4
      vertex -6.93748 0.2847 4
    endloop
  endfacet
  facet normal 0 0 1
    outer loop
      vertex -2.6563 0.711752 4
      vertex -7.04737 0.549999 4
      vertex -6.98373 0.420951 4
    endloop
  endfacet
  facet normal 0 0 1
    outer loop
      vertex -2.54067 1.05238 4
      vertex -7.12731 0.669637 4
      vertex -7.04737 0.549999 4
    endloop
  endfacet
  facet normal 0 0 1
    outer loop
      vertex -2.38157 1.375 4
      vertex -7.22218 0.777817 4
      vertex -7.12731 0.669637 4
    endloop
  endfacet
  facet normal 0 0 1
    outer loop
      vertex -2.38157 1.375 4
      vertex -7.33036 0.872688 4
      vertex -7.22218 0.777817 4
    endloop
  endfacet
  facet normal 0 0 1
    outer loop
      vertex -2.18172 1.67409 4
      vertex -7.45 0.952627 4
      vertex -7.33036 0.872688 4
    endloop
  endfacet
  facet normal 0 0 1
    outer loop
      vertex -1.94454 1.94454 4
      vertex -7.57905 1.01627 4
      vertex -7.45 0.952627 4
    endloop
  endfacet
  facet normal 0 -0 1
    outer loop
      vertex -7.85642 1.09059 4
      vertex -1.05238 2.54067 4
      vertex -20.55 13.8 4
    endloop
  endfacet
  facet normal 0 0 1
    outer loop
      vertex -1.67409 2.18172 4
      vertex -7.7153 1.06252 4
      vertex -7.57905 1.01627 4
    endloop
  endfacet
  facet normal 0 0 1
    outer loop
      vertex -1.375 2.38157 4
      vertex -7.85642 1.09059 4
      vertex -7.7153 1.06252 4
    endloop
  endfacet
  facet normal 0 0 1
    outer loop
      vertex -7.85642 1.09059 4
      vertex -20.55 13.8 4
      vertex -8 1.1 4
    endloop
  endfacet
  facet normal 0 0 1
    outer loop
      vertex -8 1.1 4
      vertex -20.55 13.8 4
      vertex -8.14358 1.09059 4
    endloop
  endfacet
  facet normal -0 0 1
    outer loop
      vertex -20.55 10.8 4
      vertex -8.14358 1.09059 4
      vertex -20.55 13.8 4
    endloop
  endfacet
  facet normal 0 0 1
    outer loop
      vertex -9.09059 0.143579 4
      vertex -10.9 0 4
      vertex -9.1 0 4
    endloop
  endfacet
  facet normal 0 0 1
    outer loop
      vertex -10.9094 0.143579 4
      vertex -9.09059 0.143579 4
      vertex -9.06252 0.2847 4
    endloop
  endfacet
  facet normal 0 0 1
    outer loop
      vertex -10.9375 0.2847 4
      vertex -9.06252 0.2847 4
      vertex -9.01627 0.420951 4
    endloop
  endfacet
  facet normal 0 0 1
    outer loop
      vertex -10.9837 0.420951 4
      vertex -9.01627 0.420951 4
      vertex -8.95263 0.549999 4
    endloop
  endfacet
  facet normal 0 0 1
    outer loop
      vertex -11.0474 0.549999 4
      vertex -8.95263 0.549999 4
      vertex -8.87269 0.669637 4
    endloop
  endfacet
  facet normal 0 0 1
    outer loop
      vertex -11.1273 0.669637 4
      vertex -8.87269 0.669637 4
      vertex -8.77782 0.777817 4
    endloop
  endfacet
  facet normal 0 0 1
    outer loop
      vertex -11.2222 0.777817 4
      vertex -8.77782 0.777817 4
      vertex -8.66964 0.872688 4
    endloop
  endfacet
  facet normal 0 0 1
    outer loop
      vertex -11.3304 0.872688 4
      vertex -8.66964 0.872688 4
      vertex -8.55 0.952627 4
    endloop
  endfacet
  facet normal 0 0 1
    outer loop
      vertex -11.45 0.952627 4
      vertex -8.55 0.952627 4
      vertex -8.42095 1.01627 4
    endloop
  endfacet
  facet normal 0 0 1
    outer loop
      vertex -9.09059 0.143579 4
      vertex -10.9094 0.143579 4
      vertex -10.9 0 4
    endloop
  endfacet
  facet normal 0 -0 1
    outer loop
      vertex -11.8564 1.09059 4
      vertex -8.14358 1.09059 4
      vertex -20.55 10.8 4
    endloop
  endfacet
  facet normal 0 0 1
    outer loop
      vertex -9.06252 0.2847 4
      vertex -10.9375 0.2847 4
      vertex -10.9094 0.143579 4
    endloop
  endfacet
  facet normal 0 0 1
    outer loop
      vertex -9.01627 0.420951 4
      vertex -10.9837 0.420951 4
      vertex -10.9375 0.2847 4
    endloop
  endfacet
  facet normal 0 0 1
    outer loop
      vertex -8.95263 0.549999 4
      vertex -11.0474 0.549999 4
      vertex -10.9837 0.420951 4
    endloop
  endfacet
  facet normal 0 0 1
    outer loop
      vertex -8.87269 0.669637 4
      vertex -11.1273 0.669637 4
      vertex -11.0474 0.549999 4
    endloop
  endfacet
  facet normal 0 0 1
    outer loop
      vertex -8.77782 0.777817 4
      vertex -11.2222 0.777817 4
      vertex -11.1273 0.669637 4
    endloop
  endfacet
  facet normal 0 0 1
    outer loop
      vertex -8.66964 0.872688 4
      vertex -11.3304 0.872688 4
      vertex -11.2222 0.777817 4
    endloop
  endfacet
  facet normal 0 0 1
    outer loop
      vertex -8.14358 1.09059 4
      vertex -11.8564 1.09059 4
      vertex -8.2847 1.06252 4
    endloop
  endfacet
  facet normal 0 0 1
    outer loop
      vertex -8.55 0.952627 4
      vertex -11.45 0.952627 4
      vertex -11.3304 0.872688 4
    endloop
  endfacet
  facet normal 0 0 1
    outer loop
      vertex -8.42095 1.01627 4
      vertex -11.579 1.01627 4
      vertex -11.45 0.952627 4
    endloop
  endfacet
  facet normal 0 0 1
    outer loop
      vertex -8.42095 1.01627 4
      vertex -11.7153 1.06252 4
      vertex -11.579 1.01627 4
    endloop
  endfacet
  facet normal 0 -0 1
    outer loop
      vertex -11.7153 1.06252 4
      vertex -8.2847 1.06252 4
      vertex -11.8564 1.09059 4
    endloop
  endfacet
  facet normal 0 0 1
    outer loop
      vertex -8.2847 1.06252 4
      vertex -11.7153 1.06252 4
      vertex -8.42095 1.01627 4
    endloop
  endfacet
  facet normal 0 0 1
    outer loop
      vertex -11.8564 1.09059 4
      vertex -20.55 10.8 4
      vertex -12 1.1 4
    endloop
  endfacet
  facet normal 0 0 1
    outer loop
      vertex -13.0625 0.2847 4
      vertex -20.55 10.8 4
      vertex -13.0906 0.143579 4
    endloop
  endfacet
  facet normal 0 0 1
    outer loop
      vertex -13.0163 0.420951 4
      vertex -20.55 10.8 4
      vertex -13.0625 0.2847 4
    endloop
  endfacet
  facet normal 0 0 1
    outer loop
      vertex -12.9526 0.549999 4
      vertex -20.55 10.8 4
      vertex -13.0163 0.420951 4
    endloop
  endfacet
  facet normal 0 0 1
    outer loop
      vertex -12.8727 0.669637 4
      vertex -20.55 10.8 4
      vertex -12.9526 0.549999 4
    endloop
  endfacet
  facet normal 0 0 1
    outer loop
      vertex -12.7778 0.777817 4
      vertex -20.55 10.8 4
      vertex -12.8727 0.669637 4
    endloop
  endfacet
  facet normal 0 0 1
    outer loop
      vertex -12.6696 0.872688 4
      vertex -20.55 10.8 4
      vertex -12.7778 0.777817 4
    endloop
  endfacet
  facet normal 0 0 1
    outer loop
      vertex -12.55 0.952627 4
      vertex -20.55 10.8 4
      vertex -12.6696 0.872688 4
    endloop
  endfacet
  facet normal 0 0 1
    outer loop
      vertex -12.421 1.01627 4
      vertex -20.55 10.8 4
      vertex -12.55 0.952627 4
    endloop
  endfacet
  facet normal 0 0 1
    outer loop
      vertex -12.2847 1.06252 4
      vertex -20.55 10.8 4
      vertex -12.421 1.01627 4
    endloop
  endfacet
  facet normal 0 0 1
    outer loop
      vertex -12.1436 1.09059 4
      vertex -20.55 10.8 4
      vertex -12.2847 1.06252 4
    endloop
  endfacet
  facet normal 0 0 1
    outer loop
      vertex -12 1.1 4
      vertex -20.55 10.8 4
      vertex -12.1436 1.09059 4
    endloop
  endfacet
  facet normal -0 0 1
    outer loop
      vertex 24.75 -12 4
      vertex 28.75 -21.5 4
      vertex 28.75 -12 4
    endloop
  endfacet
  facet normal 0 -0 1
    outer loop
      vertex 25.75 -24.5 4
      vertex 28.75 -21.5 4
      vertex 24.75 -12 4
    endloop
  endfacet
  facet normal 0 0 1
    outer loop
      vertex 28.75 -21.5 4
      vertex 25.75 -24.5 4
      vertex 28.7243 -21.8916 4
    endloop
  endfacet
  facet normal 0 0 1
    outer loop
      vertex 28.7243 -21.8916 4
      vertex 25.75 -24.5 4
      vertex 28.6478 -22.2765 4
    endloop
  endfacet
  facet normal 0 0 1
    outer loop
      vertex 28.6478 -22.2765 4
      vertex 25.75 -24.5 4
      vertex 28.5216 -22.6481 4
    endloop
  endfacet
  facet normal 0 0 1
    outer loop
      vertex 28.5216 -22.6481 4
      vertex 25.75 -24.5 4
      vertex 28.3481 -23 4
    endloop
  endfacet
  facet normal 0 0 1
    outer loop
      vertex 28.3481 -23 4
      vertex 25.75 -24.5 4
      vertex 28.1301 -23.3263 4
    endloop
  endfacet
  facet normal 0 0 1
    outer loop
      vertex 28.1301 -23.3263 4
      vertex 25.75 -24.5 4
      vertex 27.8713 -23.6213 4
    endloop
  endfacet
  facet normal 0 0 1
    outer loop
      vertex 27.8713 -23.6213 4
      vertex 25.75 -24.5 4
      vertex 27.5763 -23.8801 4
    endloop
  endfacet
  facet normal 0 0 1
    outer loop
      vertex 27.5763 -23.8801 4
      vertex 25.75 -24.5 4
      vertex 27.25 -24.0981 4
    endloop
  endfacet
  facet normal 0 0 1
    outer loop
      vertex 27.25 -24.0981 4
      vertex 25.75 -24.5 4
      vertex 26.898 -24.2716 4
    endloop
  endfacet
  facet normal 0 0 1
    outer loop
      vertex 26.898 -24.2716 4
      vertex 25.75 -24.5 4
      vertex 26.5265 -24.3978 4
    endloop
  endfacet
  facet normal 0 0 1
    outer loop
      vertex 26.5265 -24.3978 4
      vertex 25.75 -24.5 4
      vertex 26.1416 -24.4743 4
    endloop
  endfacet
  facet normal -0 0 1
    outer loop
      vertex 13.0906 -0.143579 4
      vertex 24.75 -12 4
      vertex 13.1 0 4
    endloop
  endfacet
  facet normal -0 0 1
    outer loop
      vertex 13.0625 -0.2847 4
      vertex 24.75 -12 4
      vertex 13.0906 -0.143579 4
    endloop
  endfacet
  facet normal -0 0 1
    outer loop
      vertex 13.0163 -0.420951 4
      vertex 24.75 -12 4
      vertex 13.0625 -0.2847 4
    endloop
  endfacet
  facet normal -0 0 1
    outer loop
      vertex 12.9526 -0.549999 4
      vertex 24.75 -12 4
      vertex 13.0163 -0.420951 4
    endloop
  endfacet
  facet normal -0 0 1
    outer loop
      vertex 12.8727 -0.669637 4
      vertex 24.75 -12 4
      vertex 12.9526 -0.549999 4
    endloop
  endfacet
  facet normal -0 0 1
    outer loop
      vertex 12.7778 -0.777817 4
      vertex 24.75 -12 4
      vertex 12.8727 -0.669637 4
    endloop
  endfacet
  facet normal -0 0 1
    outer loop
      vertex 12.6696 -0.872688 4
      vertex 24.75 -12 4
      vertex 12.7778 -0.777817 4
    endloop
  endfacet
  facet normal -0 0 1
    outer loop
      vertex 12.55 -0.952627 4
      vertex 24.75 -12 4
      vertex 12.6696 -0.872688 4
    endloop
  endfacet
  facet normal -0 0 1
    outer loop
      vertex 12.421 -1.01627 4
      vertex 24.75 -12 4
      vertex 12.55 -0.952627 4
    endloop
  endfacet
  facet normal -0 0 1
    outer loop
      vertex 12.2847 -1.06252 4
      vertex 24.75 -12 4
      vertex 12.421 -1.01627 4
    endloop
  endfacet
  facet normal -0 0 1
    outer loop
      vertex 12.1436 -1.09059 4
      vertex 24.75 -12 4
      vertex 12.2847 -1.06252 4
    endloop
  endfacet
  facet normal -0 0 1
    outer loop
      vertex 12 -1.1 4
      vertex 24.75 -12 4
      vertex 12.1436 -1.09059 4
    endloop
  endfacet
  facet normal 0 0 1
    outer loop
      vertex 11.8564 -1.09059 4
      vertex 24.75 -12 4
      vertex 12 -1.1 4
    endloop
  endfacet
  facet normal -0 0 1
    outer loop
      vertex 8.14358 -1.09059 4
      vertex 24.75 -12 4
      vertex 11.8564 -1.09059 4
    endloop
  endfacet
  facet normal 0 0 1
    outer loop
      vertex 8.14358 -1.09059 4
      vertex 11.8564 -1.09059 4
      vertex 11.7153 -1.06252 4
    endloop
  endfacet
  facet normal 0 0 1
    outer loop
      vertex 8.2847 -1.06252 4
      vertex 11.7153 -1.06252 4
      vertex 11.579 -1.01627 4
    endloop
  endfacet
  facet normal 0 0 1
    outer loop
      vertex 8.42095 -1.01627 4
      vertex 11.579 -1.01627 4
      vertex 11.45 -0.952627 4
    endloop
  endfacet
  facet normal 0 0 1
    outer loop
      vertex 8.55 -0.952627 4
      vertex 11.45 -0.952627 4
      vertex 11.3304 -0.872688 4
    endloop
  endfacet
  facet normal 0 0 1
    outer loop
      vertex 8.66964 -0.872688 4
      vertex 11.3304 -0.872688 4
      vertex 11.2222 -0.777817 4
    endloop
  endfacet
  facet normal 0 0 1
    outer loop
      vertex 8.77782 -0.777817 4
      vertex 11.2222 -0.777817 4
      vertex 11.1273 -0.669637 4
    endloop
  endfacet
  facet normal 0 0 1
    outer loop
      vertex 8.87269 -0.669637 4
      vertex 11.1273 -0.669637 4
      vertex 11.0474 -0.549999 4
    endloop
  endfacet
  facet normal -0 0 1
    outer loop
      vertex 9.1 0 4
      vertex 10.9094 -0.143579 4
      vertex 10.9 0 4
    endloop
  endfacet
  facet normal 0 0 1
    outer loop
      vertex 9.09059 -0.143579 4
      vertex 10.9094 -0.143579 4
      vertex 9.1 0 4
    endloop
  endfacet
  facet normal 0 0 1
    outer loop
      vertex 10.9094 -0.143579 4
      vertex 9.09059 -0.143579 4
      vertex 10.9375 -0.2847 4
    endloop
  endfacet
  facet normal 0 0 1
    outer loop
      vertex 9.06252 -0.2847 4
      vertex 10.9375 -0.2847 4
      vertex 9.09059 -0.143579 4
    endloop
  endfacet
  facet normal 0 0 1
    outer loop
      vertex 10.9375 -0.2847 4
      vertex 9.06252 -0.2847 4
      vertex 10.9837 -0.420951 4
    endloop
  endfacet
  facet normal 0 0 1
    outer loop
      vertex 9.01627 -0.420951 4
      vertex 10.9837 -0.420951 4
      vertex 9.06252 -0.2847 4
    endloop
  endfacet
  facet normal 0 0 1
    outer loop
      vertex 10.9837 -0.420951 4
      vertex 9.01627 -0.420951 4
      vertex 11.0474 -0.549999 4
    endloop
  endfacet
  facet normal 0 0 1
    outer loop
      vertex 8.95263 -0.549999 4
      vertex 11.0474 -0.549999 4
      vertex 9.01627 -0.420951 4
    endloop
  endfacet
  facet normal 0 0 1
    outer loop
      vertex 8.87269 -0.669637 4
      vertex 11.0474 -0.549999 4
      vertex 8.95263 -0.549999 4
    endloop
  endfacet
  facet normal 0 0 1
    outer loop
      vertex 11.1273 -0.669637 4
      vertex 8.87269 -0.669637 4
      vertex 8.77782 -0.777817 4
    endloop
  endfacet
  facet normal 0 0 1
    outer loop
      vertex 11.2222 -0.777817 4
      vertex 8.77782 -0.777817 4
      vertex 8.66964 -0.872688 4
    endloop
  endfacet
  facet normal 0 0 1
    outer loop
      vertex 11.3304 -0.872688 4
      vertex 8.66964 -0.872688 4
      vertex 8.55 -0.952627 4
    endloop
  endfacet
  facet normal 0 0 1
    outer loop
      vertex 11.45 -0.952627 4
      vertex 8.55 -0.952627 4
      vertex 8.42095 -1.01627 4
    endloop
  endfacet
  facet normal 0 0 1
    outer loop
      vertex 11.579 -1.01627 4
      vertex 8.42095 -1.01627 4
      vertex 8.2847 -1.06252 4
    endloop
  endfacet
  facet normal 0 0 1
    outer loop
      vertex 11.7153 -1.06252 4
      vertex 8.2847 -1.06252 4
      vertex 8.14358 -1.09059 4
    endloop
  endfacet
  facet normal -0 0 1
    outer loop
      vertex 8 -1.1 4
      vertex 24.75 -12 4
      vertex 8.14358 -1.09059 4
    endloop
  endfacet
  facet normal -0 0 1
    outer loop
      vertex 1.05238 -2.54067 4
      vertex 24.75 -12 4
      vertex 8 -1.1 4
    endloop
  endfacet
  facet normal 0 0 1
    outer loop
      vertex 1.05238 -2.54067 4
      vertex 8 -1.1 4
      vertex 7.85642 -1.09059 4
    endloop
  endfacet
  facet normal 0 0 1
    outer loop
      vertex 1.375 -2.38157 4
      vertex 7.85642 -1.09059 4
      vertex 7.7153 -1.06252 4
    endloop
  endfacet
  facet normal 0 0 1
    outer loop
      vertex 1.67409 -2.18172 4
      vertex 7.7153 -1.06252 4
      vertex 7.57905 -1.01627 4
    endloop
  endfacet
  facet normal 0 0 1
    outer loop
      vertex 1.94454 -1.94454 4
      vertex 7.57905 -1.01627 4
      vertex 7.45 -0.952627 4
    endloop
  endfacet
  facet normal 0 0 1
    outer loop
      vertex 2.18172 -1.67409 4
      vertex 7.45 -0.952627 4
      vertex 7.33036 -0.872688 4
    endloop
  endfacet
  facet normal 0 0 1
    outer loop
      vertex 2.38157 -1.375 4
      vertex 7.33036 -0.872688 4
      vertex 7.22218 -0.777817 4
    endloop
  endfacet
  facet normal 0 0 1
    outer loop
      vertex 2.38157 -1.375 4
      vertex 7.22218 -0.777817 4
      vertex 7.12731 -0.669637 4
    endloop
  endfacet
  facet normal -0 0 1
    outer loop
      vertex 2.75 0 4
      vertex 6.90941 -0.143579 4
      vertex 6.9 0 4
    endloop
  endfacet
  facet normal 0 0 1
    outer loop
      vertex 2.72647 -0.358947 4
      vertex 6.90941 -0.143579 4
      vertex 2.75 0 4
    endloop
  endfacet
  facet normal 0 0 1
    outer loop
      vertex 6.90941 -0.143579 4
      vertex 2.72647 -0.358947 4
      vertex 6.93748 -0.2847 4
    endloop
  endfacet
  facet normal 0 0 1
    outer loop
      vertex 2.6563 -0.711752 4
      vertex 6.93748 -0.2847 4
      vertex 2.72647 -0.358947 4
    endloop
  endfacet
  facet normal 0 0 1
    outer loop
      vertex 6.93748 -0.2847 4
      vertex 2.6563 -0.711752 4
      vertex 6.98373 -0.420951 4
    endloop
  endfacet
  facet normal 0 0 1
    outer loop
      vertex 6.98373 -0.420951 4
      vertex 2.6563 -0.711752 4
      vertex 7.04737 -0.549999 4
    endloop
  endfacet
  facet normal 0 0 1
    outer loop
      vertex 2.54067 -1.05238 4
      vertex 7.04737 -0.549999 4
      vertex 2.6563 -0.711752 4
    endloop
  endfacet
  facet normal 0 0 1
    outer loop
      vertex 7.04737 -0.549999 4
      vertex 2.54067 -1.05238 4
      vertex 7.12731 -0.669637 4
    endloop
  endfacet
  facet normal 0 0 1
    outer loop
      vertex 2.38157 -1.375 4
      vertex 7.12731 -0.669637 4
      vertex 2.54067 -1.05238 4
    endloop
  endfacet
  facet normal 0 0 1
    outer loop
      vertex 7.33036 -0.872688 4
      vertex 2.38157 -1.375 4
      vertex 2.18172 -1.67409 4
    endloop
  endfacet
  facet normal 0 0 1
    outer loop
      vertex 7.45 -0.952627 4
      vertex 2.18172 -1.67409 4
      vertex 1.94454 -1.94454 4
    endloop
  endfacet
  facet normal 0 0 1
    outer loop
      vertex 7.57905 -1.01627 4
      vertex 1.94454 -1.94454 4
      vertex 1.67409 -2.18172 4
    endloop
  endfacet
  facet normal 0 0 1
    outer loop
      vertex 7.7153 -1.06252 4
      vertex 1.67409 -2.18172 4
      vertex 1.375 -2.38157 4
    endloop
  endfacet
  facet normal 0 0 1
    outer loop
      vertex 7.85642 -1.09059 4
      vertex 1.375 -2.38157 4
      vertex 1.05238 -2.54067 4
    endloop
  endfacet
  facet normal 0 0 1
    outer loop
      vertex 24.75 -12 4
      vertex 1.05238 -2.54067 4
      vertex 25.75 -24.5 4
    endloop
  endfacet
  facet normal -0 0 1
    outer loop
      vertex 0.711752 -2.6563 4
      vertex 25.75 -24.5 4
      vertex 1.05238 -2.54067 4
    endloop
  endfacet
  facet normal -0 0 1
    outer loop
      vertex 0.358947 -2.72647 4
      vertex 25.75 -24.5 4
      vertex 0.711752 -2.6563 4
    endloop
  endfacet
  facet normal 0 0 1
    outer loop
      vertex -20.55 -24.5 4
      vertex 0.358947 -2.72647 4
      vertex 0 -2.75 4
    endloop
  endfacet
  facet normal 0 0 1
    outer loop
      vertex -20.55 -21.5 4
      vertex 0 -2.75 4
      vertex -0.358947 -2.72647 4
    endloop
  endfacet
  facet normal 0 0 1
    outer loop
      vertex -20.55 -21.5 4
      vertex -0.358947 -2.72647 4
      vertex -0.711752 -2.6563 4
    endloop
  endfacet
  facet normal 0 0 1
    outer loop
      vertex -20.55 -21.5 4
      vertex -0.711752 -2.6563 4
      vertex -1.05238 -2.54067 4
    endloop
  endfacet
  facet normal 0 0 1
    outer loop
      vertex -8 -1.1 4
      vertex -1.05238 -2.54067 4
      vertex -1.375 -2.38157 4
    endloop
  endfacet
  facet normal 0 0 1
    outer loop
      vertex -7.7153 -1.06252 4
      vertex -1.375 -2.38157 4
      vertex -1.67409 -2.18172 4
    endloop
  endfacet
  facet normal 0 0 1
    outer loop
      vertex -6.90941 -0.143579 4
      vertex -2.75 0 4
      vertex -6.9 0 4
    endloop
  endfacet
  facet normal 0 0 1
    outer loop
      vertex -2.75 0 4
      vertex -6.90941 -0.143579 4
      vertex -2.72647 -0.358947 4
    endloop
  endfacet
  facet normal -0 0 1
    outer loop
      vertex -6.93748 -0.2847 4
      vertex -2.72647 -0.358947 4
      vertex -6.90941 -0.143579 4
    endloop
  endfacet
  facet normal 0 0 1
    outer loop
      vertex -2.72647 -0.358947 4
      vertex -6.93748 -0.2847 4
      vertex -2.6563 -0.711752 4
    endloop
  endfacet
  facet normal -0 0 1
    outer loop
      vertex -6.98373 -0.420951 4
      vertex -2.6563 -0.711752 4
      vertex -6.93748 -0.2847 4
    endloop
  endfacet
  facet normal -0 0 1
    outer loop
      vertex -7.04737 -0.549999 4
      vertex -2.6563 -0.711752 4
      vertex -6.98373 -0.420951 4
    endloop
  endfacet
  facet normal 0 0 1
    outer loop
      vertex -2.6563 -0.711752 4
      vertex -7.04737 -0.549999 4
      vertex -2.54067 -1.05238 4
    endloop
  endfacet
  facet normal -0 0 1
    outer loop
      vertex -7.12731 -0.669637 4
      vertex -2.54067 -1.05238 4
      vertex -7.04737 -0.549999 4
    endloop
  endfacet
  facet normal 0 0 1
    outer loop
      vertex -2.54067 -1.05238 4
      vertex -7.12731 -0.669637 4
      vertex -2.38157 -1.375 4
    endloop
  endfacet
  facet normal -0 0 1
    outer loop
      vertex -7.22218 -0.777817 4
      vertex -2.38157 -1.375 4
      vertex -7.12731 -0.669637 4
    endloop
  endfacet
  facet normal -0 0 1
    outer loop
      vertex -7.33036 -0.872688 4
      vertex -2.38157 -1.375 4
      vertex -7.22218 -0.777817 4
    endloop
  endfacet
  facet normal 0 0 1
    outer loop
      vertex -2.38157 -1.375 4
      vertex -7.33036 -0.872688 4
      vertex -2.18172 -1.67409 4
    endloop
  endfacet
  facet normal -0 0 1
    outer loop
      vertex -7.45 -0.952627 4
      vertex -2.18172 -1.67409 4
      vertex -7.33036 -0.872688 4
    endloop
  endfacet
  facet normal 0 0 1
    outer loop
      vertex -2.18172 -1.67409 4
      vertex -7.45 -0.952627 4
      vertex -1.94454 -1.94454 4
    endloop
  endfacet
  facet normal -0 0 1
    outer loop
      vertex -7.57905 -1.01627 4
      vertex -1.94454 -1.94454 4
      vertex -7.45 -0.952627 4
    endloop
  endfacet
  facet normal 0 0 1
    outer loop
      vertex -1.94454 -1.94454 4
      vertex -7.57905 -1.01627 4
      vertex -1.67409 -2.18172 4
    endloop
  endfacet
  facet normal -0 0 1
    outer loop
      vertex -7.7153 -1.06252 4
      vertex -1.67409 -2.18172 4
      vertex -7.57905 -1.01627 4
    endloop
  endfacet
  facet normal 0 0 1
    outer loop
      vertex -1.375 -2.38157 4
      vertex -7.7153 -1.06252 4
      vertex -7.85642 -1.09059 4
    endloop
  endfacet
  facet normal 0 0 1
    outer loop
      vertex -1.375 -2.38157 4
      vertex -7.85642 -1.09059 4
      vertex -8 -1.1 4
    endloop
  endfacet
  facet normal 0 0 1
    outer loop
      vertex -1.05238 -2.54067 4
      vertex -8 -1.1 4
      vertex -20.55 -21.5 4
    endloop
  endfacet
  facet normal 0 0 1
    outer loop
      vertex -20.55 -21.5 4
      vertex -8 -1.1 4
      vertex -8.14358 -1.09059 4
    endloop
  endfacet
  facet normal 0 0 1
    outer loop
      vertex -11.8564 -1.09059 4
      vertex -8.14358 -1.09059 4
      vertex -8.2847 -1.06252 4
    endloop
  endfacet
  facet normal 0 0 1
    outer loop
      vertex -11.7153 -1.06252 4
      vertex -8.2847 -1.06252 4
      vertex -8.42095 -1.01627 4
    endloop
  endfacet
  facet normal 0 0 1
    outer loop
      vertex -11.579 -1.01627 4
      vertex -8.42095 -1.01627 4
      vertex -8.55 -0.952627 4
    endloop
  endfacet
  facet normal 0 0 1
    outer loop
      vertex -11.45 -0.952627 4
      vertex -8.55 -0.952627 4
      vertex -8.66964 -0.872688 4
    endloop
  endfacet
  facet normal -0 0 1
    outer loop
      vertex -10.9 0 4
      vertex -9.09059 -0.143579 4
      vertex -9.1 0 4
    endloop
  endfacet
  facet normal 0 0 1
    outer loop
      vertex -10.9094 -0.143579 4
      vertex -9.09059 -0.143579 4
      vertex -10.9 0 4
    endloop
  endfacet
  facet normal 0 0 1
    outer loop
      vertex -9.09059 -0.143579 4
      vertex -10.9094 -0.143579 4
      vertex -9.06252 -0.2847 4
    endloop
  endfacet
  facet normal 0 0 1
    outer loop
      vertex -10.9375 -0.2847 4
      vertex -9.06252 -0.2847 4
      vertex -10.9094 -0.143579 4
    endloop
  endfacet
  facet normal 0 0 1
    outer loop
      vertex -9.06252 -0.2847 4
      vertex -10.9375 -0.2847 4
      vertex -9.01627 -0.420951 4
    endloop
  endfacet
  facet normal 0 0 1
    outer loop
      vertex -10.9837 -0.420951 4
      vertex -9.01627 -0.420951 4
      vertex -10.9375 -0.2847 4
    endloop
  endfacet
  facet normal 0 0 1
    outer loop
      vertex -9.01627 -0.420951 4
      vertex -10.9837 -0.420951 4
      vertex -8.95263 -0.549999 4
    endloop
  endfacet
  facet normal 0 0 1
    outer loop
      vertex -11.0474 -0.549999 4
      vertex -8.95263 -0.549999 4
      vertex -10.9837 -0.420951 4
    endloop
  endfacet
  facet normal 0 0 1
    outer loop
      vertex -8.95263 -0.549999 4
      vertex -11.0474 -0.549999 4
      vertex -8.87269 -0.669637 4
    endloop
  endfacet
  facet normal 0 0 1
    outer loop
      vertex -11.1273 -0.669637 4
      vertex -8.87269 -0.669637 4
      vertex -11.0474 -0.549999 4
    endloop
  endfacet
  facet normal 0 0 1
    outer loop
      vertex -8.87269 -0.669637 4
      vertex -11.1273 -0.669637 4
      vertex -8.77782 -0.777817 4
    endloop
  endfacet
  facet normal 0 0 1
    outer loop
      vertex -11.2222 -0.777817 4
      vertex -8.77782 -0.777817 4
      vertex -11.1273 -0.669637 4
    endloop
  endfacet
  facet normal 0 0 1
    outer loop
      vertex -8.77782 -0.777817 4
      vertex -11.2222 -0.777817 4
      vertex -8.66964 -0.872688 4
    endloop
  endfacet
  facet normal 0 0 1
    outer loop
      vertex -11.3304 -0.872688 4
      vertex -8.66964 -0.872688 4
      vertex -11.2222 -0.777817 4
    endloop
  endfacet
  facet normal 0 0 1
    outer loop
      vertex -11.45 -0.952627 4
      vertex -8.66964 -0.872688 4
      vertex -11.3304 -0.872688 4
    endloop
  endfacet
  facet normal 0 0 1
    outer loop
      vertex -8.55 -0.952627 4
      vertex -11.45 -0.952627 4
      vertex -11.579 -1.01627 4
    endloop
  endfacet
  facet normal 0 0 1
    outer loop
      vertex -8.42095 -1.01627 4
      vertex -11.579 -1.01627 4
      vertex -11.7153 -1.06252 4
    endloop
  endfacet
  facet normal 0 0 1
    outer loop
      vertex -8.2847 -1.06252 4
      vertex -11.7153 -1.06252 4
      vertex -11.8564 -1.09059 4
    endloop
  endfacet
  facet normal 0 0 1
    outer loop
      vertex -8.14358 -1.09059 4
      vertex -11.8564 -1.09059 4
      vertex -20.55 -21.5 4
    endloop
  endfacet
  facet normal 0 0 1
    outer loop
      vertex -20.55 -21.5 4
      vertex -11.8564 -1.09059 4
      vertex -12 -1.1 4
    endloop
  endfacet
  facet normal 0 0 1
    outer loop
      vertex -20.55 -21.5 4
      vertex -12 -1.1 4
      vertex -12.1436 -1.09059 4
    endloop
  endfacet
  facet normal 0 0 1
    outer loop
      vertex -20.55 -21.5 4
      vertex -12.1436 -1.09059 4
      vertex -12.2847 -1.06252 4
    endloop
  endfacet
  facet normal 0 0 1
    outer loop
      vertex -20.55 -21.5 4
      vertex -12.2847 -1.06252 4
      vertex -12.421 -1.01627 4
    endloop
  endfacet
  facet normal 0 0 1
    outer loop
      vertex -20.55 -21.5 4
      vertex -12.421 -1.01627 4
      vertex -12.55 -0.952627 4
    endloop
  endfacet
  facet normal 0 0 1
    outer loop
      vertex -13.0906 0.143579 4
      vertex -20.55 10.8 4
      vertex -13.1 0 4
    endloop
  endfacet
  facet normal -0 0 1
    outer loop
      vertex -30.55 10.8 4
      vertex -13.1 0 4
      vertex -20.55 10.8 4
    endloop
  endfacet
  facet normal 0 0 1
    outer loop
      vertex -13.1 0 4
      vertex -30.55 10.8 4
      vertex -13.0906 -0.143579 4
    endloop
  endfacet
  facet normal 0 0 1
    outer loop
      vertex -13.0906 -0.143579 4
      vertex -30.55 10.8 4
      vertex -13.0625 -0.2847 4
    endloop
  endfacet
  facet normal 0 0 1
    outer loop
      vertex -30.55 -21.5 4
      vertex -13.0625 -0.2847 4
      vertex -30.55 10.8 4
    endloop
  endfacet
  facet normal 0 0 1
    outer loop
      vertex -13.0163 -0.420951 4
      vertex -20.55 -21.5 4
      vertex -12.9526 -0.549999 4
    endloop
  endfacet
  facet normal 0 0 1
    outer loop
      vertex -12.9526 -0.549999 4
      vertex -20.55 -21.5 4
      vertex -12.8727 -0.669637 4
    endloop
  endfacet
  facet normal 0 0 1
    outer loop
      vertex -20.55 -21.5 4
      vertex -12.7778 -0.777817 4
      vertex -12.8727 -0.669637 4
    endloop
  endfacet
  facet normal 0 0 1
    outer loop
      vertex -20.55 -21.5 4
      vertex -12.6696 -0.872688 4
      vertex -12.7778 -0.777817 4
    endloop
  endfacet
  facet normal 0 0 1
    outer loop
      vertex -20.55 -21.5 4
      vertex -12.55 -0.952627 4
      vertex -12.6696 -0.872688 4
    endloop
  endfacet
  facet normal 0 0 1
    outer loop
      vertex 0 -2.75 4
      vertex -20.55 -21.5 4
      vertex -20.55 -24.5 4
    endloop
  endfacet
  facet normal 0 0 1
    outer loop
      vertex 0.358947 -2.72647 4
      vertex -20.55 -24.5 4
      vertex 25.75 -24.5 4
    endloop
  endfacet
  facet normal 0.44211 -0.896961 0
    outer loop
      vertex 26.898 -24.2716 0
      vertex 27.25 -24.0981 4
      vertex 26.898 -24.2716 4
    endloop
  endfacet
  facet normal 0.44211 -0.896961 0
    outer loop
      vertex 27.25 -24.0981 4
      vertex 26.898 -24.2716 0
      vertex 27.25 -24.0981 0
    endloop
  endfacet
  facet normal 0.751724 0.659478 0
    outer loop
      vertex 28.1301 12.6263 4
      vertex 27.8713 12.9213 0
      vertex 27.8713 12.9213 4
    endloop
  endfacet
  facet normal 0.751724 0.659478 0
    outer loop
      vertex 27.8713 12.9213 0
      vertex 28.1301 12.6263 4
      vertex 28.1301 12.6263 0
    endloop
  endfacet
  facet normal 0.555523 0.831501 -0
    outer loop
      vertex 27.5763 13.1801 0
      vertex 27.25 13.3981 4
      vertex 27.5763 13.1801 4
    endloop
  endfacet
  facet normal 0.555523 0.831501 0
    outer loop
      vertex 27.25 13.3981 4
      vertex 27.5763 13.1801 0
      vertex 27.25 13.3981 0
    endloop
  endfacet
  facet normal 0.997853 -0.0654873 0
    outer loop
      vertex 28.7243 -21.8916 4
      vertex 28.75 -21.5 0
      vertex 28.75 -21.5 4
    endloop
  endfacet
  facet normal 0.997853 -0.0654873 0
    outer loop
      vertex 28.75 -21.5 0
      vertex 28.7243 -21.8916 4
      vertex 28.7243 -21.8916 0
    endloop
  endfacet
  facet normal 0.659478 0.751724 -0
    outer loop
      vertex 27.8713 12.9213 0
      vertex 27.5763 13.1801 4
      vertex 27.8713 12.9213 4
    endloop
  endfacet
  facet normal 0.659478 0.751724 0
    outer loop
      vertex 27.5763 13.1801 4
      vertex 27.8713 12.9213 0
      vertex 27.5763 13.1801 0
    endloop
  endfacet
  facet normal 0.896911 -0.442211 0
    outer loop
      vertex 28.3481 -23 4
      vertex 28.5216 -22.6481 0
      vertex 28.5216 -22.6481 4
    endloop
  endfacet
  facet normal 0.896911 -0.442211 0
    outer loop
      vertex 28.5216 -22.6481 0
      vertex 28.3481 -23 4
      vertex 28.3481 -23 0
    endloop
  endfacet
  facet normal 0.19494 -0.980815 0
    outer loop
      vertex 26.1416 -24.4743 0
      vertex 26.5265 -24.3978 4
      vertex 26.1416 -24.4743 4
    endloop
  endfacet
  facet normal 0.19494 -0.980815 0
    outer loop
      vertex 26.5265 -24.3978 4
      vertex 26.1416 -24.4743 0
      vertex 26.5265 -24.3978 0
    endloop
  endfacet
  facet normal 0.946885 -0.321574 0
    outer loop
      vertex 28.5216 -22.6481 4
      vertex 28.6478 -22.2765 0
      vertex 28.6478 -22.2765 4
    endloop
  endfacet
  facet normal 0.946885 -0.321574 0
    outer loop
      vertex 28.6478 -22.2765 0
      vertex 28.5216 -22.6481 4
      vertex 28.5216 -22.6481 0
    endloop
  endfacet
  facet normal 0.751724 -0.659478 0
    outer loop
      vertex 27.8713 -23.6213 4
      vertex 28.1301 -23.3263 0
      vertex 28.1301 -23.3263 4
    endloop
  endfacet
  facet normal 0.751724 -0.659478 0
    outer loop
      vertex 28.1301 -23.3263 0
      vertex 27.8713 -23.6213 4
      vertex 27.8713 -23.6213 0
    endloop
  endfacet
  facet normal 1 -0 0
    outer loop
      vertex -30.55 9.37104 30.6758
      vertex -30.55 13.8 25.0235
      vertex -30.55 13.8 41.7058
    endloop
  endfacet
  facet normal 1 -0 0
    outer loop
      vertex -30.55 9.37104 30.2358
      vertex -30.55 13.8 25.0235
      vertex -30.55 9.39273 30.3449
    endloop
  endfacet
  facet normal 1 -0 0
    outer loop
      vertex -30.55 9.39273 30.3449
      vertex -30.55 13.8 25.0235
      vertex -30.55 9.4 30.4558
    endloop
  endfacet
  facet normal 1 0 0
    outer loop
      vertex -30.55 13.8 25.0235
      vertex -30.55 9.39273 30.5668
      vertex -30.55 9.4 30.4558
    endloop
  endfacet
  facet normal 1 0 0
    outer loop
      vertex -30.55 13.8 25.0235
      vertex -30.55 9.37104 30.6758
      vertex -30.55 9.39273 30.5668
    endloop
  endfacet
  facet normal 1 0 0
    outer loop
      vertex -30.55 13.8 41.7058
      vertex -30.55 9.3353 30.7811
      vertex -30.55 9.37104 30.6758
    endloop
  endfacet
  facet normal 1 0 0
    outer loop
      vertex -30.55 13.8 41.7058
      vertex -30.55 9.28612 30.8808
      vertex -30.55 9.3353 30.7811
    endloop
  endfacet
  facet normal 1 0 0
    outer loop
      vertex -30.55 13.8 41.7058
      vertex -30.55 9.22435 30.9733
      vertex -30.55 9.28612 30.8808
    endloop
  endfacet
  facet normal 1 0 0
    outer loop
      vertex -30.55 13.8 41.7058
      vertex -30.55 9.15104 31.0569
      vertex -30.55 9.22435 30.9733
    endloop
  endfacet
  facet normal 1 0 0
    outer loop
      vertex -30.55 13.8 41.7058
      vertex -30.55 9.06745 31.1302
      vertex -30.55 9.15104 31.0569
    endloop
  endfacet
  facet normal 1 0 0
    outer loop
      vertex -30.55 13.8 41.7058
      vertex -30.55 8.975 31.192
      vertex -30.55 9.06745 31.1302
    endloop
  endfacet
  facet normal 1 -0 0
    outer loop
      vertex -30.55 6.15 36.7058
      vertex -30.55 8.975 31.192
      vertex -30.55 13.8 41.7058
    endloop
  endfacet
  facet normal 1 0 0
    outer loop
      vertex -30.55 8.975 31.192
      vertex -30.55 6.15 36.7058
      vertex -30.55 8.87528 31.2411
    endloop
  endfacet
  facet normal 1 0 0
    outer loop
      vertex -30.55 8.87528 31.2411
      vertex -30.55 6.15 36.7058
      vertex -30.55 8.77 31.2769
    endloop
  endfacet
  facet normal 1 0 0
    outer loop
      vertex -30.55 8.77 31.2769
      vertex -30.55 6.15 36.7058
      vertex -30.55 8.66095 31.2986
    endloop
  endfacet
  facet normal 1 0 0
    outer loop
      vertex -30.55 8.66095 31.2986
      vertex -30.55 6.15 36.7058
      vertex -30.55 8.55 31.3058
    endloop
  endfacet
  facet normal 1 0 0
    outer loop
      vertex -30.55 8.55 31.3058
      vertex -30.55 6.15 36.7058
      vertex -30.55 8.43905 31.2986
    endloop
  endfacet
  facet normal 1 0 0
    outer loop
      vertex -30.55 8.43905 31.2986
      vertex -30.55 6.15 36.7058
      vertex -30.55 8.33 31.2769
    endloop
  endfacet
  facet normal 1 0 0
    outer loop
      vertex -30.55 8.33 31.2769
      vertex -30.55 6.15 36.7058
      vertex -30.55 8.22472 31.2411
    endloop
  endfacet
  facet normal 1 0 0
    outer loop
      vertex -30.55 8.22472 31.2411
      vertex -30.55 6.15 36.7058
      vertex -30.55 8.125 31.192
    endloop
  endfacet
  facet normal 1 0 0
    outer loop
      vertex -30.55 8.125 31.192
      vertex -30.55 6.15 36.7058
      vertex -30.55 8.03255 31.1302
    endloop
  endfacet
  facet normal 1 0 0
    outer loop
      vertex -30.55 8.03255 31.1302
      vertex -30.55 6.15 36.7058
      vertex -30.55 7.94896 31.0569
    endloop
  endfacet
  facet normal 1 0 0
    outer loop
      vertex -30.55 7.94896 31.0569
      vertex -30.55 6.15 36.7058
      vertex -30.55 7.87565 30.9733
    endloop
  endfacet
  facet normal 1 0 0
    outer loop
      vertex -30.55 7.70727 30.5668
      vertex -30.55 6.15 36.7058
      vertex -30.55 7.7 30.4558
    endloop
  endfacet
  facet normal 1 0 0
    outer loop
      vertex -30.55 7.72896 30.6758
      vertex -30.55 6.15 36.7058
      vertex -30.55 7.70727 30.5668
    endloop
  endfacet
  facet normal 1 0 0
    outer loop
      vertex -30.55 7.7647 30.7811
      vertex -30.55 6.15 36.7058
      vertex -30.55 7.72896 30.6758
    endloop
  endfacet
  facet normal 1 0 0
    outer loop
      vertex -30.55 7.81388 30.8808
      vertex -30.55 6.15 36.7058
      vertex -30.55 7.7647 30.7811
    endloop
  endfacet
  facet normal 1 0 0
    outer loop
      vertex -30.55 7.87565 30.9733
      vertex -30.55 6.15 36.7058
      vertex -30.55 7.81388 30.8808
    endloop
  endfacet
  facet normal 1 0 0
    outer loop
      vertex -30.55 13.8 41.7058
      vertex -30.55 -16.85 36.7058
      vertex -30.55 6.15 36.7058
    endloop
  endfacet
  facet normal 1 0 0
    outer loop
      vertex -30.55 -16.85 36.7058
      vertex -30.55 -18.4 30.4558
      vertex -30.55 -16.85 24.2058
    endloop
  endfacet
  facet normal 1 0 0
    outer loop
      vertex -30.55 -16.85 36.7058
      vertex -30.55 -18.4073 30.5668
      vertex -30.55 -18.4 30.4558
    endloop
  endfacet
  facet normal 1 0 0
    outer loop
      vertex -30.55 -16.85 36.7058
      vertex -30.55 -18.429 30.6758
      vertex -30.55 -18.4073 30.5668
    endloop
  endfacet
  facet normal 1 0 0
    outer loop
      vertex -30.55 -16.85 36.7058
      vertex -30.55 -18.4647 30.7811
      vertex -30.55 -18.429 30.6758
    endloop
  endfacet
  facet normal 1 0 0
    outer loop
      vertex -30.55 -16.85 36.7058
      vertex -30.55 -18.5139 30.8808
      vertex -30.55 -18.4647 30.7811
    endloop
  endfacet
  facet normal 1 0 0
    outer loop
      vertex -30.55 -16.85 36.7058
      vertex -30.55 -18.5756 30.9733
      vertex -30.55 -18.5139 30.8808
    endloop
  endfacet
  facet normal 1 0 0
    outer loop
      vertex -30.55 -16.85 36.7058
      vertex -30.55 -18.649 31.0569
      vertex -30.55 -18.5756 30.9733
    endloop
  endfacet
  facet normal 1 0 0
    outer loop
      vertex -30.55 -16.85 36.7058
      vertex -30.55 -18.7326 31.1302
      vertex -30.55 -18.649 31.0569
    endloop
  endfacet
  facet normal 1 0 0
    outer loop
      vertex -30.55 -16.85 36.7058
      vertex -30.55 -18.825 31.192
      vertex -30.55 -18.7326 31.1302
    endloop
  endfacet
  facet normal 1 0 0
    outer loop
      vertex -30.55 -16.85 36.7058
      vertex -30.55 -18.9247 31.2411
      vertex -30.55 -18.825 31.192
    endloop
  endfacet
  facet normal 1 0 0
    outer loop
      vertex -30.55 -16.85 36.7058
      vertex -30.55 -19.03 31.2769
      vertex -30.55 -18.9247 31.2411
    endloop
  endfacet
  facet normal 1 0 0
    outer loop
      vertex -30.55 -16.85 36.7058
      vertex -30.55 -19.1391 31.2986
      vertex -30.55 -19.03 31.2769
    endloop
  endfacet
  facet normal 1 0 0
    outer loop
      vertex -30.55 -16.85 36.7058
      vertex -30.55 -19.25 31.3058
      vertex -30.55 -19.1391 31.2986
    endloop
  endfacet
  facet normal 1 0 0
    outer loop
      vertex -30.55 -16.85 36.7058
      vertex -30.55 -19.3609 31.2986
      vertex -30.55 -19.25 31.3058
    endloop
  endfacet
  facet normal 1 0 0
    outer loop
      vertex -30.55 -16.85 36.7058
      vertex -30.55 -19.47 31.2769
      vertex -30.55 -19.3609 31.2986
    endloop
  endfacet
  facet normal 1 0 0
    outer loop
      vertex -30.55 -16.85 36.7058
      vertex -30.55 -19.5753 31.2411
      vertex -30.55 -19.47 31.2769
    endloop
  endfacet
  facet normal 1 0 0
    outer loop
      vertex -30.55 -16.85 36.7058
      vertex -30.55 -19.675 31.192
      vertex -30.55 -19.5753 31.2411
    endloop
  endfacet
  facet normal 1 0 0
    outer loop
      vertex -30.55 -24.5 41.7058
      vertex -30.55 -19.675 31.192
      vertex -30.55 -16.85 36.7058
    endloop
  endfacet
  facet normal 1 0 0
    outer loop
      vertex -30.55 -19.675 31.192
      vertex -30.55 -24.5 41.7058
      vertex -30.55 -19.7674 31.1302
    endloop
  endfacet
  facet normal 1 0 0
    outer loop
      vertex -30.55 -19.7674 31.1302
      vertex -30.55 -24.5 41.7058
      vertex -30.55 -19.851 31.0569
    endloop
  endfacet
  facet normal 1 0 0
    outer loop
      vertex -30.55 -19.851 31.0569
      vertex -30.55 -24.5 41.7058
      vertex -30.55 -19.9244 30.9733
    endloop
  endfacet
  facet normal 1 0 0
    outer loop
      vertex -30.55 -24.5 25.0235
      vertex -30.55 -20.1 30.4558
      vertex -30.55 -20.0927 30.5668
    endloop
  endfacet
  facet normal 1 0 0
    outer loop
      vertex -30.55 -24.5 25.0235
      vertex -30.55 -20.0927 30.5668
      vertex -30.55 -20.071 30.6758
    endloop
  endfacet
  facet normal 1 -0 0
    outer loop
      vertex -30.55 -24.5 41.7058
      vertex -30.55 -16.85 36.7058
      vertex -30.55 13.8 41.7058
    endloop
  endfacet
  facet normal 1 0 0
    outer loop
      vertex -30.55 -19.9244 30.9733
      vertex -30.55 -24.5 41.7058
      vertex -30.55 -19.9861 30.8808
    endloop
  endfacet
  facet normal 1 0 0
    outer loop
      vertex -30.55 -24.5 41.7058
      vertex -30.55 -20.0353 30.7811
      vertex -30.55 -19.9861 30.8808
    endloop
  endfacet
  facet normal 1 0 0
    outer loop
      vertex -30.55 -24.5 41.7058
      vertex -30.55 -20.071 30.6758
      vertex -30.55 -20.0353 30.7811
    endloop
  endfacet
  facet normal 1 0 0
    outer loop
      vertex -30.55 -24.5 25.0235
      vertex -30.55 -20.071 30.6758
      vertex -30.55 -24.5 41.7058
    endloop
  endfacet
  facet normal 1 0 0
    outer loop
      vertex -30.55 -20.1 30.4558
      vertex -30.55 -24.5 25.0235
      vertex -30.55 -21.5 25.0235
    endloop
  endfacet
  facet normal 1 -0 0
    outer loop
      vertex -30.55 9.3353 30.1306
      vertex -30.55 13.8 25.0235
      vertex -30.55 9.37104 30.2358
    endloop
  endfacet
  facet normal 1 -0 0
    outer loop
      vertex -30.55 9.28612 30.0308
      vertex -30.55 13.8 25.0235
      vertex -30.55 9.3353 30.1306
    endloop
  endfacet
  facet normal 1 0 0
    outer loop
      vertex -30.55 13.8 25.0235
      vertex -30.55 9.28612 30.0308
      vertex -30.55 10.8 25.0235
    endloop
  endfacet
  facet normal 1 -0 0
    outer loop
      vertex -30.55 9.22435 29.9384
      vertex -30.55 10.8 25.0235
      vertex -30.55 9.28612 30.0308
    endloop
  endfacet
  facet normal 1 -0 0
    outer loop
      vertex -30.55 9.15104 29.8548
      vertex -30.55 10.8 25.0235
      vertex -30.55 9.22435 29.9384
    endloop
  endfacet
  facet normal 1 -0 0
    outer loop
      vertex -30.55 9.06745 29.7815
      vertex -30.55 10.8 25.0235
      vertex -30.55 9.15104 29.8548
    endloop
  endfacet
  facet normal 1 -0 0
    outer loop
      vertex -30.55 8.975 29.7197
      vertex -30.55 10.8 25.0235
      vertex -30.55 9.06745 29.7815
    endloop
  endfacet
  facet normal 1 -0 0
    outer loop
      vertex -30.55 8.87528 29.6705
      vertex -30.55 10.8 25.0235
      vertex -30.55 8.975 29.7197
    endloop
  endfacet
  facet normal 1 -0 0
    outer loop
      vertex -30.55 8.77 29.6348
      vertex -30.55 10.8 25.0235
      vertex -30.55 8.87528 29.6705
    endloop
  endfacet
  facet normal 1 -0 0
    outer loop
      vertex -30.55 8.66095 29.6131
      vertex -30.55 10.8 25.0235
      vertex -30.55 8.77 29.6348
    endloop
  endfacet
  facet normal 1 -0 0
    outer loop
      vertex -30.55 8.55 29.6058
      vertex -30.55 10.8 25.0235
      vertex -30.55 8.66095 29.6131
    endloop
  endfacet
  facet normal 1 0 0
    outer loop
      vertex -30.55 8.43905 29.6131
      vertex -30.55 10.8 25.0235
      vertex -30.55 8.55 29.6058
    endloop
  endfacet
  facet normal 1 0 0
    outer loop
      vertex -30.55 10.8 25.0235
      vertex -30.55 8.43905 29.6131
      vertex -30.55 6.15 24.2058
    endloop
  endfacet
  facet normal 1 0 0
    outer loop
      vertex -30.55 6.15 24.2058
      vertex -30.55 8.43905 29.6131
      vertex -30.55 8.33 29.6348
    endloop
  endfacet
  facet normal 1 0 0
    outer loop
      vertex -30.55 6.15 24.2058
      vertex -30.55 8.33 29.6348
      vertex -30.55 8.22472 29.6705
    endloop
  endfacet
  facet normal 1 0 0
    outer loop
      vertex -30.55 6.15 24.2058
      vertex -30.55 8.22472 29.6705
      vertex -30.55 8.125 29.7197
    endloop
  endfacet
  facet normal 1 0 0
    outer loop
      vertex -30.55 6.15 24.2058
      vertex -30.55 8.125 29.7197
      vertex -30.55 8.03255 29.7815
    endloop
  endfacet
  facet normal 1 0 0
    outer loop
      vertex -30.55 6.15 24.2058
      vertex -30.55 8.03255 29.7815
      vertex -30.55 7.94896 29.8548
    endloop
  endfacet
  facet normal 1 0 0
    outer loop
      vertex -30.55 6.15 24.2058
      vertex -30.55 7.94896 29.8548
      vertex -30.55 7.87565 29.9384
    endloop
  endfacet
  facet normal 1 0 0
    outer loop
      vertex -30.55 6.15 24.2058
      vertex -30.55 7.87565 29.9384
      vertex -30.55 7.81388 30.0308
    endloop
  endfacet
  facet normal 1 0 0
    outer loop
      vertex -30.55 6.15 24.2058
      vertex -30.55 7.81388 30.0308
      vertex -30.55 7.7647 30.1306
    endloop
  endfacet
  facet normal 1 0 0
    outer loop
      vertex -30.55 6.15 24.2058
      vertex -30.55 7.7647 30.1306
      vertex -30.55 7.72896 30.2358
    endloop
  endfacet
  facet normal 1 0 0
    outer loop
      vertex -30.55 6.15 24.2058
      vertex -30.55 7.72896 30.2358
      vertex -30.55 7.70727 30.3449
    endloop
  endfacet
  facet normal 1 0 0
    outer loop
      vertex -30.55 6.15 24.2058
      vertex -30.55 7.7 30.4558
      vertex -30.55 6.15 36.7058
    endloop
  endfacet
  facet normal 1 0 0
    outer loop
      vertex -30.55 7.7 30.4558
      vertex -30.55 6.15 24.2058
      vertex -30.55 7.70727 30.3449
    endloop
  endfacet
  facet normal 1 0 0
    outer loop
      vertex -30.55 10.8 25.0235
      vertex -30.55 6.15 24.2058
      vertex -30.55 10.8 4
    endloop
  endfacet
  facet normal 1 -0 0
    outer loop
      vertex -30.55 -16.85 24.2058
      vertex -30.55 10.8 4
      vertex -30.55 6.15 24.2058
    endloop
  endfacet
  facet normal 1 -0 0
    outer loop
      vertex -30.55 -18.4073 30.3449
      vertex -30.55 -16.85 24.2058
      vertex -30.55 -18.4 30.4558
    endloop
  endfacet
  facet normal 1 -0 0
    outer loop
      vertex -30.55 -18.429 30.2358
      vertex -30.55 -16.85 24.2058
      vertex -30.55 -18.4073 30.3449
    endloop
  endfacet
  facet normal 1 -0 0
    outer loop
      vertex -30.55 -18.4647 30.1306
      vertex -30.55 -16.85 24.2058
      vertex -30.55 -18.429 30.2358
    endloop
  endfacet
  facet normal 1 -0 0
    outer loop
      vertex -30.55 -18.5139 30.0308
      vertex -30.55 -16.85 24.2058
      vertex -30.55 -18.4647 30.1306
    endloop
  endfacet
  facet normal 1 -0 0
    outer loop
      vertex -30.55 -18.5756 29.9384
      vertex -30.55 -16.85 24.2058
      vertex -30.55 -18.5139 30.0308
    endloop
  endfacet
  facet normal 1 -0 0
    outer loop
      vertex -30.55 -18.649 29.8548
      vertex -30.55 -16.85 24.2058
      vertex -30.55 -18.5756 29.9384
    endloop
  endfacet
  facet normal 1 -0 0
    outer loop
      vertex -30.55 -18.7326 29.7815
      vertex -30.55 -16.85 24.2058
      vertex -30.55 -18.649 29.8548
    endloop
  endfacet
  facet normal 1 -0 0
    outer loop
      vertex -30.55 -18.825 29.7197
      vertex -30.55 -16.85 24.2058
      vertex -30.55 -18.7326 29.7815
    endloop
  endfacet
  facet normal 1 -0 0
    outer loop
      vertex -30.55 -18.9247 29.6705
      vertex -30.55 -16.85 24.2058
      vertex -30.55 -18.825 29.7197
    endloop
  endfacet
  facet normal 1 -0 0
    outer loop
      vertex -30.55 -19.03 29.6348
      vertex -30.55 -16.85 24.2058
      vertex -30.55 -18.9247 29.6705
    endloop
  endfacet
  facet normal 1 -0 0
    outer loop
      vertex -30.55 -19.1391 29.6131
      vertex -30.55 -16.85 24.2058
      vertex -30.55 -19.03 29.6348
    endloop
  endfacet
  facet normal 1 0 0
    outer loop
      vertex -30.55 -21.5 25.0235
      vertex -30.55 -19.1391 29.6131
      vertex -30.55 -19.25 29.6058
    endloop
  endfacet
  facet normal 1 0 0
    outer loop
      vertex -30.55 -21.5 25.0235
      vertex -30.55 -19.25 29.6058
      vertex -30.55 -19.3609 29.6131
    endloop
  endfacet
  facet normal 1 0 0
    outer loop
      vertex -30.55 -21.5 25.0235
      vertex -30.55 -19.3609 29.6131
      vertex -30.55 -19.47 29.6348
    endloop
  endfacet
  facet normal 1 0 0
    outer loop
      vertex -30.55 -21.5 25.0235
      vertex -30.55 -19.47 29.6348
      vertex -30.55 -19.5753 29.6705
    endloop
  endfacet
  facet normal 1 0 0
    outer loop
      vertex -30.55 -21.5 25.0235
      vertex -30.55 -19.5753 29.6705
      vertex -30.55 -19.675 29.7197
    endloop
  endfacet
  facet normal 1 0 0
    outer loop
      vertex -30.55 -21.5 25.0235
      vertex -30.55 -19.675 29.7197
      vertex -30.55 -19.7674 29.7815
    endloop
  endfacet
  facet normal 1 0 0
    outer loop
      vertex -30.55 -21.5 25.0235
      vertex -30.55 -19.7674 29.7815
      vertex -30.55 -19.851 29.8548
    endloop
  endfacet
  facet normal 1 0 0
    outer loop
      vertex -30.55 -21.5 25.0235
      vertex -30.55 -19.851 29.8548
      vertex -30.55 -19.9244 29.9384
    endloop
  endfacet
  facet normal 1 0 0
    outer loop
      vertex -30.55 -21.5 25.0235
      vertex -30.55 -19.9244 29.9384
      vertex -30.55 -19.9861 30.0308
    endloop
  endfacet
  facet normal 1 0 0
    outer loop
      vertex -30.55 -21.5 25.0235
      vertex -30.55 -20.0927 30.3449
      vertex -30.55 -20.1 30.4558
    endloop
  endfacet
  facet normal 1 0 0
    outer loop
      vertex -30.55 -21.5 25.0235
      vertex -30.55 -20.071 30.2358
      vertex -30.55 -20.0927 30.3449
    endloop
  endfacet
  facet normal 1 0 0
    outer loop
      vertex -30.55 -21.5 25.0235
      vertex -30.55 -20.0353 30.1306
      vertex -30.55 -20.071 30.2358
    endloop
  endfacet
  facet normal 1 0 0
    outer loop
      vertex -30.55 -21.5 25.0235
      vertex -30.55 -19.9861 30.0308
      vertex -30.55 -20.0353 30.1306
    endloop
  endfacet
  facet normal 1 0 0
    outer loop
      vertex -30.55 -19.1391 29.6131
      vertex -30.55 -21.5 25.0235
      vertex -30.55 -16.85 24.2058
    endloop
  endfacet
  facet normal 1 0 0
    outer loop
      vertex -30.55 -21.5 4
      vertex -30.55 -16.85 24.2058
      vertex -30.55 -21.5 25.0235
    endloop
  endfacet
  facet normal 1 0 0
    outer loop
      vertex -30.55 -16.85 24.2058
      vertex -30.55 -21.5 4
      vertex -30.55 10.8 4
    endloop
  endfacet
  facet normal -0 0 1
    outer loop
      vertex -34.85 13.8 41.7058
      vertex -30.55 -24.5 41.7058
      vertex -30.55 13.8 41.7058
    endloop
  endfacet
  facet normal 0 0 1
    outer loop
      vertex -30.55 -24.5 41.7058
      vertex -34.85 13.8 41.7058
      vertex -34.85 -24.5 41.7058
    endloop
  endfacet
  facet normal -0 0.195161 0.980771
    outer loop
      vertex 24.75 1.81173 37.2173
      vertex 28.75 0.913683 37.396
      vertex 28.75 1.81173 37.2173
    endloop
  endfacet
  facet normal 0 0.195161 0.980771
    outer loop
      vertex 28.75 0.913683 37.396
      vertex 24.75 1.81173 37.2173
      vertex 24.75 0.913683 37.396
    endloop
  endfacet
  facet normal 0 -0.442305 0.896864
    outer loop
      vertex 24.75 -2.67878 36.923
      vertex 28.75 -3.5 36.518
      vertex 28.75 -2.67878 36.923
    endloop
  endfacet
  facet normal 0 -0.442305 0.896864
    outer loop
      vertex 28.75 -3.5 36.518
      vertex 24.75 -2.67878 36.923
      vertex 24.75 -3.5 36.518
    endloop
  endfacet
  facet normal 0 0.83149 0.555539
    outer loop
      vertex 28.75 6.06218 33.9558
      vertex 24.75 5.55347 34.7172
      vertex 28.75 5.55347 34.7172
    endloop
  endfacet
  facet normal 0 0.83149 0.555539
    outer loop
      vertex 24.75 5.55347 34.7172
      vertex 28.75 6.06218 33.9558
      vertex 24.75 6.06218 33.9558
    endloop
  endfacet
  facet normal 0 -0.980788 0.195076
    outer loop
      vertex 24.75 -6.94011 31.3695
      vertex 28.75 -6.76148 32.2676
      vertex 24.75 -6.76148 32.2676
    endloop
  endfacet
  facet normal 0 -0.980788 0.195076
    outer loop
      vertex 28.75 -6.76148 32.2676
      vertex 24.75 -6.94011 31.3695
      vertex 28.75 -6.94011 31.3695
    endloop
  endfacet
  facet normal 0 -0.983337 0.181793
    outer loop
      vertex 24.75 -12 4
      vertex 28.75 -6.94011 31.3695
      vertex 24.75 -6.94011 31.3695
    endloop
  endfacet
  facet normal 0 -0.983337 0.181793
    outer loop
      vertex 28.75 -6.94011 31.3695
      vertex 24.75 -12 4
      vertex 28.75 -12 4
    endloop
  endfacet
  facet normal 0 0.980788 0.195076
    outer loop
      vertex 28.75 6.94011 31.3695
      vertex 24.75 6.76148 32.2676
      vertex 28.75 6.76148 32.2676
    endloop
  endfacet
  facet normal 0 0.980788 0.195076
    outer loop
      vertex 24.75 6.76148 32.2676
      vertex 28.75 6.94011 31.3695
      vertex 24.75 6.94011 31.3695
    endloop
  endfacet
  facet normal -0 0.442305 0.896864
    outer loop
      vertex 24.75 3.5 36.518
      vertex 28.75 2.67878 36.923
      vertex 28.75 3.5 36.518
    endloop
  endfacet
  facet normal 0 0.442305 0.896864
    outer loop
      vertex 28.75 2.67878 36.923
      vertex 24.75 3.5 36.518
      vertex 24.75 2.67878 36.923
    endloop
  endfacet
  facet normal -0 0.0653097 0.997865
    outer loop
      vertex 24.75 0.913683 37.396
      vertex 28.75 0 37.4558
      vertex 28.75 0.913683 37.396
    endloop
  endfacet
  facet normal 0 0.0653097 0.997865
    outer loop
      vertex 28.75 0 37.4558
      vertex 24.75 0.913683 37.396
      vertex 24.75 0 37.4558
    endloop
  endfacet
  facet normal 0 -0.896869 0.442297
    outer loop
      vertex 24.75 -6.46716 33.1346
      vertex 28.75 -6.06218 33.9558
      vertex 24.75 -6.06218 33.9558
    endloop
  endfacet
  facet normal 0 -0.896869 0.442297
    outer loop
      vertex 28.75 -6.06218 33.9558
      vertex 24.75 -6.46716 33.1346
      vertex 28.75 -6.46716 33.1346
    endloop
  endfacet
  facet normal 0 1 -0
    outer loop
      vertex 28.75 12 0
      vertex 28.496 12 4
      vertex 28.75 12 4
    endloop
  endfacet
  facet normal 0 1 0
    outer loop
      vertex 28.496 12 4
      vertex 28.75 12 0
      vertex 28.496 12 0
    endloop
  endfacet
  facet normal 0 -0.195161 0.980771
    outer loop
      vertex 24.75 -0.913683 37.396
      vertex 28.75 -1.81173 37.2173
      vertex 28.75 -0.913683 37.396
    endloop
  endfacet
  facet normal 0 -0.195161 0.980771
    outer loop
      vertex 28.75 -1.81173 37.2173
      vertex 24.75 -0.913683 37.396
      vertex 24.75 -1.81173 37.2173
    endloop
  endfacet
  facet normal 0 -0.751835 0.659352
    outer loop
      vertex 24.75 -5.55347 34.7172
      vertex 28.75 -4.94975 35.4056
      vertex 24.75 -4.94975 35.4056
    endloop
  endfacet
  facet normal 0 -0.751835 0.659352
    outer loop
      vertex 28.75 -4.94975 35.4056
      vertex 24.75 -5.55347 34.7172
      vertex 28.75 -5.55347 34.7172
    endloop
  endfacet
  facet normal 0 0.751835 0.659352
    outer loop
      vertex 28.75 5.55347 34.7172
      vertex 24.75 4.94975 35.4056
      vertex 28.75 4.94975 35.4056
    endloop
  endfacet
  facet normal 0 0.751835 0.659352
    outer loop
      vertex 24.75 4.94975 35.4056
      vertex 28.75 5.55347 34.7172
      vertex 24.75 5.55347 34.7172
    endloop
  endfacet
  facet normal -0 0.983337 0.181793
    outer loop
      vertex 28.496 12 4
      vertex 28.75 6.94011 31.3695
      vertex 28.75 12 4
    endloop
  endfacet
  facet normal 0 0.983337 0.181793
    outer loop
      vertex 28.75 6.94011 31.3695
      vertex 28.496 12 4
      vertex 24.75 6.94011 31.3695
    endloop
  endfacet
  facet normal 0 0.983337 0.181793
    outer loop
      vertex 24.75 6.94011 31.3695
      vertex 28.496 12 4
      vertex 24.75 12 4
    endloop
  endfacet
  facet normal -0 0.555567 0.831472
    outer loop
      vertex 24.75 4.26133 36.0093
      vertex 28.75 3.5 36.518
      vertex 28.75 4.26133 36.0093
    endloop
  endfacet
  facet normal 0 0.555567 0.831472
    outer loop
      vertex 28.75 3.5 36.518
      vertex 24.75 4.26133 36.0093
      vertex 24.75 3.5 36.518
    endloop
  endfacet
  facet normal -0 0.659328 0.751855
    outer loop
      vertex 24.75 4.94975 35.4056
      vertex 28.75 4.26133 36.0093
      vertex 28.75 4.94975 35.4056
    endloop
  endfacet
  facet normal 0 0.659328 0.751855
    outer loop
      vertex 28.75 4.26133 36.0093
      vertex 24.75 4.94975 35.4056
      vertex 24.75 4.26133 36.0093
    endloop
  endfacet
  facet normal 0 -0.659328 0.751855
    outer loop
      vertex 24.75 -4.26133 36.0093
      vertex 28.75 -4.94975 35.4056
      vertex 28.75 -4.26133 36.0093
    endloop
  endfacet
  facet normal 0 -0.659328 0.751855
    outer loop
      vertex 28.75 -4.94975 35.4056
      vertex 24.75 -4.26133 36.0093
      vertex 24.75 -4.94975 35.4056
    endloop
  endfacet
  facet normal 0 -0.0653097 0.997865
    outer loop
      vertex 24.75 0 37.4558
      vertex 28.75 -0.913683 37.396
      vertex 28.75 0 37.4558
    endloop
  endfacet
  facet normal 0 -0.0653097 0.997865
    outer loop
      vertex 28.75 -0.913683 37.396
      vertex 24.75 0 37.4558
      vertex 24.75 -0.913683 37.396
    endloop
  endfacet
  facet normal 0 -0.321416 0.946938
    outer loop
      vertex 24.75 -1.81173 37.2173
      vertex 28.75 -2.67878 36.923
      vertex 28.75 -1.81173 37.2173
    endloop
  endfacet
  facet normal 0 -0.321416 0.946938
    outer loop
      vertex 28.75 -2.67878 36.923
      vertex 24.75 -1.81173 37.2173
      vertex 24.75 -2.67878 36.923
    endloop
  endfacet
  facet normal 0 -0.946926 0.321452
    outer loop
      vertex 24.75 -6.76148 32.2676
      vertex 28.75 -6.46716 33.1346
      vertex 24.75 -6.46716 33.1346
    endloop
  endfacet
  facet normal 0 -0.946926 0.321452
    outer loop
      vertex 28.75 -6.46716 33.1346
      vertex 24.75 -6.76148 32.2676
      vertex 28.75 -6.76148 32.2676
    endloop
  endfacet
  facet normal 0 0.946926 0.321452
    outer loop
      vertex 28.75 6.76148 32.2676
      vertex 24.75 6.46716 33.1346
      vertex 28.75 6.46716 33.1346
    endloop
  endfacet
  facet normal 0 0.946926 0.321452
    outer loop
      vertex 24.75 6.46716 33.1346
      vertex 28.75 6.76148 32.2676
      vertex 24.75 6.76148 32.2676
    endloop
  endfacet
  facet normal 0 0.896869 0.442297
    outer loop
      vertex 28.75 6.46716 33.1346
      vertex 24.75 6.06218 33.9558
      vertex 28.75 6.06218 33.9558
    endloop
  endfacet
  facet normal 0 0.896869 0.442297
    outer loop
      vertex 24.75 6.06218 33.9558
      vertex 28.75 6.46716 33.1346
      vertex 24.75 6.46716 33.1346
    endloop
  endfacet
  facet normal -0 0.321416 0.946938
    outer loop
      vertex 24.75 2.67878 36.923
      vertex 28.75 1.81173 37.2173
      vertex 28.75 2.67878 36.923
    endloop
  endfacet
  facet normal 0 0.321416 0.946938
    outer loop
      vertex 28.75 1.81173 37.2173
      vertex 24.75 2.67878 36.923
      vertex 24.75 1.81173 37.2173
    endloop
  endfacet
  facet normal 0 -0.83149 0.555539
    outer loop
      vertex 24.75 -6.06218 33.9558
      vertex 28.75 -5.55347 34.7172
      vertex 24.75 -5.55347 34.7172
    endloop
  endfacet
  facet normal 0 -0.83149 0.555539
    outer loop
      vertex 28.75 -5.55347 34.7172
      vertex 24.75 -6.06218 33.9558
      vertex 28.75 -6.06218 33.9558
    endloop
  endfacet
  facet normal 1 0 0
    outer loop
      vertex 28.75 6.94011 31.3695
      vertex 28.75 1.68546 30.6777
      vertex 28.75 1.7 30.4558
    endloop
  endfacet
  facet normal 1 0 0
    outer loop
      vertex 28.75 2.67878 36.923
      vertex 28.75 1.64207 30.8958
      vertex 28.75 1.68546 30.6777
    endloop
  endfacet
  facet normal 1 0 0
    outer loop
      vertex 28.75 2.67878 36.923
      vertex 28.75 1.57059 31.1064
      vertex 28.75 1.64207 30.8958
    endloop
  endfacet
  facet normal 1 0 0
    outer loop
      vertex 28.75 2.67878 36.923
      vertex 28.75 1.47224 31.3058
      vertex 28.75 1.57059 31.1064
    endloop
  endfacet
  facet normal 1 0 0
    outer loop
      vertex 28.75 2.67878 36.923
      vertex 28.75 1.3487 31.4907
      vertex 28.75 1.47224 31.3058
    endloop
  endfacet
  facet normal 1 0 0
    outer loop
      vertex 28.75 2.67878 36.923
      vertex 28.75 1.20208 31.6579
      vertex 28.75 1.3487 31.4907
    endloop
  endfacet
  facet normal 1 0 0
    outer loop
      vertex 28.75 2.67878 36.923
      vertex 28.75 1.03489 31.8045
      vertex 28.75 1.20208 31.6579
    endloop
  endfacet
  facet normal 1 0 0
    outer loop
      vertex 28.75 0.439992 32.0979
      vertex 28.75 1.81173 37.2173
      vertex 28.75 0.913683 37.396
    endloop
  endfacet
  facet normal 1 0 0
    outer loop
      vertex 28.75 2.67878 36.923
      vertex 28.75 0.849999 31.9281
      vertex 28.75 1.03489 31.8045
    endloop
  endfacet
  facet normal 1 0 0
    outer loop
      vertex 28.75 2.67878 36.923
      vertex 28.75 0.650561 32.0264
      vertex 28.75 0.849999 31.9281
    endloop
  endfacet
  facet normal 1 0 0
    outer loop
      vertex 28.75 1.81173 37.2173
      vertex 28.75 0.439992 32.0979
      vertex 28.75 0.650561 32.0264
    endloop
  endfacet
  facet normal 1 0 0
    outer loop
      vertex 28.75 0.913683 37.396
      vertex 28.75 0.221894 32.1413
      vertex 28.75 0.439992 32.0979
    endloop
  endfacet
  facet normal 1 0 0
    outer loop
      vertex 28.75 0 37.4558
      vertex 28.75 0.221894 32.1413
      vertex 28.75 0.913683 37.396
    endloop
  endfacet
  facet normal 1 0 0
    outer loop
      vertex 28.75 0 37.4558
      vertex 28.75 0 32.1558
      vertex 28.75 0.221894 32.1413
    endloop
  endfacet
  facet normal 1 0 0
    outer loop
      vertex 28.75 0 37.4558
      vertex 28.75 -0.221894 32.1413
      vertex 28.75 0 32.1558
    endloop
  endfacet
  facet normal 1 -0 0
    outer loop
      vertex 28.75 -0.913683 37.396
      vertex 28.75 -0.221894 32.1413
      vertex 28.75 0 37.4558
    endloop
  endfacet
  facet normal 1 0 0
    outer loop
      vertex 28.75 -0.221894 32.1413
      vertex 28.75 -0.913683 37.396
      vertex 28.75 -0.439992 32.0979
    endloop
  endfacet
  facet normal 1 -0 0
    outer loop
      vertex 28.75 -1.81173 37.2173
      vertex 28.75 -0.439992 32.0979
      vertex 28.75 -0.913683 37.396
    endloop
  endfacet
  facet normal 1 0 0
    outer loop
      vertex 28.75 -0.439992 32.0979
      vertex 28.75 -1.81173 37.2173
      vertex 28.75 -0.650561 32.0264
    endloop
  endfacet
  facet normal 1 -0 0
    outer loop
      vertex 28.75 -2.67878 36.923
      vertex 28.75 -0.650561 32.0264
      vertex 28.75 -1.81173 37.2173
    endloop
  endfacet
  facet normal 1 0 0
    outer loop
      vertex 28.75 -0.650561 32.0264
      vertex 28.75 -2.67878 36.923
      vertex 28.75 -0.849999 31.9281
    endloop
  endfacet
  facet normal 1 -0 0
    outer loop
      vertex 28.75 -3.5 36.518
      vertex 28.75 -0.849999 31.9281
      vertex 28.75 -2.67878 36.923
    endloop
  endfacet
  facet normal 1 0 0
    outer loop
      vertex 28.75 -0.849999 31.9281
      vertex 28.75 -3.5 36.518
      vertex 28.75 -1.03489 31.8045
    endloop
  endfacet
  facet normal 1 -0 0
    outer loop
      vertex 28.75 -4.26133 36.0093
      vertex 28.75 -1.03489 31.8045
      vertex 28.75 -3.5 36.518
    endloop
  endfacet
  facet normal 1 0 0
    outer loop
      vertex 28.75 -1.03489 31.8045
      vertex 28.75 -4.26133 36.0093
      vertex 28.75 -1.20208 31.6579
    endloop
  endfacet
  facet normal 1 -0 0
    outer loop
      vertex 28.75 -4.94975 35.4056
      vertex 28.75 -1.20208 31.6579
      vertex 28.75 -4.26133 36.0093
    endloop
  endfacet
  facet normal 1 -0 0
    outer loop
      vertex 28.75 -5.55347 34.7172
      vertex 28.75 -1.3487 31.4907
      vertex 28.75 -4.94975 35.4056
    endloop
  endfacet
  facet normal 1 0 0
    outer loop
      vertex 28.75 -1.20208 31.6579
      vertex 28.75 -4.94975 35.4056
      vertex 28.75 -1.3487 31.4907
    endloop
  endfacet
  facet normal 1 -0 0
    outer loop
      vertex 28.75 1.03489 29.1071
      vertex 28.75 12 4
      vertex 28.75 6.94011 31.3695
    endloop
  endfacet
  facet normal 1 0 0
    outer loop
      vertex 28.75 1.68546 30.6777
      vertex 28.75 6.94011 31.3695
      vertex 28.75 6.76148 32.2676
    endloop
  endfacet
  facet normal 1 0 0
    outer loop
      vertex 28.75 1.68546 30.6777
      vertex 28.75 6.76148 32.2676
      vertex 28.75 6.46716 33.1346
    endloop
  endfacet
  facet normal 1 0 0
    outer loop
      vertex 28.75 1.68546 30.6777
      vertex 28.75 6.46716 33.1346
      vertex 28.75 6.06218 33.9558
    endloop
  endfacet
  facet normal 1 0 0
    outer loop
      vertex 28.75 1.68546 30.6777
      vertex 28.75 6.06218 33.9558
      vertex 28.75 5.55347 34.7172
    endloop
  endfacet
  facet normal 1 0 0
    outer loop
      vertex 28.75 1.68546 30.6777
      vertex 28.75 5.55347 34.7172
      vertex 28.75 4.94975 35.4056
    endloop
  endfacet
  facet normal 1 0 0
    outer loop
      vertex 28.75 1.68546 30.6777
      vertex 28.75 4.94975 35.4056
      vertex 28.75 4.26133 36.0093
    endloop
  endfacet
  facet normal 1 0 0
    outer loop
      vertex 28.75 1.68546 30.6777
      vertex 28.75 4.26133 36.0093
      vertex 28.75 3.5 36.518
    endloop
  endfacet
  facet normal 1 0 0
    outer loop
      vertex 28.75 1.68546 30.6777
      vertex 28.75 3.5 36.518
      vertex 28.75 2.67878 36.923
    endloop
  endfacet
  facet normal 1 0 0
    outer loop
      vertex 28.75 0.650561 32.0264
      vertex 28.75 2.67878 36.923
      vertex 28.75 1.81173 37.2173
    endloop
  endfacet
  facet normal 1 0 0
    outer loop
      vertex 28.75 6.94011 31.3695
      vertex 28.75 1.7 30.4558
      vertex 28.75 1.68546 30.2339
    endloop
  endfacet
  facet normal 1 0 0
    outer loop
      vertex 28.75 6.94011 31.3695
      vertex 28.75 1.68546 30.2339
      vertex 28.75 1.64207 30.0159
    endloop
  endfacet
  facet normal 1 0 0
    outer loop
      vertex 28.75 6.94011 31.3695
      vertex 28.75 1.64207 30.0159
      vertex 28.75 1.57059 29.8053
    endloop
  endfacet
  facet normal 1 0 0
    outer loop
      vertex 28.75 6.94011 31.3695
      vertex 28.75 1.57059 29.8053
      vertex 28.75 1.47224 29.6058
    endloop
  endfacet
  facet normal 1 0 0
    outer loop
      vertex 28.75 6.94011 31.3695
      vertex 28.75 1.47224 29.6058
      vertex 28.75 1.3487 29.4209
    endloop
  endfacet
  facet normal 1 0 0
    outer loop
      vertex 28.75 6.94011 31.3695
      vertex 28.75 1.3487 29.4209
      vertex 28.75 1.20208 29.2538
    endloop
  endfacet
  facet normal 1 0 0
    outer loop
      vertex 28.75 6.94011 31.3695
      vertex 28.75 1.20208 29.2538
      vertex 28.75 1.03489 29.1071
    endloop
  endfacet
  facet normal 1 0 0
    outer loop
      vertex 28.75 12 4
      vertex 28.75 1.03489 29.1071
      vertex 28.75 0.849999 28.9836
    endloop
  endfacet
  facet normal 1 -0 0
    outer loop
      vertex 28.75 0.650561 28.8852
      vertex 28.75 12 4
      vertex 28.75 0.849999 28.9836
    endloop
  endfacet
  facet normal 1 -0 0
    outer loop
      vertex 28.75 0.439992 28.8138
      vertex 28.75 12 4
      vertex 28.75 0.650561 28.8852
    endloop
  endfacet
  facet normal 1 -0 0
    outer loop
      vertex 28.75 0.221894 28.7704
      vertex 28.75 12 4
      vertex 28.75 0.439992 28.8138
    endloop
  endfacet
  facet normal 1 -0 0
    outer loop
      vertex 28.75 0 28.7558
      vertex 28.75 12 4
      vertex 28.75 0.221894 28.7704
    endloop
  endfacet
  facet normal 1 0 0
    outer loop
      vertex 28.75 12 4
      vertex 28.75 0 28.7558
      vertex 28.75 -12 4
    endloop
  endfacet
  facet normal 1 0 0
    outer loop
      vertex 28.75 -12 4
      vertex 28.75 0 28.7558
      vertex 28.75 -0.221894 28.7704
    endloop
  endfacet
  facet normal 1 0 0
    outer loop
      vertex 28.75 -12 4
      vertex 28.75 -0.221894 28.7704
      vertex 28.75 -0.439992 28.8138
    endloop
  endfacet
  facet normal 1 0 0
    outer loop
      vertex 28.75 -12 4
      vertex 28.75 -0.439992 28.8138
      vertex 28.75 -0.650561 28.8852
    endloop
  endfacet
  facet normal 1 0 0
    outer loop
      vertex 28.75 -12 4
      vertex 28.75 -0.650561 28.8852
      vertex 28.75 -0.849999 28.9836
    endloop
  endfacet
  facet normal 1 0 0
    outer loop
      vertex 28.75 -12 4
      vertex 28.75 -0.849999 28.9836
      vertex 28.75 -1.03489 29.1071
    endloop
  endfacet
  facet normal 1 0 0
    outer loop
      vertex 28.75 -6.94011 31.3695
      vertex 28.75 -1.03489 29.1071
      vertex 28.75 -1.20208 29.2538
    endloop
  endfacet
  facet normal 1 0 0
    outer loop
      vertex 28.75 -6.94011 31.3695
      vertex 28.75 -1.20208 29.2538
      vertex 28.75 -1.3487 29.4209
    endloop
  endfacet
  facet normal 1 0 0
    outer loop
      vertex 28.75 -6.94011 31.3695
      vertex 28.75 -1.3487 29.4209
      vertex 28.75 -1.47224 29.6058
    endloop
  endfacet
  facet normal 1 0 0
    outer loop
      vertex 28.75 -6.94011 31.3695
      vertex 28.75 -1.47224 29.6058
      vertex 28.75 -1.57059 29.8053
    endloop
  endfacet
  facet normal 1 0 0
    outer loop
      vertex 28.75 -1.3487 31.4907
      vertex 28.75 -5.55347 34.7172
      vertex 28.75 -1.47224 31.3058
    endloop
  endfacet
  facet normal 1 -0 0
    outer loop
      vertex 28.75 -6.06218 33.9558
      vertex 28.75 -1.47224 31.3058
      vertex 28.75 -5.55347 34.7172
    endloop
  endfacet
  facet normal 1 0 0
    outer loop
      vertex 28.75 -1.47224 31.3058
      vertex 28.75 -6.06218 33.9558
      vertex 28.75 -1.57059 31.1064
    endloop
  endfacet
  facet normal 1 -0 0
    outer loop
      vertex 28.75 -6.46716 33.1346
      vertex 28.75 -1.57059 31.1064
      vertex 28.75 -6.06218 33.9558
    endloop
  endfacet
  facet normal 1 0 0
    outer loop
      vertex 28.75 -1.57059 31.1064
      vertex 28.75 -6.46716 33.1346
      vertex 28.75 -1.64207 30.8958
    endloop
  endfacet
  facet normal 1 -0 0
    outer loop
      vertex 28.75 -6.76148 32.2676
      vertex 28.75 -1.64207 30.8958
      vertex 28.75 -6.46716 33.1346
    endloop
  endfacet
  facet normal 1 0 0
    outer loop
      vertex 28.75 -1.64207 30.8958
      vertex 28.75 -6.76148 32.2676
      vertex 28.75 -1.68546 30.6777
    endloop
  endfacet
  facet normal 1 -0 0
    outer loop
      vertex 28.75 -6.94011 31.3695
      vertex 28.75 -1.68546 30.6777
      vertex 28.75 -6.76148 32.2676
    endloop
  endfacet
  facet normal 1 0 0
    outer loop
      vertex 28.75 -1.68546 30.6777
      vertex 28.75 -6.94011 31.3695
      vertex 28.75 -1.7 30.4558
    endloop
  endfacet
  facet normal 1 0 0
    outer loop
      vertex 28.75 -1.7 30.4558
      vertex 28.75 -6.94011 31.3695
      vertex 28.75 -1.68546 30.2339
    endloop
  endfacet
  facet normal 1 0 0
    outer loop
      vertex 28.75 -1.68546 30.2339
      vertex 28.75 -6.94011 31.3695
      vertex 28.75 -1.64207 30.0159
    endloop
  endfacet
  facet normal 1 0 0
    outer loop
      vertex 28.75 -1.64207 30.0159
      vertex 28.75 -6.94011 31.3695
      vertex 28.75 -1.57059 29.8053
    endloop
  endfacet
  facet normal 1 0 0
    outer loop
      vertex 28.75 -1.03489 29.1071
      vertex 28.75 -6.94011 31.3695
      vertex 28.75 -12 4
    endloop
  endfacet
  facet normal 1 0 0
    outer loop
      vertex 28.75 12 4
      vertex 28.75 -12 4
      vertex 28.75 12 0
    endloop
  endfacet
  facet normal 1 0 0
    outer loop
      vertex 28.75 12 0
      vertex 28.75 -12 4
      vertex 28.75 -12 0
    endloop
  endfacet
  facet normal 0 -0.555567 0.831472
    outer loop
      vertex 24.75 -3.5 36.518
      vertex 28.75 -4.26133 36.0093
      vertex 28.75 -3.5 36.518
    endloop
  endfacet
  facet normal 0 -0.555567 0.831472
    outer loop
      vertex 28.75 -4.26133 36.0093
      vertex 24.75 -3.5 36.518
      vertex 24.75 -4.26133 36.0093
    endloop
  endfacet
  facet normal -1 0 0
    outer loop
      vertex 24.75 1.03489 29.1071
      vertex 24.75 6.94011 31.3695
      vertex 24.75 12 4
    endloop
  endfacet
  facet normal -1 0 -0
    outer loop
      vertex 24.75 1.3487 29.4209
      vertex 24.75 6.94011 31.3695
      vertex 24.75 1.20208 29.2538
    endloop
  endfacet
  facet normal -1 0 -0
    outer loop
      vertex 24.75 1.57059 29.8053
      vertex 24.75 6.94011 31.3695
      vertex 24.75 1.47224 29.6058
    endloop
  endfacet
  facet normal -1 0 -0
    outer loop
      vertex 24.75 1.64207 30.0159
      vertex 24.75 6.94011 31.3695
      vertex 24.75 1.57059 29.8053
    endloop
  endfacet
  facet normal -1 0 -0
    outer loop
      vertex 24.75 1.7 30.4558
      vertex 24.75 6.94011 31.3695
      vertex 24.75 1.68546 30.2339
    endloop
  endfacet
  facet normal -1 -0 0
    outer loop
      vertex 24.75 6.94011 31.3695
      vertex 24.75 1.68546 30.6777
      vertex 24.75 6.76148 32.2676
    endloop
  endfacet
  facet normal -1 -0 0
    outer loop
      vertex 24.75 6.76148 32.2676
      vertex 24.75 1.64207 30.8958
      vertex 24.75 6.46716 33.1346
    endloop
  endfacet
  facet normal -1 -0 0
    outer loop
      vertex 24.75 6.46716 33.1346
      vertex 24.75 1.57059 31.1064
      vertex 24.75 6.06218 33.9558
    endloop
  endfacet
  facet normal -1 -0 0
    outer loop
      vertex 24.75 6.06218 33.9558
      vertex 24.75 1.47224 31.3058
      vertex 24.75 5.55347 34.7172
    endloop
  endfacet
  facet normal -1 0 0
    outer loop
      vertex 24.75 1.3487 31.4907
      vertex 24.75 5.55347 34.7172
      vertex 24.75 1.47224 31.3058
    endloop
  endfacet
  facet normal -1 0 0
    outer loop
      vertex 24.75 1.47224 31.3058
      vertex 24.75 6.06218 33.9558
      vertex 24.75 1.57059 31.1064
    endloop
  endfacet
  facet normal -1 0 0
    outer loop
      vertex 24.75 1.57059 31.1064
      vertex 24.75 6.46716 33.1346
      vertex 24.75 1.64207 30.8958
    endloop
  endfacet
  facet normal -1 0 0
    outer loop
      vertex 24.75 1.64207 30.8958
      vertex 24.75 6.76148 32.2676
      vertex 24.75 1.68546 30.6777
    endloop
  endfacet
  facet normal -1 0 0
    outer loop
      vertex 24.75 1.68546 30.6777
      vertex 24.75 6.94011 31.3695
      vertex 24.75 1.7 30.4558
    endloop
  endfacet
  facet normal -1 0 -0
    outer loop
      vertex 24.75 1.68546 30.2339
      vertex 24.75 6.94011 31.3695
      vertex 24.75 1.64207 30.0159
    endloop
  endfacet
  facet normal -1 0 -0
    outer loop
      vertex 24.75 1.47224 29.6058
      vertex 24.75 6.94011 31.3695
      vertex 24.75 1.3487 29.4209
    endloop
  endfacet
  facet normal -1 0 0
    outer loop
      vertex 24.75 6.94011 31.3695
      vertex 24.75 1.03489 29.1071
      vertex 24.75 1.20208 29.2538
    endloop
  endfacet
  facet normal -1 0 0
    outer loop
      vertex 24.75 12 4
      vertex 24.75 0.849999 28.9836
      vertex 24.75 1.03489 29.1071
    endloop
  endfacet
  facet normal -1 0 0
    outer loop
      vertex 24.75 12 4
      vertex 24.75 0.650561 28.8852
      vertex 24.75 0.849999 28.9836
    endloop
  endfacet
  facet normal -1 0 0
    outer loop
      vertex 24.75 12 4
      vertex 24.75 0.439992 28.8138
      vertex 24.75 0.650561 28.8852
    endloop
  endfacet
  facet normal -1 0 0
    outer loop
      vertex 24.75 12 4
      vertex 24.75 0.221894 28.7704
      vertex 24.75 0.439992 28.8138
    endloop
  endfacet
  facet normal -1 0 0
    outer loop
      vertex 24.75 12 4
      vertex 24.75 0 28.7558
      vertex 24.75 0.221894 28.7704
    endloop
  endfacet
  facet normal -1 0 0
    outer loop
      vertex 24.75 -12 4
      vertex 24.75 0 28.7558
      vertex 24.75 12 4
    endloop
  endfacet
  facet normal -1 -0 0
    outer loop
      vertex 24.75 0 28.7558
      vertex 24.75 -12 4
      vertex 24.75 -0.221894 28.7704
    endloop
  endfacet
  facet normal -1 -0 0
    outer loop
      vertex 24.75 -0.221894 28.7704
      vertex 24.75 -12 4
      vertex 24.75 -0.439992 28.8138
    endloop
  endfacet
  facet normal -1 -0 0
    outer loop
      vertex 24.75 -0.439992 28.8138
      vertex 24.75 -12 4
      vertex 24.75 -0.650561 28.8852
    endloop
  endfacet
  facet normal -1 -0 0
    outer loop
      vertex 24.75 -0.650561 28.8852
      vertex 24.75 -12 4
      vertex 24.75 -0.849999 28.9836
    endloop
  endfacet
  facet normal -1 -0 0
    outer loop
      vertex 24.75 -0.849999 28.9836
      vertex 24.75 -12 4
      vertex 24.75 -1.03489 29.1071
    endloop
  endfacet
  facet normal -1 0 -0
    outer loop
      vertex 24.75 -6.94011 31.3695
      vertex 24.75 -1.03489 29.1071
      vertex 24.75 -12 4
    endloop
  endfacet
  facet normal -1 0 0
    outer loop
      vertex 24.75 -1.03489 29.1071
      vertex 24.75 -6.94011 31.3695
      vertex 24.75 -1.20208 29.2538
    endloop
  endfacet
  facet normal -1 0 0
    outer loop
      vertex 24.75 -0.650561 32.0264
      vertex 24.75 -2.67878 36.923
      vertex 24.75 -1.81173 37.2173
    endloop
  endfacet
  facet normal -1 0 0
    outer loop
      vertex 24.75 -6.94011 31.3695
      vertex 24.75 -1.7 30.4558
      vertex 24.75 -1.68546 30.2339
    endloop
  endfacet
  facet normal -1 0 0
    outer loop
      vertex 24.75 -1.68546 30.6777
      vertex 24.75 -3.5 36.518
      vertex 24.75 -2.67878 36.923
    endloop
  endfacet
  facet normal -1 0 0
    outer loop
      vertex 24.75 -6.94011 31.3695
      vertex 24.75 -1.68546 30.2339
      vertex 24.75 -1.64207 30.0159
    endloop
  endfacet
  facet normal -1 0 0
    outer loop
      vertex 24.75 -1.68546 30.6777
      vertex 24.75 -4.26133 36.0093
      vertex 24.75 -3.5 36.518
    endloop
  endfacet
  facet normal -1 0 0
    outer loop
      vertex 24.75 -6.94011 31.3695
      vertex 24.75 -1.64207 30.0159
      vertex 24.75 -1.57059 29.8053
    endloop
  endfacet
  facet normal -1 0 0
    outer loop
      vertex 24.75 -1.68546 30.6777
      vertex 24.75 -4.94975 35.4056
      vertex 24.75 -4.26133 36.0093
    endloop
  endfacet
  facet normal -1 0 0
    outer loop
      vertex 24.75 -6.94011 31.3695
      vertex 24.75 -1.57059 29.8053
      vertex 24.75 -1.47224 29.6058
    endloop
  endfacet
  facet normal -1 0 0
    outer loop
      vertex 24.75 -1.20208 29.2538
      vertex 24.75 -6.94011 31.3695
      vertex 24.75 -1.3487 29.4209
    endloop
  endfacet
  facet normal -1 0 0
    outer loop
      vertex 24.75 -1.68546 30.6777
      vertex 24.75 -6.94011 31.3695
      vertex 24.75 -6.76148 32.2676
    endloop
  endfacet
  facet normal -1 0 0
    outer loop
      vertex 24.75 -1.68546 30.6777
      vertex 24.75 -5.55347 34.7172
      vertex 24.75 -4.94975 35.4056
    endloop
  endfacet
  facet normal -1 0 0
    outer loop
      vertex 24.75 -1.68546 30.6777
      vertex 24.75 -6.06218 33.9558
      vertex 24.75 -5.55347 34.7172
    endloop
  endfacet
  facet normal -1 0 0
    outer loop
      vertex 24.75 -1.68546 30.6777
      vertex 24.75 -6.46716 33.1346
      vertex 24.75 -6.06218 33.9558
    endloop
  endfacet
  facet normal -1 0 0
    outer loop
      vertex 24.75 -1.68546 30.6777
      vertex 24.75 -6.76148 32.2676
      vertex 24.75 -6.46716 33.1346
    endloop
  endfacet
  facet normal -1 0 0
    outer loop
      vertex 24.75 -1.3487 29.4209
      vertex 24.75 -6.94011 31.3695
      vertex 24.75 -1.47224 29.6058
    endloop
  endfacet
  facet normal -1 -0 0
    outer loop
      vertex 24.75 5.55347 34.7172
      vertex 24.75 1.3487 31.4907
      vertex 24.75 4.94975 35.4056
    endloop
  endfacet
  facet normal -1 0 0
    outer loop
      vertex 24.75 1.20208 31.6579
      vertex 24.75 4.94975 35.4056
      vertex 24.75 1.3487 31.4907
    endloop
  endfacet
  facet normal -1 -0 0
    outer loop
      vertex 24.75 4.94975 35.4056
      vertex 24.75 1.20208 31.6579
      vertex 24.75 4.26133 36.0093
    endloop
  endfacet
  facet normal -1 0 0
    outer loop
      vertex 24.75 1.03489 31.8045
      vertex 24.75 4.26133 36.0093
      vertex 24.75 1.20208 31.6579
    endloop
  endfacet
  facet normal -1 -0 0
    outer loop
      vertex 24.75 4.26133 36.0093
      vertex 24.75 1.03489 31.8045
      vertex 24.75 3.5 36.518
    endloop
  endfacet
  facet normal -1 0 0
    outer loop
      vertex 24.75 0.849999 31.9281
      vertex 24.75 3.5 36.518
      vertex 24.75 1.03489 31.8045
    endloop
  endfacet
  facet normal -1 -0 0
    outer loop
      vertex 24.75 3.5 36.518
      vertex 24.75 0.849999 31.9281
      vertex 24.75 2.67878 36.923
    endloop
  endfacet
  facet normal -1 0 0
    outer loop
      vertex 24.75 0.650561 32.0264
      vertex 24.75 2.67878 36.923
      vertex 24.75 0.849999 31.9281
    endloop
  endfacet
  facet normal -1 -0 0
    outer loop
      vertex 24.75 2.67878 36.923
      vertex 24.75 0.650561 32.0264
      vertex 24.75 1.81173 37.2173
    endloop
  endfacet
  facet normal -1 0 0
    outer loop
      vertex 24.75 0.439992 32.0979
      vertex 24.75 1.81173 37.2173
      vertex 24.75 0.650561 32.0264
    endloop
  endfacet
  facet normal -1 -0 0
    outer loop
      vertex 24.75 1.81173 37.2173
      vertex 24.75 0.439992 32.0979
      vertex 24.75 0.913683 37.396
    endloop
  endfacet
  facet normal -1 0 0
    outer loop
      vertex 24.75 0.221894 32.1413
      vertex 24.75 0.913683 37.396
      vertex 24.75 0.439992 32.0979
    endloop
  endfacet
  facet normal -1 0 0
    outer loop
      vertex 24.75 0 32.1558
      vertex 24.75 0.913683 37.396
      vertex 24.75 0.221894 32.1413
    endloop
  endfacet
  facet normal -1 0 0
    outer loop
      vertex 24.75 0 32.1558
      vertex 24.75 0 37.4558
      vertex 24.75 0.913683 37.396
    endloop
  endfacet
  facet normal -1 0 0
    outer loop
      vertex 24.75 -0.221894 32.1413
      vertex 24.75 0 37.4558
      vertex 24.75 0 32.1558
    endloop
  endfacet
  facet normal -1 0 0
    outer loop
      vertex 24.75 -0.913683 37.396
      vertex 24.75 -0.221894 32.1413
      vertex 24.75 -0.439992 32.0979
    endloop
  endfacet
  facet normal -1 0 0
    outer loop
      vertex 24.75 -1.81173 37.2173
      vertex 24.75 -0.439992 32.0979
      vertex 24.75 -0.650561 32.0264
    endloop
  endfacet
  facet normal -1 0 0
    outer loop
      vertex 24.75 -2.67878 36.923
      vertex 24.75 -0.650561 32.0264
      vertex 24.75 -0.849999 31.9281
    endloop
  endfacet
  facet normal -1 0 0
    outer loop
      vertex 24.75 -0.221894 32.1413
      vertex 24.75 -0.913683 37.396
      vertex 24.75 0 37.4558
    endloop
  endfacet
  facet normal -1 0 0
    outer loop
      vertex 24.75 -2.67878 36.923
      vertex 24.75 -0.849999 31.9281
      vertex 24.75 -1.03489 31.8045
    endloop
  endfacet
  facet normal -1 0 0
    outer loop
      vertex 24.75 -2.67878 36.923
      vertex 24.75 -1.03489 31.8045
      vertex 24.75 -1.20208 31.6579
    endloop
  endfacet
  facet normal -1 0 0
    outer loop
      vertex 24.75 -2.67878 36.923
      vertex 24.75 -1.20208 31.6579
      vertex 24.75 -1.3487 31.4907
    endloop
  endfacet
  facet normal -1 0 0
    outer loop
      vertex 24.75 -2.67878 36.923
      vertex 24.75 -1.3487 31.4907
      vertex 24.75 -1.47224 31.3058
    endloop
  endfacet
  facet normal -1 0 0
    outer loop
      vertex 24.75 -2.67878 36.923
      vertex 24.75 -1.47224 31.3058
      vertex 24.75 -1.57059 31.1064
    endloop
  endfacet
  facet normal -1 0 0
    outer loop
      vertex 24.75 -2.67878 36.923
      vertex 24.75 -1.57059 31.1064
      vertex 24.75 -1.64207 30.8958
    endloop
  endfacet
  facet normal -1 0 0
    outer loop
      vertex 24.75 -2.67878 36.923
      vertex 24.75 -1.64207 30.8958
      vertex 24.75 -1.68546 30.6777
    endloop
  endfacet
  facet normal -1 0 0
    outer loop
      vertex 24.75 -0.439992 32.0979
      vertex 24.75 -1.81173 37.2173
      vertex 24.75 -0.913683 37.396
    endloop
  endfacet
  facet normal -1 0 0
    outer loop
      vertex 24.75 -6.94011 31.3695
      vertex 24.75 -1.68546 30.6777
      vertex 24.75 -1.7 30.4558
    endloop
  endfacet
  facet normal -0.980786 -0.195086 0
    outer loop
      vertex -6.90941 0.143579 1.8
      vertex -6.93748 0.2847 4
      vertex -6.93748 0.2847 1.8
    endloop
  endfacet
  facet normal -0.980786 -0.195086 0
    outer loop
      vertex -6.93748 0.2847 4
      vertex -6.90941 0.143579 1.8
      vertex -6.90941 0.143579 4
    endloop
  endfacet
  facet normal -0.997859 -0.0653985 0
    outer loop
      vertex -6.9 0 1.8
      vertex -6.90941 0.143579 4
      vertex -6.90941 0.143579 1.8
    endloop
  endfacet
  facet normal -0.997859 -0.0653985 0
    outer loop
      vertex -6.90941 0.143579 4
      vertex -6.9 0 1.8
      vertex -6.9 0 4
    endloop
  endfacet
  facet normal -0.321435 -0.946931 0
    outer loop
      vertex -7.7153 1.06252 1.8
      vertex -7.57905 1.01627 4
      vertex -7.7153 1.06252 4
    endloop
  endfacet
  facet normal -0.321435 -0.946931 -0
    outer loop
      vertex -7.57905 1.01627 4
      vertex -7.7153 1.06252 1.8
      vertex -7.57905 1.01627 1.8
    endloop
  endfacet
  facet normal 0.195087 0.980786 -0
    outer loop
      vertex -8.14358 -1.09059 1.8
      vertex -8.2847 -1.06252 4
      vertex -8.14358 -1.09059 4
    endloop
  endfacet
  facet normal 0.195087 0.980786 0
    outer loop
      vertex -8.2847 -1.06252 4
      vertex -8.14358 -1.09059 1.8
      vertex -8.2847 -1.06252 1.8
    endloop
  endfacet
  facet normal 0.659345 0.751841 -0
    outer loop
      vertex -8.66964 -0.872688 1.8
      vertex -8.77782 -0.777817 4
      vertex -8.66964 -0.872688 4
    endloop
  endfacet
  facet normal 0.659345 0.751841 0
    outer loop
      vertex -8.77782 -0.777817 4
      vertex -8.66964 -0.872688 1.8
      vertex -8.77782 -0.777817 1.8
    endloop
  endfacet
  facet normal -0.751844 0.659341 0
    outer loop
      vertex -7.22218 -0.777817 1.8
      vertex -7.12731 -0.669637 4
      vertex -7.12731 -0.669637 1.8
    endloop
  endfacet
  facet normal -0.751844 0.659341 0
    outer loop
      vertex -7.12731 -0.669637 4
      vertex -7.22218 -0.777817 1.8
      vertex -7.22218 -0.777817 4
    endloop
  endfacet
  facet normal 0.946932 -0.321433 0
    outer loop
      vertex -9.06252 0.2847 4
      vertex -9.01627 0.420951 1.8
      vertex -9.01627 0.420951 4
    endloop
  endfacet
  facet normal 0.946932 -0.321433 0
    outer loop
      vertex -9.01627 0.420951 1.8
      vertex -9.06252 0.2847 4
      vertex -9.06252 0.2847 1.8
    endloop
  endfacet
  facet normal -0.321435 0.946931 0
    outer loop
      vertex -7.57905 -1.01627 1.8
      vertex -7.7153 -1.06252 4
      vertex -7.57905 -1.01627 4
    endloop
  endfacet
  facet normal -0.321435 0.946931 0
    outer loop
      vertex -7.7153 -1.06252 4
      vertex -7.57905 -1.01627 1.8
      vertex -7.7153 -1.06252 1.8
    endloop
  endfacet
  facet normal 0.321435 -0.946931 0
    outer loop
      vertex -8.42095 1.01627 1.8
      vertex -8.2847 1.06252 4
      vertex -8.42095 1.01627 4
    endloop
  endfacet
  facet normal 0.321435 -0.946931 0
    outer loop
      vertex -8.2847 1.06252 4
      vertex -8.42095 1.01627 1.8
      vertex -8.2847 1.06252 1.8
    endloop
  endfacet
  facet normal -0.659345 -0.751841 0
    outer loop
      vertex -7.33036 0.872688 1.8
      vertex -7.22218 0.777817 4
      vertex -7.33036 0.872688 4
    endloop
  endfacet
  facet normal -0.659345 -0.751841 -0
    outer loop
      vertex -7.22218 0.777817 4
      vertex -7.33036 0.872688 1.8
      vertex -7.22218 0.777817 1.8
    endloop
  endfacet
  facet normal 0.997859 0.0653985 0
    outer loop
      vertex -9.09059 -0.143579 4
      vertex -9.1 0 1.8
      vertex -9.1 0 4
    endloop
  endfacet
  facet normal 0.997859 0.0653985 0
    outer loop
      vertex -9.1 0 1.8
      vertex -9.09059 -0.143579 4
      vertex -9.09059 -0.143579 1.8
    endloop
  endfacet
  facet normal 0.0653981 0.997859 -0
    outer loop
      vertex -8 -1.1 1.8
      vertex -8.14358 -1.09059 4
      vertex -8 -1.1 4
    endloop
  endfacet
  facet normal 0.0653981 0.997859 0
    outer loop
      vertex -8.14358 -1.09059 4
      vertex -8 -1.1 1.8
      vertex -8.14358 -1.09059 1.8
    endloop
  endfacet
  facet normal -0.980786 0.195086 0
    outer loop
      vertex -6.93748 -0.2847 1.8
      vertex -6.90941 -0.143579 4
      vertex -6.90941 -0.143579 1.8
    endloop
  endfacet
  facet normal -0.980786 0.195086 0
    outer loop
      vertex -6.90941 -0.143579 4
      vertex -6.93748 -0.2847 1.8
      vertex -6.93748 -0.2847 4
    endloop
  endfacet
  facet normal -0.751844 -0.659341 0
    outer loop
      vertex -7.12731 0.669637 1.8
      vertex -7.22218 0.777817 4
      vertex -7.22218 0.777817 1.8
    endloop
  endfacet
  facet normal -0.751844 -0.659341 0
    outer loop
      vertex -7.22218 0.777817 4
      vertex -7.12731 0.669637 1.8
      vertex -7.12731 0.669637 4
    endloop
  endfacet
  facet normal 0.980786 -0.195086 0
    outer loop
      vertex -9.09059 0.143579 4
      vertex -9.06252 0.2847 1.8
      vertex -9.06252 0.2847 4
    endloop
  endfacet
  facet normal 0.980786 -0.195086 0
    outer loop
      vertex -9.06252 0.2847 1.8
      vertex -9.09059 0.143579 4
      vertex -9.09059 0.143579 1.8
    endloop
  endfacet
  facet normal -0.896871 0.442292 0
    outer loop
      vertex -7.04737 -0.549999 1.8
      vertex -6.98373 -0.420951 4
      vertex -6.98373 -0.420951 1.8
    endloop
  endfacet
  facet normal -0.896871 0.442292 0
    outer loop
      vertex -6.98373 -0.420951 4
      vertex -7.04737 -0.549999 1.8
      vertex -7.04737 -0.549999 4
    endloop
  endfacet
  facet normal 0.946932 0.321433 0
    outer loop
      vertex -9.01627 -0.420951 4
      vertex -9.06252 -0.2847 1.8
      vertex -9.06252 -0.2847 4
    endloop
  endfacet
  facet normal 0.946932 0.321433 0
    outer loop
      vertex -9.06252 -0.2847 1.8
      vertex -9.01627 -0.420951 4
      vertex -9.01627 -0.420951 1.8
    endloop
  endfacet
  facet normal -0.0653981 -0.997859 0
    outer loop
      vertex -8 1.1 1.8
      vertex -7.85642 1.09059 4
      vertex -8 1.1 4
    endloop
  endfacet
  facet normal -0.0653981 -0.997859 -0
    outer loop
      vertex -7.85642 1.09059 4
      vertex -8 1.1 1.8
      vertex -7.85642 1.09059 1.8
    endloop
  endfacet
  facet normal 0.980786 0.195086 0
    outer loop
      vertex -9.06252 -0.2847 4
      vertex -9.09059 -0.143579 1.8
      vertex -9.09059 -0.143579 4
    endloop
  endfacet
  facet normal 0.980786 0.195086 0
    outer loop
      vertex -9.09059 -0.143579 1.8
      vertex -9.06252 -0.2847 4
      vertex -9.06252 -0.2847 1.8
    endloop
  endfacet
  facet normal -0.195087 -0.980786 0
    outer loop
      vertex -7.85642 1.09059 1.8
      vertex -7.7153 1.06252 4
      vertex -7.85642 1.09059 4
    endloop
  endfacet
  facet normal -0.195087 -0.980786 -0
    outer loop
      vertex -7.7153 1.06252 4
      vertex -7.85642 1.09059 1.8
      vertex -7.7153 1.06252 1.8
    endloop
  endfacet
  facet normal 0.751844 0.659341 0
    outer loop
      vertex -8.77782 -0.777817 4
      vertex -8.87269 -0.669637 1.8
      vertex -8.87269 -0.669637 4
    endloop
  endfacet
  facet normal 0.751844 0.659341 0
    outer loop
      vertex -8.87269 -0.669637 1.8
      vertex -8.77782 -0.777817 4
      vertex -8.77782 -0.777817 1.8
    endloop
  endfacet
  facet normal 0.659345 -0.751841 0
    outer loop
      vertex -8.77782 0.777817 1.8
      vertex -8.66964 0.872688 4
      vertex -8.77782 0.777817 4
    endloop
  endfacet
  facet normal 0.659345 -0.751841 0
    outer loop
      vertex -8.66964 0.872688 4
      vertex -8.77782 0.777817 1.8
      vertex -8.66964 0.872688 1.8
    endloop
  endfacet
  facet normal 0.896871 -0.442292 0
    outer loop
      vertex -9.01627 0.420951 4
      vertex -8.95263 0.549999 1.8
      vertex -8.95263 0.549999 4
    endloop
  endfacet
  facet normal 0.896871 -0.442292 0
    outer loop
      vertex -8.95263 0.549999 1.8
      vertex -9.01627 0.420951 4
      vertex -9.01627 0.420951 1.8
    endloop
  endfacet
  facet normal -0.831468 0.555572 0
    outer loop
      vertex -7.12731 -0.669637 1.8
      vertex -7.04737 -0.549999 4
      vertex -7.04737 -0.549999 1.8
    endloop
  endfacet
  facet normal -0.831468 0.555572 0
    outer loop
      vertex -7.04737 -0.549999 4
      vertex -7.12731 -0.669637 1.8
      vertex -7.12731 -0.669637 4
    endloop
  endfacet
  facet normal -0.831468 -0.555572 0
    outer loop
      vertex -7.04737 0.549999 1.8
      vertex -7.12731 0.669637 4
      vertex -7.12731 0.669637 1.8
    endloop
  endfacet
  facet normal -0.831468 -0.555572 0
    outer loop
      vertex -7.12731 0.669637 4
      vertex -7.04737 0.549999 1.8
      vertex -7.04737 0.549999 4
    endloop
  endfacet
  facet normal -0.659345 0.751841 0
    outer loop
      vertex -7.22218 -0.777817 1.8
      vertex -7.33036 -0.872688 4
      vertex -7.22218 -0.777817 4
    endloop
  endfacet
  facet normal -0.659345 0.751841 0
    outer loop
      vertex -7.33036 -0.872688 4
      vertex -7.22218 -0.777817 1.8
      vertex -7.33036 -0.872688 1.8
    endloop
  endfacet
  facet normal 0.831468 0.555572 0
    outer loop
      vertex -8.87269 -0.669637 4
      vertex -8.95263 -0.549999 1.8
      vertex -8.95263 -0.549999 4
    endloop
  endfacet
  facet normal 0.831468 0.555572 0
    outer loop
      vertex -8.95263 -0.549999 1.8
      vertex -8.87269 -0.669637 4
      vertex -8.87269 -0.669637 1.8
    endloop
  endfacet
  facet normal -0.997859 0.0653985 0
    outer loop
      vertex -6.90941 -0.143579 1.8
      vertex -6.9 0 4
      vertex -6.9 0 1.8
    endloop
  endfacet
  facet normal -0.997859 0.0653985 0
    outer loop
      vertex -6.9 0 4
      vertex -6.90941 -0.143579 1.8
      vertex -6.90941 -0.143579 4
    endloop
  endfacet
  facet normal 0.195087 -0.980786 0
    outer loop
      vertex -8.2847 1.06252 1.8
      vertex -8.14358 1.09059 4
      vertex -8.2847 1.06252 4
    endloop
  endfacet
  facet normal 0.195087 -0.980786 0
    outer loop
      vertex -8.14358 1.09059 4
      vertex -8.2847 1.06252 1.8
      vertex -8.14358 1.09059 1.8
    endloop
  endfacet
  facet normal -0.555561 -0.831476 0
    outer loop
      vertex -7.45 0.952627 1.8
      vertex -7.33036 0.872688 4
      vertex -7.45 0.952627 4
    endloop
  endfacet
  facet normal -0.555561 -0.831476 -0
    outer loop
      vertex -7.33036 0.872688 4
      vertex -7.45 0.952627 1.8
      vertex -7.33036 0.872688 1.8
    endloop
  endfacet
  facet normal -0.442303 -0.896866 0
    outer loop
      vertex -7.57905 1.01627 1.8
      vertex -7.45 0.952627 4
      vertex -7.57905 1.01627 4
    endloop
  endfacet
  facet normal -0.442303 -0.896866 -0
    outer loop
      vertex -7.45 0.952627 4
      vertex -7.57905 1.01627 1.8
      vertex -7.45 0.952627 1.8
    endloop
  endfacet
  facet normal 0.0653981 -0.997859 0
    outer loop
      vertex -8.14358 1.09059 1.8
      vertex -8 1.1 4
      vertex -8.14358 1.09059 4
    endloop
  endfacet
  facet normal 0.0653981 -0.997859 0
    outer loop
      vertex -8 1.1 4
      vertex -8.14358 1.09059 1.8
      vertex -8 1.1 1.8
    endloop
  endfacet
  facet normal -0.0653981 0.997859 0
    outer loop
      vertex -7.85642 -1.09059 1.8
      vertex -8 -1.1 4
      vertex -7.85642 -1.09059 4
    endloop
  endfacet
  facet normal -0.0653981 0.997859 0
    outer loop
      vertex -8 -1.1 4
      vertex -7.85642 -1.09059 1.8
      vertex -8 -1.1 1.8
    endloop
  endfacet
  facet normal 0.896871 0.442292 0
    outer loop
      vertex -8.95263 -0.549999 4
      vertex -9.01627 -0.420951 1.8
      vertex -9.01627 -0.420951 4
    endloop
  endfacet
  facet normal 0.896871 0.442292 0
    outer loop
      vertex -9.01627 -0.420951 1.8
      vertex -8.95263 -0.549999 4
      vertex -8.95263 -0.549999 1.8
    endloop
  endfacet
  facet normal -0.896871 -0.442292 0
    outer loop
      vertex -6.98373 0.420951 1.8
      vertex -7.04737 0.549999 4
      vertex -7.04737 0.549999 1.8
    endloop
  endfacet
  facet normal -0.896871 -0.442292 0
    outer loop
      vertex -7.04737 0.549999 4
      vertex -6.98373 0.420951 1.8
      vertex -6.98373 0.420951 4
    endloop
  endfacet
  facet normal -0.195087 0.980786 0
    outer loop
      vertex -7.7153 -1.06252 1.8
      vertex -7.85642 -1.09059 4
      vertex -7.7153 -1.06252 4
    endloop
  endfacet
  facet normal -0.195087 0.980786 0
    outer loop
      vertex -7.85642 -1.09059 4
      vertex -7.7153 -1.06252 1.8
      vertex -7.85642 -1.09059 1.8
    endloop
  endfacet
  facet normal 0.751844 -0.659341 0
    outer loop
      vertex -8.87269 0.669637 4
      vertex -8.77782 0.777817 1.8
      vertex -8.77782 0.777817 4
    endloop
  endfacet
  facet normal 0.751844 -0.659341 0
    outer loop
      vertex -8.77782 0.777817 1.8
      vertex -8.87269 0.669637 4
      vertex -8.87269 0.669637 1.8
    endloop
  endfacet
  facet normal -0.946932 -0.321433 0
    outer loop
      vertex -6.93748 0.2847 1.8
      vertex -6.98373 0.420951 4
      vertex -6.98373 0.420951 1.8
    endloop
  endfacet
  facet normal -0.946932 -0.321433 0
    outer loop
      vertex -6.98373 0.420951 4
      vertex -6.93748 0.2847 1.8
      vertex -6.93748 0.2847 4
    endloop
  endfacet
  facet normal -0.555561 0.831476 0
    outer loop
      vertex -7.33036 -0.872688 1.8
      vertex -7.45 -0.952627 4
      vertex -7.33036 -0.872688 4
    endloop
  endfacet
  facet normal -0.555561 0.831476 0
    outer loop
      vertex -7.45 -0.952627 4
      vertex -7.33036 -0.872688 1.8
      vertex -7.45 -0.952627 1.8
    endloop
  endfacet
  facet normal -0.946932 0.321433 0
    outer loop
      vertex -6.98373 -0.420951 1.8
      vertex -6.93748 -0.2847 4
      vertex -6.93748 -0.2847 1.8
    endloop
  endfacet
  facet normal -0.946932 0.321433 0
    outer loop
      vertex -6.93748 -0.2847 4
      vertex -6.98373 -0.420951 1.8
      vertex -6.98373 -0.420951 4
    endloop
  endfacet
  facet normal 0.997859 -0.0653985 0
    outer loop
      vertex -9.1 0 4
      vertex -9.09059 0.143579 1.8
      vertex -9.09059 0.143579 4
    endloop
  endfacet
  facet normal 0.997859 -0.0653985 0
    outer loop
      vertex -9.09059 0.143579 1.8
      vertex -9.1 0 4
      vertex -9.1 0 1.8
    endloop
  endfacet
  facet normal 0.321435 0.946931 -0
    outer loop
      vertex -8.2847 -1.06252 1.8
      vertex -8.42095 -1.01627 4
      vertex -8.2847 -1.06252 4
    endloop
  endfacet
  facet normal 0.321435 0.946931 0
    outer loop
      vertex -8.42095 -1.01627 4
      vertex -8.2847 -1.06252 1.8
      vertex -8.42095 -1.01627 1.8
    endloop
  endfacet
  facet normal 0.442303 -0.896866 0
    outer loop
      vertex -8.55 0.952627 1.8
      vertex -8.42095 1.01627 4
      vertex -8.55 0.952627 4
    endloop
  endfacet
  facet normal 0.442303 -0.896866 0
    outer loop
      vertex -8.42095 1.01627 4
      vertex -8.55 0.952627 1.8
      vertex -8.42095 1.01627 1.8
    endloop
  endfacet
  facet normal -0.442303 0.896866 0
    outer loop
      vertex -7.45 -0.952627 1.8
      vertex -7.57905 -1.01627 4
      vertex -7.45 -0.952627 4
    endloop
  endfacet
  facet normal -0.442303 0.896866 0
    outer loop
      vertex -7.57905 -1.01627 4
      vertex -7.45 -0.952627 1.8
      vertex -7.57905 -1.01627 1.8
    endloop
  endfacet
  facet normal 0.442303 0.896866 -0
    outer loop
      vertex -8.42095 -1.01627 1.8
      vertex -8.55 -0.952627 4
      vertex -8.42095 -1.01627 4
    endloop
  endfacet
  facet normal 0.442303 0.896866 0
    outer loop
      vertex -8.55 -0.952627 4
      vertex -8.42095 -1.01627 1.8
      vertex -8.55 -0.952627 1.8
    endloop
  endfacet
  facet normal 0.555561 -0.831476 0
    outer loop
      vertex -8.66964 0.872688 1.8
      vertex -8.55 0.952627 4
      vertex -8.66964 0.872688 4
    endloop
  endfacet
  facet normal 0.555561 -0.831476 0
    outer loop
      vertex -8.55 0.952627 4
      vertex -8.66964 0.872688 1.8
      vertex -8.55 0.952627 1.8
    endloop
  endfacet
  facet normal 0.831468 -0.555572 0
    outer loop
      vertex -8.95263 0.549999 4
      vertex -8.87269 0.669637 1.8
      vertex -8.87269 0.669637 4
    endloop
  endfacet
  facet normal 0.831468 -0.555572 0
    outer loop
      vertex -8.87269 0.669637 1.8
      vertex -8.95263 0.549999 4
      vertex -8.95263 0.549999 1.8
    endloop
  endfacet
  facet normal 0.555561 0.831476 -0
    outer loop
      vertex -8.55 -0.952627 1.8
      vertex -8.66964 -0.872688 4
      vertex -8.55 -0.952627 4
    endloop
  endfacet
  facet normal 0.555561 0.831476 0
    outer loop
      vertex -8.66964 -0.872688 4
      vertex -8.55 -0.952627 1.8
      vertex -8.66964 -0.872688 1.8
    endloop
  endfacet
  facet normal -0.980786 -0.195086 0
    outer loop
      vertex 9.09059 0.143579 1.8
      vertex 9.06252 0.2847 4
      vertex 9.06252 0.2847 1.8
    endloop
  endfacet
  facet normal -0.980786 -0.195086 0
    outer loop
      vertex 9.06252 0.2847 4
      vertex 9.09059 0.143579 1.8
      vertex 9.09059 0.143579 4
    endloop
  endfacet
  facet normal -0.997859 -0.0653985 0
    outer loop
      vertex 9.1 0 1.8
      vertex 9.09059 0.143579 4
      vertex 9.09059 0.143579 1.8
    endloop
  endfacet
  facet normal -0.997859 -0.0653985 0
    outer loop
      vertex 9.09059 0.143579 4
      vertex 9.1 0 1.8
      vertex 9.1 0 4
    endloop
  endfacet
  facet normal -0.321435 -0.946931 0
    outer loop
      vertex 8.2847 1.06252 1.8
      vertex 8.42095 1.01627 4
      vertex 8.2847 1.06252 4
    endloop
  endfacet
  facet normal -0.321435 -0.946931 -0
    outer loop
      vertex 8.42095 1.01627 4
      vertex 8.2847 1.06252 1.8
      vertex 8.42095 1.01627 1.8
    endloop
  endfacet
  facet normal -0.555561 0.831476 0
    outer loop
      vertex 8.66964 -0.872688 1.8
      vertex 8.55 -0.952627 4
      vertex 8.66964 -0.872688 4
    endloop
  endfacet
  facet normal -0.555561 0.831476 0
    outer loop
      vertex 8.55 -0.952627 4
      vertex 8.66964 -0.872688 1.8
      vertex 8.55 -0.952627 1.8
    endloop
  endfacet
  facet normal -0.659345 -0.751841 0
    outer loop
      vertex 8.66964 0.872688 1.8
      vertex 8.77782 0.777817 4
      vertex 8.66964 0.872688 4
    endloop
  endfacet
  facet normal -0.659345 -0.751841 -0
    outer loop
      vertex 8.77782 0.777817 4
      vertex 8.66964 0.872688 1.8
      vertex 8.77782 0.777817 1.8
    endloop
  endfacet
  facet normal 0.195087 0.980786 -0
    outer loop
      vertex 7.85642 -1.09059 1.8
      vertex 7.7153 -1.06252 4
      vertex 7.85642 -1.09059 4
    endloop
  endfacet
  facet normal 0.195087 0.980786 0
    outer loop
      vertex 7.7153 -1.06252 4
      vertex 7.85642 -1.09059 1.8
      vertex 7.7153 -1.06252 1.8
    endloop
  endfacet
  facet normal -0.751844 0.659341 0
    outer loop
      vertex 8.77782 -0.777817 1.8
      vertex 8.87269 -0.669637 4
      vertex 8.87269 -0.669637 1.8
    endloop
  endfacet
  facet normal -0.751844 0.659341 0
    outer loop
      vertex 8.87269 -0.669637 4
      vertex 8.77782 -0.777817 1.8
      vertex 8.77782 -0.777817 4
    endloop
  endfacet
  facet normal 0.946932 -0.321433 0
    outer loop
      vertex 6.93748 0.2847 4
      vertex 6.98373 0.420951 1.8
      vertex 6.98373 0.420951 4
    endloop
  endfacet
  facet normal 0.946932 -0.321433 0
    outer loop
      vertex 6.98373 0.420951 1.8
      vertex 6.93748 0.2847 4
      vertex 6.93748 0.2847 1.8
    endloop
  endfacet
  facet normal -0.0653981 -0.997859 0
    outer loop
      vertex 8 1.1 1.8
      vertex 8.14358 1.09059 4
      vertex 8 1.1 4
    endloop
  endfacet
  facet normal -0.0653981 -0.997859 -0
    outer loop
      vertex 8.14358 1.09059 4
      vertex 8 1.1 1.8
      vertex 8.14358 1.09059 1.8
    endloop
  endfacet
  facet normal 0.321435 -0.946931 0
    outer loop
      vertex 7.57905 1.01627 1.8
      vertex 7.7153 1.06252 4
      vertex 7.57905 1.01627 4
    endloop
  endfacet
  facet normal 0.321435 -0.946931 0
    outer loop
      vertex 7.7153 1.06252 4
      vertex 7.57905 1.01627 1.8
      vertex 7.7153 1.06252 1.8
    endloop
  endfacet
  facet normal 0.997859 0.0653985 0
    outer loop
      vertex 6.90941 -0.143579 4
      vertex 6.9 0 1.8
      vertex 6.9 0 4
    endloop
  endfacet
  facet normal 0.997859 0.0653985 0
    outer loop
      vertex 6.9 0 1.8
      vertex 6.90941 -0.143579 4
      vertex 6.90941 -0.143579 1.8
    endloop
  endfacet
  facet normal 0.0653981 0.997859 -0
    outer loop
      vertex 8 -1.1 1.8
      vertex 7.85642 -1.09059 4
      vertex 8 -1.1 4
    endloop
  endfacet
  facet normal 0.0653981 0.997859 0
    outer loop
      vertex 7.85642 -1.09059 4
      vertex 8 -1.1 1.8
      vertex 7.85642 -1.09059 1.8
    endloop
  endfacet
  facet normal -0.997859 0.0653985 0
    outer loop
      vertex 9.09059 -0.143579 1.8
      vertex 9.1 0 4
      vertex 9.1 0 1.8
    endloop
  endfacet
  facet normal -0.997859 0.0653985 0
    outer loop
      vertex 9.1 0 4
      vertex 9.09059 -0.143579 1.8
      vertex 9.09059 -0.143579 4
    endloop
  endfacet
  facet normal -0.751844 -0.659341 0
    outer loop
      vertex 8.87269 0.669637 1.8
      vertex 8.77782 0.777817 4
      vertex 8.77782 0.777817 1.8
    endloop
  endfacet
  facet normal -0.751844 -0.659341 0
    outer loop
      vertex 8.77782 0.777817 4
      vertex 8.87269 0.669637 1.8
      vertex 8.87269 0.669637 4
    endloop
  endfacet
  facet normal 0.946932 0.321433 0
    outer loop
      vertex 6.98373 -0.420951 4
      vertex 6.93748 -0.2847 1.8
      vertex 6.93748 -0.2847 4
    endloop
  endfacet
  facet normal 0.946932 0.321433 0
    outer loop
      vertex 6.93748 -0.2847 1.8
      vertex 6.98373 -0.420951 4
      vertex 6.98373 -0.420951 1.8
    endloop
  endfacet
  facet normal 0.980786 0.195086 0
    outer loop
      vertex 6.93748 -0.2847 4
      vertex 6.90941 -0.143579 1.8
      vertex 6.90941 -0.143579 4
    endloop
  endfacet
  facet normal 0.980786 0.195086 0
    outer loop
      vertex 6.90941 -0.143579 1.8
      vertex 6.93748 -0.2847 4
      vertex 6.93748 -0.2847 1.8
    endloop
  endfacet
  facet normal -0.195087 -0.980786 0
    outer loop
      vertex 8.14358 1.09059 1.8
      vertex 8.2847 1.06252 4
      vertex 8.14358 1.09059 4
    endloop
  endfacet
  facet normal -0.195087 -0.980786 -0
    outer loop
      vertex 8.2847 1.06252 4
      vertex 8.14358 1.09059 1.8
      vertex 8.2847 1.06252 1.8
    endloop
  endfacet
  facet normal 0.751844 0.659341 0
    outer loop
      vertex 7.22218 -0.777817 4
      vertex 7.12731 -0.669637 1.8
      vertex 7.12731 -0.669637 4
    endloop
  endfacet
  facet normal 0.751844 0.659341 0
    outer loop
      vertex 7.12731 -0.669637 1.8
      vertex 7.22218 -0.777817 4
      vertex 7.22218 -0.777817 1.8
    endloop
  endfacet
  facet normal 0.659345 -0.751841 0
    outer loop
      vertex 7.22218 0.777817 1.8
      vertex 7.33036 0.872688 4
      vertex 7.22218 0.777817 4
    endloop
  endfacet
  facet normal 0.659345 -0.751841 0
    outer loop
      vertex 7.33036 0.872688 4
      vertex 7.22218 0.777817 1.8
      vertex 7.33036 0.872688 1.8
    endloop
  endfacet
  facet normal 0.896871 -0.442292 0
    outer loop
      vertex 6.98373 0.420951 4
      vertex 7.04737 0.549999 1.8
      vertex 7.04737 0.549999 4
    endloop
  endfacet
  facet normal 0.896871 -0.442292 0
    outer loop
      vertex 7.04737 0.549999 1.8
      vertex 6.98373 0.420951 4
      vertex 6.98373 0.420951 1.8
    endloop
  endfacet
  facet normal -0.831468 0.555572 0
    outer loop
      vertex 8.87269 -0.669637 1.8
      vertex 8.95263 -0.549999 4
      vertex 8.95263 -0.549999 1.8
    endloop
  endfacet
  facet normal -0.831468 0.555572 0
    outer loop
      vertex 8.95263 -0.549999 4
      vertex 8.87269 -0.669637 1.8
      vertex 8.87269 -0.669637 4
    endloop
  endfacet
  facet normal -0.831468 -0.555572 0
    outer loop
      vertex 8.95263 0.549999 1.8
      vertex 8.87269 0.669637 4
      vertex 8.87269 0.669637 1.8
    endloop
  endfacet
  facet normal -0.831468 -0.555572 0
    outer loop
      vertex 8.87269 0.669637 4
      vertex 8.95263 0.549999 1.8
      vertex 8.95263 0.549999 4
    endloop
  endfacet
  facet normal 0.751844 -0.659341 0
    outer loop
      vertex 7.12731 0.669637 4
      vertex 7.22218 0.777817 1.8
      vertex 7.22218 0.777817 4
    endloop
  endfacet
  facet normal 0.751844 -0.659341 0
    outer loop
      vertex 7.22218 0.777817 1.8
      vertex 7.12731 0.669637 4
      vertex 7.12731 0.669637 1.8
    endloop
  endfacet
  facet normal -0.659345 0.751841 0
    outer loop
      vertex 8.77782 -0.777817 1.8
      vertex 8.66964 -0.872688 4
      vertex 8.77782 -0.777817 4
    endloop
  endfacet
  facet normal -0.659345 0.751841 0
    outer loop
      vertex 8.66964 -0.872688 4
      vertex 8.77782 -0.777817 1.8
      vertex 8.66964 -0.872688 1.8
    endloop
  endfacet
  facet normal 0.831468 0.555572 0
    outer loop
      vertex 7.12731 -0.669637 4
      vertex 7.04737 -0.549999 1.8
      vertex 7.04737 -0.549999 4
    endloop
  endfacet
  facet normal 0.831468 0.555572 0
    outer loop
      vertex 7.04737 -0.549999 1.8
      vertex 7.12731 -0.669637 4
      vertex 7.12731 -0.669637 1.8
    endloop
  endfacet
  facet normal 0.195087 -0.980786 0
    outer loop
      vertex 7.7153 1.06252 1.8
      vertex 7.85642 1.09059 4
      vertex 7.7153 1.06252 4
    endloop
  endfacet
  facet normal 0.195087 -0.980786 0
    outer loop
      vertex 7.85642 1.09059 4
      vertex 7.7153 1.06252 1.8
      vertex 7.85642 1.09059 1.8
    endloop
  endfacet
  facet normal -0.946932 0.321433 0
    outer loop
      vertex 9.01627 -0.420951 1.8
      vertex 9.06252 -0.2847 4
      vertex 9.06252 -0.2847 1.8
    endloop
  endfacet
  facet normal -0.946932 0.321433 0
    outer loop
      vertex 9.06252 -0.2847 4
      vertex 9.01627 -0.420951 1.8
      vertex 9.01627 -0.420951 4
    endloop
  endfacet
  facet normal -0.442303 -0.896866 0
    outer loop
      vertex 8.42095 1.01627 1.8
      vertex 8.55 0.952627 4
      vertex 8.42095 1.01627 4
    endloop
  endfacet
  facet normal -0.442303 -0.896866 -0
    outer loop
      vertex 8.55 0.952627 4
      vertex 8.42095 1.01627 1.8
      vertex 8.55 0.952627 1.8
    endloop
  endfacet
  facet normal 0.0653981 -0.997859 0
    outer loop
      vertex 7.85642 1.09059 1.8
      vertex 8 1.1 4
      vertex 7.85642 1.09059 4
    endloop
  endfacet
  facet normal 0.0653981 -0.997859 0
    outer loop
      vertex 8 1.1 4
      vertex 7.85642 1.09059 1.8
      vertex 8 1.1 1.8
    endloop
  endfacet
  facet normal -0.0653981 0.997859 0
    outer loop
      vertex 8.14358 -1.09059 1.8
      vertex 8 -1.1 4
      vertex 8.14358 -1.09059 4
    endloop
  endfacet
  facet normal -0.0653981 0.997859 0
    outer loop
      vertex 8 -1.1 4
      vertex 8.14358 -1.09059 1.8
      vertex 8 -1.1 1.8
    endloop
  endfacet
  facet normal -0.555561 -0.831476 0
    outer loop
      vertex 8.55 0.952627 1.8
      vertex 8.66964 0.872688 4
      vertex 8.55 0.952627 4
    endloop
  endfacet
  facet normal -0.555561 -0.831476 -0
    outer loop
      vertex 8.66964 0.872688 4
      vertex 8.55 0.952627 1.8
      vertex 8.66964 0.872688 1.8
    endloop
  endfacet
  facet normal 0.896871 0.442292 0
    outer loop
      vertex 7.04737 -0.549999 4
      vertex 6.98373 -0.420951 1.8
      vertex 6.98373 -0.420951 4
    endloop
  endfacet
  facet normal 0.896871 0.442292 0
    outer loop
      vertex 6.98373 -0.420951 1.8
      vertex 7.04737 -0.549999 4
      vertex 7.04737 -0.549999 1.8
    endloop
  endfacet
  facet normal 0.659345 0.751841 -0
    outer loop
      vertex 7.33036 -0.872688 1.8
      vertex 7.22218 -0.777817 4
      vertex 7.33036 -0.872688 4
    endloop
  endfacet
  facet normal 0.659345 0.751841 0
    outer loop
      vertex 7.22218 -0.777817 4
      vertex 7.33036 -0.872688 1.8
      vertex 7.22218 -0.777817 1.8
    endloop
  endfacet
  facet normal 0.980786 -0.195086 0
    outer loop
      vertex 6.90941 0.143579 4
      vertex 6.93748 0.2847 1.8
      vertex 6.93748 0.2847 4
    endloop
  endfacet
  facet normal 0.980786 -0.195086 0
    outer loop
      vertex 6.93748 0.2847 1.8
      vertex 6.90941 0.143579 4
      vertex 6.90941 0.143579 1.8
    endloop
  endfacet
  facet normal -0.896871 -0.442292 0
    outer loop
      vertex 9.01627 0.420951 1.8
      vertex 8.95263 0.549999 4
      vertex 8.95263 0.549999 1.8
    endloop
  endfacet
  facet normal -0.896871 -0.442292 0
    outer loop
      vertex 8.95263 0.549999 4
      vertex 9.01627 0.420951 1.8
      vertex 9.01627 0.420951 4
    endloop
  endfacet
  facet normal -0.195087 0.980786 0
    outer loop
      vertex 8.2847 -1.06252 1.8
      vertex 8.14358 -1.09059 4
      vertex 8.2847 -1.06252 4
    endloop
  endfacet
  facet normal -0.195087 0.980786 0
    outer loop
      vertex 8.14358 -1.09059 4
      vertex 8.2847 -1.06252 1.8
      vertex 8.14358 -1.09059 1.8
    endloop
  endfacet
  facet normal -0.896871 0.442292 0
    outer loop
      vertex 8.95263 -0.549999 1.8
      vertex 9.01627 -0.420951 4
      vertex 9.01627 -0.420951 1.8
    endloop
  endfacet
  facet normal -0.896871 0.442292 0
    outer loop
      vertex 9.01627 -0.420951 4
      vertex 8.95263 -0.549999 1.8
      vertex 8.95263 -0.549999 4
    endloop
  endfacet
  facet normal -0.980786 0.195086 0
    outer loop
      vertex 9.06252 -0.2847 1.8
      vertex 9.09059 -0.143579 4
      vertex 9.09059 -0.143579 1.8
    endloop
  endfacet
  facet normal -0.980786 0.195086 0
    outer loop
      vertex 9.09059 -0.143579 4
      vertex 9.06252 -0.2847 1.8
      vertex 9.06252 -0.2847 4
    endloop
  endfacet
  facet normal 0.555561 -0.831476 0
    outer loop
      vertex 7.33036 0.872688 1.8
      vertex 7.45 0.952627 4
      vertex 7.33036 0.872688 4
    endloop
  endfacet
  facet normal 0.555561 -0.831476 0
    outer loop
      vertex 7.45 0.952627 4
      vertex 7.33036 0.872688 1.8
      vertex 7.45 0.952627 1.8
    endloop
  endfacet
  facet normal -0.946932 -0.321433 0
    outer loop
      vertex 9.06252 0.2847 1.8
      vertex 9.01627 0.420951 4
      vertex 9.01627 0.420951 1.8
    endloop
  endfacet
  facet normal -0.946932 -0.321433 0
    outer loop
      vertex 9.01627 0.420951 4
      vertex 9.06252 0.2847 1.8
      vertex 9.06252 0.2847 4
    endloop
  endfacet
  facet normal -0.321435 0.946931 0
    outer loop
      vertex 8.42095 -1.01627 1.8
      vertex 8.2847 -1.06252 4
      vertex 8.42095 -1.01627 4
    endloop
  endfacet
  facet normal -0.321435 0.946931 0
    outer loop
      vertex 8.2847 -1.06252 4
      vertex 8.42095 -1.01627 1.8
      vertex 8.2847 -1.06252 1.8
    endloop
  endfacet
  facet normal -0.442303 0.896866 0
    outer loop
      vertex 8.55 -0.952627 1.8
      vertex 8.42095 -1.01627 4
      vertex 8.55 -0.952627 4
    endloop
  endfacet
  facet normal -0.442303 0.896866 0
    outer loop
      vertex 8.42095 -1.01627 4
      vertex 8.55 -0.952627 1.8
      vertex 8.42095 -1.01627 1.8
    endloop
  endfacet
  facet normal 0.997859 -0.0653985 0
    outer loop
      vertex 6.9 0 4
      vertex 6.90941 0.143579 1.8
      vertex 6.90941 0.143579 4
    endloop
  endfacet
  facet normal 0.997859 -0.0653985 0
    outer loop
      vertex 6.90941 0.143579 1.8
      vertex 6.9 0 4
      vertex 6.9 0 1.8
    endloop
  endfacet
  facet normal 0.321435 0.946931 -0
    outer loop
      vertex 7.7153 -1.06252 1.8
      vertex 7.57905 -1.01627 4
      vertex 7.7153 -1.06252 4
    endloop
  endfacet
  facet normal 0.321435 0.946931 0
    outer loop
      vertex 7.57905 -1.01627 4
      vertex 7.7153 -1.06252 1.8
      vertex 7.57905 -1.01627 1.8
    endloop
  endfacet
  facet normal 0.442303 -0.896866 0
    outer loop
      vertex 7.45 0.952627 1.8
      vertex 7.57905 1.01627 4
      vertex 7.45 0.952627 4
    endloop
  endfacet
  facet normal 0.442303 -0.896866 0
    outer loop
      vertex 7.57905 1.01627 4
      vertex 7.45 0.952627 1.8
      vertex 7.57905 1.01627 1.8
    endloop
  endfacet
  facet normal 0.831468 -0.555572 0
    outer loop
      vertex 7.04737 0.549999 4
      vertex 7.12731 0.669637 1.8
      vertex 7.12731 0.669637 4
    endloop
  endfacet
  facet normal 0.831468 -0.555572 0
    outer loop
      vertex 7.12731 0.669637 1.8
      vertex 7.04737 0.549999 4
      vertex 7.04737 0.549999 1.8
    endloop
  endfacet
  facet normal 0.442303 0.896866 -0
    outer loop
      vertex 7.57905 -1.01627 1.8
      vertex 7.45 -0.952627 4
      vertex 7.57905 -1.01627 4
    endloop
  endfacet
  facet normal 0.442303 0.896866 0
    outer loop
      vertex 7.45 -0.952627 4
      vertex 7.57905 -1.01627 1.8
      vertex 7.45 -0.952627 1.8
    endloop
  endfacet
  facet normal 0.555561 0.831476 -0
    outer loop
      vertex 7.45 -0.952627 1.8
      vertex 7.33036 -0.872688 4
      vertex 7.45 -0.952627 4
    endloop
  endfacet
  facet normal 0.555561 0.831476 0
    outer loop
      vertex 7.33036 -0.872688 4
      vertex 7.45 -0.952627 1.8
      vertex 7.33036 -0.872688 1.8
    endloop
  endfacet
  facet normal -0.980746 -0.195286 0
    outer loop
      vertex -10.9094 0.143579 1.8
      vertex -10.9375 0.2847 4
      vertex -10.9375 0.2847 1.8
    endloop
  endfacet
  facet normal -0.980746 -0.195286 0
    outer loop
      vertex -10.9375 0.2847 4
      vertex -10.9094 0.143579 1.8
      vertex -10.9094 0.143579 4
    endloop
  endfacet
  facet normal -0.997864 -0.0653293 0
    outer loop
      vertex -10.9 0 1.8
      vertex -10.9094 0.143579 4
      vertex -10.9094 0.143579 1.8
    endloop
  endfacet
  facet normal -0.997864 -0.0653293 0
    outer loop
      vertex -10.9094 0.143579 4
      vertex -10.9 0 1.8
      vertex -10.9 0 4
    endloop
  endfacet
  facet normal -0.32133 -0.946967 0
    outer loop
      vertex -11.7153 1.06252 1.8
      vertex -11.579 1.01627 4
      vertex -11.7153 1.06252 4
    endloop
  endfacet
  facet normal -0.32133 -0.946967 -0
    outer loop
      vertex -11.579 1.01627 4
      vertex -11.7153 1.06252 1.8
      vertex -11.579 1.01627 1.8
    endloop
  endfacet
  facet normal 0.195113 0.980781 -0
    outer loop
      vertex -12.1436 -1.09059 1.8
      vertex -12.2847 -1.06252 4
      vertex -12.1436 -1.09059 4
    endloop
  endfacet
  facet normal 0.195113 0.980781 0
    outer loop
      vertex -12.2847 -1.06252 4
      vertex -12.1436 -1.09059 1.8
      vertex -12.2847 -1.06252 1.8
    endloop
  endfacet
  facet normal 0.659276 0.751901 -0
    outer loop
      vertex -12.6696 -0.872688 1.8
      vertex -12.7778 -0.777817 4
      vertex -12.6696 -0.872688 4
    endloop
  endfacet
  facet normal 0.659276 0.751901 0
    outer loop
      vertex -12.7778 -0.777817 4
      vertex -12.6696 -0.872688 1.8
      vertex -12.7778 -0.777817 1.8
    endloop
  endfacet
  facet normal -0.751741 0.659458 0
    outer loop
      vertex -11.2222 -0.777817 1.8
      vertex -11.1273 -0.669637 4
      vertex -11.1273 -0.669637 1.8
    endloop
  endfacet
  facet normal -0.751741 0.659458 0
    outer loop
      vertex -11.1273 -0.669637 4
      vertex -11.2222 -0.777817 1.8
      vertex -11.2222 -0.777817 4
    endloop
  endfacet
  facet normal 0.947038 -0.321122 0
    outer loop
      vertex -13.0625 0.2847 4
      vertex -13.0163 0.420951 1.8
      vertex -13.0163 0.420951 4
    endloop
  endfacet
  facet normal 0.947038 -0.321122 0
    outer loop
      vertex -13.0163 0.420951 1.8
      vertex -13.0625 0.2847 4
      vertex -13.0625 0.2847 1.8
    endloop
  endfacet
  facet normal -0.32133 0.946967 0
    outer loop
      vertex -11.579 -1.01627 1.8
      vertex -11.7153 -1.06252 4
      vertex -11.579 -1.01627 4
    endloop
  endfacet
  facet normal -0.32133 0.946967 0
    outer loop
      vertex -11.7153 -1.06252 4
      vertex -11.579 -1.01627 1.8
      vertex -11.7153 -1.06252 1.8
    endloop
  endfacet
  facet normal 0.32133 -0.946967 0
    outer loop
      vertex -12.421 1.01627 1.8
      vertex -12.2847 1.06252 4
      vertex -12.421 1.01627 4
    endloop
  endfacet
  facet normal 0.32133 -0.946967 0
    outer loop
      vertex -12.2847 1.06252 4
      vertex -12.421 1.01627 1.8
      vertex -12.2847 1.06252 1.8
    endloop
  endfacet
  facet normal 0.997864 0.0653293 0
    outer loop
      vertex -13.0906 -0.143579 4
      vertex -13.1 0 1.8
      vertex -13.1 0 4
    endloop
  endfacet
  facet normal 0.997864 0.0653293 0
    outer loop
      vertex -13.1 0 1.8
      vertex -13.0906 -0.143579 4
      vertex -13.0906 -0.143579 1.8
    endloop
  endfacet
  facet normal 0.065389 0.99786 -0
    outer loop
      vertex -12 -1.1 1.8
      vertex -12.1436 -1.09059 4
      vertex -12 -1.1 4
    endloop
  endfacet
  facet normal 0.065389 0.99786 0
    outer loop
      vertex -12.1436 -1.09059 4
      vertex -12 -1.1 1.8
      vertex -12.1436 -1.09059 1.8
    endloop
  endfacet
  facet normal -0.980746 0.195286 0
    outer loop
      vertex -10.9375 -0.2847 1.8
      vertex -10.9094 -0.143579 4
      vertex -10.9094 -0.143579 1.8
    endloop
  endfacet
  facet normal -0.980746 0.195286 0
    outer loop
      vertex -10.9094 -0.143579 4
      vertex -10.9375 -0.2847 1.8
      vertex -10.9375 -0.2847 4
    endloop
  endfacet
  facet normal -0.751741 -0.659458 0
    outer loop
      vertex -11.1273 0.669637 1.8
      vertex -11.2222 0.777817 4
      vertex -11.2222 0.777817 1.8
    endloop
  endfacet
  facet normal -0.751741 -0.659458 0
    outer loop
      vertex -11.2222 0.777817 4
      vertex -11.1273 0.669637 1.8
      vertex -11.1273 0.669637 4
    endloop
  endfacet
  facet normal 0.980746 -0.195286 0
    outer loop
      vertex -13.0906 0.143579 4
      vertex -13.0625 0.2847 1.8
      vertex -13.0625 0.2847 4
    endloop
  endfacet
  facet normal 0.980746 -0.195286 0
    outer loop
      vertex -13.0625 0.2847 1.8
      vertex -13.0906 0.143579 4
      vertex -13.0906 0.143579 1.8
    endloop
  endfacet
  facet normal -0.896706 0.442627 0
    outer loop
      vertex -11.0474 -0.549999 1.8
      vertex -10.9837 -0.420951 4
      vertex -10.9837 -0.420951 1.8
    endloop
  endfacet
  facet normal -0.896706 0.442627 0
    outer loop
      vertex -10.9837 -0.420951 4
      vertex -11.0474 -0.549999 1.8
      vertex -11.0474 -0.549999 4
    endloop
  endfacet
  facet normal 0.947038 0.321122 0
    outer loop
      vertex -13.0163 -0.420951 4
      vertex -13.0625 -0.2847 1.8
      vertex -13.0625 -0.2847 4
    endloop
  endfacet
  facet normal 0.947038 0.321122 0
    outer loop
      vertex -13.0625 -0.2847 1.8
      vertex -13.0163 -0.420951 4
      vertex -13.0163 -0.420951 1.8
    endloop
  endfacet
  facet normal -0.065389 -0.99786 0
    outer loop
      vertex -12 1.1 1.8
      vertex -11.8564 1.09059 4
      vertex -12 1.1 4
    endloop
  endfacet
  facet normal -0.065389 -0.99786 -0
    outer loop
      vertex -11.8564 1.09059 4
      vertex -12 1.1 1.8
      vertex -11.8564 1.09059 1.8
    endloop
  endfacet
  facet normal 0.980746 0.195286 0
    outer loop
      vertex -13.0625 -0.2847 4
      vertex -13.0906 -0.143579 1.8
      vertex -13.0906 -0.143579 4
    endloop
  endfacet
  facet normal 0.980746 0.195286 0
    outer loop
      vertex -13.0906 -0.143579 1.8
      vertex -13.0625 -0.2847 4
      vertex -13.0625 -0.2847 1.8
    endloop
  endfacet
  facet normal -0.195113 -0.980781 0
    outer loop
      vertex -11.8564 1.09059 1.8
      vertex -11.7153 1.06252 4
      vertex -11.8564 1.09059 4
    endloop
  endfacet
  facet normal -0.195113 -0.980781 -0
    outer loop
      vertex -11.7153 1.06252 4
      vertex -11.8564 1.09059 1.8
      vertex -11.7153 1.06252 1.8
    endloop
  endfacet
  facet normal 0.751741 0.659458 0
    outer loop
      vertex -12.7778 -0.777817 4
      vertex -12.8727 -0.669637 1.8
      vertex -12.8727 -0.669637 4
    endloop
  endfacet
  facet normal 0.751741 0.659458 0
    outer loop
      vertex -12.8727 -0.669637 1.8
      vertex -12.7778 -0.777817 4
      vertex -12.7778 -0.777817 1.8
    endloop
  endfacet
  facet normal 0.659276 -0.751901 0
    outer loop
      vertex -12.7778 0.777817 1.8
      vertex -12.6696 0.872688 4
      vertex -12.7778 0.777817 4
    endloop
  endfacet
  facet normal 0.659276 -0.751901 0
    outer loop
      vertex -12.6696 0.872688 4
      vertex -12.7778 0.777817 1.8
      vertex -12.6696 0.872688 1.8
    endloop
  endfacet
  facet normal 0.896706 -0.442627 0
    outer loop
      vertex -13.0163 0.420951 4
      vertex -12.9526 0.549999 1.8
      vertex -12.9526 0.549999 4
    endloop
  endfacet
  facet normal 0.896706 -0.442627 0
    outer loop
      vertex -12.9526 0.549999 1.8
      vertex -13.0163 0.420951 4
      vertex -13.0163 0.420951 1.8
    endloop
  endfacet
  facet normal -0.831597 0.55538 0
    outer loop
      vertex -11.1273 -0.669637 1.8
      vertex -11.0474 -0.549999 4
      vertex -11.0474 -0.549999 1.8
    endloop
  endfacet
  facet normal -0.831597 0.55538 0
    outer loop
      vertex -11.0474 -0.549999 4
      vertex -11.1273 -0.669637 1.8
      vertex -11.1273 -0.669637 4
    endloop
  endfacet
  facet normal -0.831597 -0.55538 0
    outer loop
      vertex -11.0474 0.549999 1.8
      vertex -11.1273 0.669637 4
      vertex -11.1273 0.669637 1.8
    endloop
  endfacet
  facet normal -0.831597 -0.55538 0
    outer loop
      vertex -11.1273 0.669637 4
      vertex -11.0474 0.549999 1.8
      vertex -11.0474 0.549999 4
    endloop
  endfacet
  facet normal -0.659276 0.751901 0
    outer loop
      vertex -11.2222 -0.777817 1.8
      vertex -11.3304 -0.872688 4
      vertex -11.2222 -0.777817 4
    endloop
  endfacet
  facet normal -0.659276 0.751901 0
    outer loop
      vertex -11.3304 -0.872688 4
      vertex -11.2222 -0.777817 1.8
      vertex -11.3304 -0.872688 1.8
    endloop
  endfacet
  facet normal 0.831597 0.55538 0
    outer loop
      vertex -12.8727 -0.669637 4
      vertex -12.9526 -0.549999 1.8
      vertex -12.9526 -0.549999 4
    endloop
  endfacet
  facet normal 0.831597 0.55538 0
    outer loop
      vertex -12.9526 -0.549999 1.8
      vertex -12.8727 -0.669637 4
      vertex -12.8727 -0.669637 1.8
    endloop
  endfacet
  facet normal -0.997864 0.0653293 0
    outer loop
      vertex -10.9094 -0.143579 1.8
      vertex -10.9 0 4
      vertex -10.9 0 1.8
    endloop
  endfacet
  facet normal -0.997864 0.0653293 0
    outer loop
      vertex -10.9 0 4
      vertex -10.9094 -0.143579 1.8
      vertex -10.9094 -0.143579 4
    endloop
  endfacet
  facet normal 0.195113 -0.980781 0
    outer loop
      vertex -12.2847 1.06252 1.8
      vertex -12.1436 1.09059 4
      vertex -12.2847 1.06252 4
    endloop
  endfacet
  facet normal 0.195113 -0.980781 0
    outer loop
      vertex -12.1436 1.09059 4
      vertex -12.2847 1.06252 1.8
      vertex -12.1436 1.09059 1.8
    endloop
  endfacet
  facet normal -0.55569 -0.83139 0
    outer loop
      vertex -11.45 0.952627 1.8
      vertex -11.3304 0.872688 4
      vertex -11.45 0.952627 4
    endloop
  endfacet
  facet normal -0.55569 -0.83139 -0
    outer loop
      vertex -11.3304 0.872688 4
      vertex -11.45 0.952627 1.8
      vertex -11.3304 0.872688 1.8
    endloop
  endfacet
  facet normal -0.442441 -0.896798 0
    outer loop
      vertex -11.579 1.01627 1.8
      vertex -11.45 0.952627 4
      vertex -11.579 1.01627 4
    endloop
  endfacet
  facet normal -0.442441 -0.896798 -0
    outer loop
      vertex -11.45 0.952627 4
      vertex -11.579 1.01627 1.8
      vertex -11.45 0.952627 1.8
    endloop
  endfacet
  facet normal 0.896706 0.442627 0
    outer loop
      vertex -12.9526 -0.549999 4
      vertex -13.0163 -0.420951 1.8
      vertex -13.0163 -0.420951 4
    endloop
  endfacet
  facet normal 0.896706 0.442627 0
    outer loop
      vertex -13.0163 -0.420951 1.8
      vertex -12.9526 -0.549999 4
      vertex -12.9526 -0.549999 1.8
    endloop
  endfacet
  facet normal 0.065389 -0.99786 0
    outer loop
      vertex -12.1436 1.09059 1.8
      vertex -12 1.1 4
      vertex -12.1436 1.09059 4
    endloop
  endfacet
  facet normal 0.065389 -0.99786 0
    outer loop
      vertex -12 1.1 4
      vertex -12.1436 1.09059 1.8
      vertex -12 1.1 1.8
    endloop
  endfacet
  facet normal -0.065389 0.99786 0
    outer loop
      vertex -11.8564 -1.09059 1.8
      vertex -12 -1.1 4
      vertex -11.8564 -1.09059 4
    endloop
  endfacet
  facet normal -0.065389 0.99786 0
    outer loop
      vertex -12 -1.1 4
      vertex -11.8564 -1.09059 1.8
      vertex -12 -1.1 1.8
    endloop
  endfacet
  facet normal -0.896706 -0.442627 0
    outer loop
      vertex -10.9837 0.420951 1.8
      vertex -11.0474 0.549999 4
      vertex -11.0474 0.549999 1.8
    endloop
  endfacet
  facet normal -0.896706 -0.442627 0
    outer loop
      vertex -11.0474 0.549999 4
      vertex -10.9837 0.420951 1.8
      vertex -10.9837 0.420951 4
    endloop
  endfacet
  facet normal -0.195113 0.980781 0
    outer loop
      vertex -11.7153 -1.06252 1.8
      vertex -11.8564 -1.09059 4
      vertex -11.7153 -1.06252 4
    endloop
  endfacet
  facet normal -0.195113 0.980781 0
    outer loop
      vertex -11.8564 -1.09059 4
      vertex -11.7153 -1.06252 1.8
      vertex -11.8564 -1.09059 1.8
    endloop
  endfacet
  facet normal 0.751741 -0.659458 0
    outer loop
      vertex -12.8727 0.669637 4
      vertex -12.7778 0.777817 1.8
      vertex -12.7778 0.777817 4
    endloop
  endfacet
  facet normal 0.751741 -0.659458 0
    outer loop
      vertex -12.7778 0.777817 1.8
      vertex -12.8727 0.669637 4
      vertex -12.8727 0.669637 1.8
    endloop
  endfacet
  facet normal -0.659276 -0.751901 0
    outer loop
      vertex -11.3304 0.872688 1.8
      vertex -11.2222 0.777817 4
      vertex -11.3304 0.872688 4
    endloop
  endfacet
  facet normal -0.659276 -0.751901 -0
    outer loop
      vertex -11.2222 0.777817 4
      vertex -11.3304 0.872688 1.8
      vertex -11.2222 0.777817 1.8
    endloop
  endfacet
  facet normal -0.947038 -0.321122 0
    outer loop
      vertex -10.9375 0.2847 1.8
      vertex -10.9837 0.420951 4
      vertex -10.9837 0.420951 1.8
    endloop
  endfacet
  facet normal -0.947038 -0.321122 0
    outer loop
      vertex -10.9837 0.420951 4
      vertex -10.9375 0.2847 1.8
      vertex -10.9375 0.2847 4
    endloop
  endfacet
  facet normal -0.55569 0.83139 0
    outer loop
      vertex -11.3304 -0.872688 1.8
      vertex -11.45 -0.952627 4
      vertex -11.3304 -0.872688 4
    endloop
  endfacet
  facet normal -0.55569 0.83139 0
    outer loop
      vertex -11.45 -0.952627 4
      vertex -11.3304 -0.872688 1.8
      vertex -11.45 -0.952627 1.8
    endloop
  endfacet
  facet normal -0.947038 0.321122 0
    outer loop
      vertex -10.9837 -0.420951 1.8
      vertex -10.9375 -0.2847 4
      vertex -10.9375 -0.2847 1.8
    endloop
  endfacet
  facet normal -0.947038 0.321122 0
    outer loop
      vertex -10.9375 -0.2847 4
      vertex -10.9837 -0.420951 1.8
      vertex -10.9837 -0.420951 4
    endloop
  endfacet
  facet normal 0.997864 -0.0653293 0
    outer loop
      vertex -13.1 0 4
      vertex -13.0906 0.143579 1.8
      vertex -13.0906 0.143579 4
    endloop
  endfacet
  facet normal 0.997864 -0.0653293 0
    outer loop
      vertex -13.0906 0.143579 1.8
      vertex -13.1 0 4
      vertex -13.1 0 1.8
    endloop
  endfacet
  facet normal 0.32133 0.946967 -0
    outer loop
      vertex -12.2847 -1.06252 1.8
      vertex -12.421 -1.01627 4
      vertex -12.2847 -1.06252 4
    endloop
  endfacet
  facet normal 0.32133 0.946967 0
    outer loop
      vertex -12.421 -1.01627 4
      vertex -12.2847 -1.06252 1.8
      vertex -12.421 -1.01627 1.8
    endloop
  endfacet
  facet normal 0.442441 -0.896798 0
    outer loop
      vertex -12.55 0.952627 1.8
      vertex -12.421 1.01627 4
      vertex -12.55 0.952627 4
    endloop
  endfacet
  facet normal 0.442441 -0.896798 0
    outer loop
      vertex -12.421 1.01627 4
      vertex -12.55 0.952627 1.8
      vertex -12.421 1.01627 1.8
    endloop
  endfacet
  facet normal -0.442441 0.896798 0
    outer loop
      vertex -11.45 -0.952627 1.8
      vertex -11.579 -1.01627 4
      vertex -11.45 -0.952627 4
    endloop
  endfacet
  facet normal -0.442441 0.896798 0
    outer loop
      vertex -11.579 -1.01627 4
      vertex -11.45 -0.952627 1.8
      vertex -11.579 -1.01627 1.8
    endloop
  endfacet
  facet normal 0.442441 0.896798 -0
    outer loop
      vertex -12.421 -1.01627 1.8
      vertex -12.55 -0.952627 4
      vertex -12.421 -1.01627 4
    endloop
  endfacet
  facet normal 0.442441 0.896798 0
    outer loop
      vertex -12.55 -0.952627 4
      vertex -12.421 -1.01627 1.8
      vertex -12.55 -0.952627 1.8
    endloop
  endfacet
  facet normal 0.55569 -0.83139 0
    outer loop
      vertex -12.6696 0.872688 1.8
      vertex -12.55 0.952627 4
      vertex -12.6696 0.872688 4
    endloop
  endfacet
  facet normal 0.55569 -0.83139 0
    outer loop
      vertex -12.55 0.952627 4
      vertex -12.6696 0.872688 1.8
      vertex -12.55 0.952627 1.8
    endloop
  endfacet
  facet normal 0.831597 -0.55538 0
    outer loop
      vertex -12.9526 0.549999 4
      vertex -12.8727 0.669637 1.8
      vertex -12.8727 0.669637 4
    endloop
  endfacet
  facet normal 0.831597 -0.55538 0
    outer loop
      vertex -12.8727 0.669637 1.8
      vertex -12.9526 0.549999 4
      vertex -12.9526 0.549999 1.8
    endloop
  endfacet
  facet normal 0.55569 0.83139 -0
    outer loop
      vertex -12.55 -0.952627 1.8
      vertex -12.6696 -0.872688 4
      vertex -12.55 -0.952627 4
    endloop
  endfacet
  facet normal 0.55569 0.83139 0
    outer loop
      vertex -12.6696 -0.872688 4
      vertex -12.55 -0.952627 1.8
      vertex -12.6696 -0.872688 1.8
    endloop
  endfacet
  facet normal -0.980746 -0.195286 0
    outer loop
      vertex 13.0906 0.143579 1.8
      vertex 13.0625 0.2847 4
      vertex 13.0625 0.2847 1.8
    endloop
  endfacet
  facet normal -0.980746 -0.195286 0
    outer loop
      vertex 13.0625 0.2847 4
      vertex 13.0906 0.143579 1.8
      vertex 13.0906 0.143579 4
    endloop
  endfacet
  facet normal -0.997864 -0.0653293 0
    outer loop
      vertex 13.1 0 1.8
      vertex 13.0906 0.143579 4
      vertex 13.0906 0.143579 1.8
    endloop
  endfacet
  facet normal -0.997864 -0.0653293 0
    outer loop
      vertex 13.0906 0.143579 4
      vertex 13.1 0 1.8
      vertex 13.1 0 4
    endloop
  endfacet
  facet normal -0.32133 -0.946967 0
    outer loop
      vertex 12.2847 1.06252 1.8
      vertex 12.421 1.01627 4
      vertex 12.2847 1.06252 4
    endloop
  endfacet
  facet normal -0.32133 -0.946967 -0
    outer loop
      vertex 12.421 1.01627 4
      vertex 12.2847 1.06252 1.8
      vertex 12.421 1.01627 1.8
    endloop
  endfacet
  facet normal -0.55569 0.83139 0
    outer loop
      vertex 12.6696 -0.872688 1.8
      vertex 12.55 -0.952627 4
      vertex 12.6696 -0.872688 4
    endloop
  endfacet
  facet normal -0.55569 0.83139 0
    outer loop
      vertex 12.55 -0.952627 4
      vertex 12.6696 -0.872688 1.8
      vertex 12.55 -0.952627 1.8
    endloop
  endfacet
  facet normal -0.659276 -0.751901 0
    outer loop
      vertex 12.6696 0.872688 1.8
      vertex 12.7778 0.777817 4
      vertex 12.6696 0.872688 4
    endloop
  endfacet
  facet normal -0.659276 -0.751901 -0
    outer loop
      vertex 12.7778 0.777817 4
      vertex 12.6696 0.872688 1.8
      vertex 12.7778 0.777817 1.8
    endloop
  endfacet
  facet normal 0.195113 0.980781 -0
    outer loop
      vertex 11.8564 -1.09059 1.8
      vertex 11.7153 -1.06252 4
      vertex 11.8564 -1.09059 4
    endloop
  endfacet
  facet normal 0.195113 0.980781 0
    outer loop
      vertex 11.7153 -1.06252 4
      vertex 11.8564 -1.09059 1.8
      vertex 11.7153 -1.06252 1.8
    endloop
  endfacet
  facet normal -0.751741 0.659458 0
    outer loop
      vertex 12.7778 -0.777817 1.8
      vertex 12.8727 -0.669637 4
      vertex 12.8727 -0.669637 1.8
    endloop
  endfacet
  facet normal -0.751741 0.659458 0
    outer loop
      vertex 12.8727 -0.669637 4
      vertex 12.7778 -0.777817 1.8
      vertex 12.7778 -0.777817 4
    endloop
  endfacet
  facet normal 0.947038 -0.321122 0
    outer loop
      vertex 10.9375 0.2847 4
      vertex 10.9837 0.420951 1.8
      vertex 10.9837 0.420951 4
    endloop
  endfacet
  facet normal 0.947038 -0.321122 0
    outer loop
      vertex 10.9837 0.420951 1.8
      vertex 10.9375 0.2847 4
      vertex 10.9375 0.2847 1.8
    endloop
  endfacet
  facet normal -0.065389 -0.99786 0
    outer loop
      vertex 12 1.1 1.8
      vertex 12.1436 1.09059 4
      vertex 12 1.1 4
    endloop
  endfacet
  facet normal -0.065389 -0.99786 -0
    outer loop
      vertex 12.1436 1.09059 4
      vertex 12 1.1 1.8
      vertex 12.1436 1.09059 1.8
    endloop
  endfacet
  facet normal 0.32133 -0.946967 0
    outer loop
      vertex 11.579 1.01627 1.8
      vertex 11.7153 1.06252 4
      vertex 11.579 1.01627 4
    endloop
  endfacet
  facet normal 0.32133 -0.946967 0
    outer loop
      vertex 11.7153 1.06252 4
      vertex 11.579 1.01627 1.8
      vertex 11.7153 1.06252 1.8
    endloop
  endfacet
  facet normal 0.997864 0.0653293 0
    outer loop
      vertex 10.9094 -0.143579 4
      vertex 10.9 0 1.8
      vertex 10.9 0 4
    endloop
  endfacet
  facet normal 0.997864 0.0653293 0
    outer loop
      vertex 10.9 0 1.8
      vertex 10.9094 -0.143579 4
      vertex 10.9094 -0.143579 1.8
    endloop
  endfacet
  facet normal 0.065389 0.99786 -0
    outer loop
      vertex 12 -1.1 1.8
      vertex 11.8564 -1.09059 4
      vertex 12 -1.1 4
    endloop
  endfacet
  facet normal 0.065389 0.99786 0
    outer loop
      vertex 11.8564 -1.09059 4
      vertex 12 -1.1 1.8
      vertex 11.8564 -1.09059 1.8
    endloop
  endfacet
  facet normal -0.997864 0.0653293 0
    outer loop
      vertex 13.0906 -0.143579 1.8
      vertex 13.1 0 4
      vertex 13.1 0 1.8
    endloop
  endfacet
  facet normal -0.997864 0.0653293 0
    outer loop
      vertex 13.1 0 4
      vertex 13.0906 -0.143579 1.8
      vertex 13.0906 -0.143579 4
    endloop
  endfacet
  facet normal -0.751741 -0.659458 0
    outer loop
      vertex 12.8727 0.669637 1.8
      vertex 12.7778 0.777817 4
      vertex 12.7778 0.777817 1.8
    endloop
  endfacet
  facet normal -0.751741 -0.659458 0
    outer loop
      vertex 12.7778 0.777817 4
      vertex 12.8727 0.669637 1.8
      vertex 12.8727 0.669637 4
    endloop
  endfacet
  facet normal 0.947038 0.321122 0
    outer loop
      vertex 10.9837 -0.420951 4
      vertex 10.9375 -0.2847 1.8
      vertex 10.9375 -0.2847 4
    endloop
  endfacet
  facet normal 0.947038 0.321122 0
    outer loop
      vertex 10.9375 -0.2847 1.8
      vertex 10.9837 -0.420951 4
      vertex 10.9837 -0.420951 1.8
    endloop
  endfacet
  facet normal 0.980746 0.195286 0
    outer loop
      vertex 10.9375 -0.2847 4
      vertex 10.9094 -0.143579 1.8
      vertex 10.9094 -0.143579 4
    endloop
  endfacet
  facet normal 0.980746 0.195286 0
    outer loop
      vertex 10.9094 -0.143579 1.8
      vertex 10.9375 -0.2847 4
      vertex 10.9375 -0.2847 1.8
    endloop
  endfacet
  facet normal 0.896706 0.442627 0
    outer loop
      vertex 11.0474 -0.549999 4
      vertex 10.9837 -0.420951 1.8
      vertex 10.9837 -0.420951 4
    endloop
  endfacet
  facet normal 0.896706 0.442627 0
    outer loop
      vertex 10.9837 -0.420951 1.8
      vertex 11.0474 -0.549999 4
      vertex 11.0474 -0.549999 1.8
    endloop
  endfacet
  facet normal -0.195113 -0.980781 0
    outer loop
      vertex 12.1436 1.09059 1.8
      vertex 12.2847 1.06252 4
      vertex 12.1436 1.09059 4
    endloop
  endfacet
  facet normal -0.195113 -0.980781 -0
    outer loop
      vertex 12.2847 1.06252 4
      vertex 12.1436 1.09059 1.8
      vertex 12.2847 1.06252 1.8
    endloop
  endfacet
  facet normal 0.751741 0.659458 0
    outer loop
      vertex 11.2222 -0.777817 4
      vertex 11.1273 -0.669637 1.8
      vertex 11.1273 -0.669637 4
    endloop
  endfacet
  facet normal 0.751741 0.659458 0
    outer loop
      vertex 11.1273 -0.669637 1.8
      vertex 11.2222 -0.777817 4
      vertex 11.2222 -0.777817 1.8
    endloop
  endfacet
  facet normal 0.659276 -0.751901 0
    outer loop
      vertex 11.2222 0.777817 1.8
      vertex 11.3304 0.872688 4
      vertex 11.2222 0.777817 4
    endloop
  endfacet
  facet normal 0.659276 -0.751901 0
    outer loop
      vertex 11.3304 0.872688 4
      vertex 11.2222 0.777817 1.8
      vertex 11.3304 0.872688 1.8
    endloop
  endfacet
  facet normal 0.896706 -0.442627 0
    outer loop
      vertex 10.9837 0.420951 4
      vertex 11.0474 0.549999 1.8
      vertex 11.0474 0.549999 4
    endloop
  endfacet
  facet normal 0.896706 -0.442627 0
    outer loop
      vertex 11.0474 0.549999 1.8
      vertex 10.9837 0.420951 4
      vertex 10.9837 0.420951 1.8
    endloop
  endfacet
  facet normal -0.831597 0.55538 0
    outer loop
      vertex 12.8727 -0.669637 1.8
      vertex 12.9526 -0.549999 4
      vertex 12.9526 -0.549999 1.8
    endloop
  endfacet
  facet normal -0.831597 0.55538 0
    outer loop
      vertex 12.9526 -0.549999 4
      vertex 12.8727 -0.669637 1.8
      vertex 12.8727 -0.669637 4
    endloop
  endfacet
  facet normal -0.831597 -0.55538 0
    outer loop
      vertex 12.9526 0.549999 1.8
      vertex 12.8727 0.669637 4
      vertex 12.8727 0.669637 1.8
    endloop
  endfacet
  facet normal -0.831597 -0.55538 0
    outer loop
      vertex 12.8727 0.669637 4
      vertex 12.9526 0.549999 1.8
      vertex 12.9526 0.549999 4
    endloop
  endfacet
  facet normal 0.751741 -0.659458 0
    outer loop
      vertex 11.1273 0.669637 4
      vertex 11.2222 0.777817 1.8
      vertex 11.2222 0.777817 4
    endloop
  endfacet
  facet normal 0.751741 -0.659458 0
    outer loop
      vertex 11.2222 0.777817 1.8
      vertex 11.1273 0.669637 4
      vertex 11.1273 0.669637 1.8
    endloop
  endfacet
  facet normal -0.659276 0.751901 0
    outer loop
      vertex 12.7778 -0.777817 1.8
      vertex 12.6696 -0.872688 4
      vertex 12.7778 -0.777817 4
    endloop
  endfacet
  facet normal -0.659276 0.751901 0
    outer loop
      vertex 12.6696 -0.872688 4
      vertex 12.7778 -0.777817 1.8
      vertex 12.6696 -0.872688 1.8
    endloop
  endfacet
  facet normal 0.831597 0.55538 0
    outer loop
      vertex 11.1273 -0.669637 4
      vertex 11.0474 -0.549999 1.8
      vertex 11.0474 -0.549999 4
    endloop
  endfacet
  facet normal 0.831597 0.55538 0
    outer loop
      vertex 11.0474 -0.549999 1.8
      vertex 11.1273 -0.669637 4
      vertex 11.1273 -0.669637 1.8
    endloop
  endfacet
  facet normal 0.195113 -0.980781 0
    outer loop
      vertex 11.7153 1.06252 1.8
      vertex 11.8564 1.09059 4
      vertex 11.7153 1.06252 4
    endloop
  endfacet
  facet normal 0.195113 -0.980781 0
    outer loop
      vertex 11.8564 1.09059 4
      vertex 11.7153 1.06252 1.8
      vertex 11.8564 1.09059 1.8
    endloop
  endfacet
  facet normal -0.947038 0.321122 0
    outer loop
      vertex 13.0163 -0.420951 1.8
      vertex 13.0625 -0.2847 4
      vertex 13.0625 -0.2847 1.8
    endloop
  endfacet
  facet normal -0.947038 0.321122 0
    outer loop
      vertex 13.0625 -0.2847 4
      vertex 13.0163 -0.420951 1.8
      vertex 13.0163 -0.420951 4
    endloop
  endfacet
  facet normal -0.442441 -0.896798 0
    outer loop
      vertex 12.421 1.01627 1.8
      vertex 12.55 0.952627 4
      vertex 12.421 1.01627 4
    endloop
  endfacet
  facet normal -0.442441 -0.896798 -0
    outer loop
      vertex 12.55 0.952627 4
      vertex 12.421 1.01627 1.8
      vertex 12.55 0.952627 1.8
    endloop
  endfacet
  facet normal 0.065389 -0.99786 0
    outer loop
      vertex 11.8564 1.09059 1.8
      vertex 12 1.1 4
      vertex 11.8564 1.09059 4
    endloop
  endfacet
  facet normal 0.065389 -0.99786 0
    outer loop
      vertex 12 1.1 4
      vertex 11.8564 1.09059 1.8
      vertex 12 1.1 1.8
    endloop
  endfacet
  facet normal -0.065389 0.99786 0
    outer loop
      vertex 12.1436 -1.09059 1.8
      vertex 12 -1.1 4
      vertex 12.1436 -1.09059 4
    endloop
  endfacet
  facet normal -0.065389 0.99786 0
    outer loop
      vertex 12 -1.1 4
      vertex 12.1436 -1.09059 1.8
      vertex 12 -1.1 1.8
    endloop
  endfacet
  facet normal -0.55569 -0.83139 0
    outer loop
      vertex 12.55 0.952627 1.8
      vertex 12.6696 0.872688 4
      vertex 12.55 0.952627 4
    endloop
  endfacet
  facet normal -0.55569 -0.83139 -0
    outer loop
      vertex 12.6696 0.872688 4
      vertex 12.55 0.952627 1.8
      vertex 12.6696 0.872688 1.8
    endloop
  endfacet
  facet normal 0.659276 0.751901 -0
    outer loop
      vertex 11.3304 -0.872688 1.8
      vertex 11.2222 -0.777817 4
      vertex 11.3304 -0.872688 4
    endloop
  endfacet
  facet normal 0.659276 0.751901 0
    outer loop
      vertex 11.2222 -0.777817 4
      vertex 11.3304 -0.872688 1.8
      vertex 11.2222 -0.777817 1.8
    endloop
  endfacet
  facet normal 0.980746 -0.195286 0
    outer loop
      vertex 10.9094 0.143579 4
      vertex 10.9375 0.2847 1.8
      vertex 10.9375 0.2847 4
    endloop
  endfacet
  facet normal 0.980746 -0.195286 0
    outer loop
      vertex 10.9375 0.2847 1.8
      vertex 10.9094 0.143579 4
      vertex 10.9094 0.143579 1.8
    endloop
  endfacet
  facet normal -0.896706 -0.442627 0
    outer loop
      vertex 13.0163 0.420951 1.8
      vertex 12.9526 0.549999 4
      vertex 12.9526 0.549999 1.8
    endloop
  endfacet
  facet normal -0.896706 -0.442627 0
    outer loop
      vertex 12.9526 0.549999 4
      vertex 13.0163 0.420951 1.8
      vertex 13.0163 0.420951 4
    endloop
  endfacet
  facet normal -0.195113 0.980781 0
    outer loop
      vertex 12.2847 -1.06252 1.8
      vertex 12.1436 -1.09059 4
      vertex 12.2847 -1.06252 4
    endloop
  endfacet
  facet normal -0.195113 0.980781 0
    outer loop
      vertex 12.1436 -1.09059 4
      vertex 12.2847 -1.06252 1.8
      vertex 12.1436 -1.09059 1.8
    endloop
  endfacet
  facet normal -0.896706 0.442627 0
    outer loop
      vertex 12.9526 -0.549999 1.8
      vertex 13.0163 -0.420951 4
      vertex 13.0163 -0.420951 1.8
    endloop
  endfacet
  facet normal -0.896706 0.442627 0
    outer loop
      vertex 13.0163 -0.420951 4
      vertex 12.9526 -0.549999 1.8
      vertex 12.9526 -0.549999 4
    endloop
  endfacet
  facet normal -0.980746 0.195286 0
    outer loop
      vertex 13.0625 -0.2847 1.8
      vertex 13.0906 -0.143579 4
      vertex 13.0906 -0.143579 1.8
    endloop
  endfacet
  facet normal -0.980746 0.195286 0
    outer loop
      vertex 13.0906 -0.143579 4
      vertex 13.0625 -0.2847 1.8
      vertex 13.0625 -0.2847 4
    endloop
  endfacet
  facet normal 0.55569 -0.83139 0
    outer loop
      vertex 11.3304 0.872688 1.8
      vertex 11.45 0.952627 4
      vertex 11.3304 0.872688 4
    endloop
  endfacet
  facet normal 0.55569 -0.83139 0
    outer loop
      vertex 11.45 0.952627 4
      vertex 11.3304 0.872688 1.8
      vertex 11.45 0.952627 1.8
    endloop
  endfacet
  facet normal -0.947038 -0.321122 0
    outer loop
      vertex 13.0625 0.2847 1.8
      vertex 13.0163 0.420951 4
      vertex 13.0163 0.420951 1.8
    endloop
  endfacet
  facet normal -0.947038 -0.321122 0
    outer loop
      vertex 13.0163 0.420951 4
      vertex 13.0625 0.2847 1.8
      vertex 13.0625 0.2847 4
    endloop
  endfacet
  facet normal -0.32133 0.946967 0
    outer loop
      vertex 12.421 -1.01627 1.8
      vertex 12.2847 -1.06252 4
      vertex 12.421 -1.01627 4
    endloop
  endfacet
  facet normal -0.32133 0.946967 0
    outer loop
      vertex 12.2847 -1.06252 4
      vertex 12.421 -1.01627 1.8
      vertex 12.2847 -1.06252 1.8
    endloop
  endfacet
  facet normal -0.442441 0.896798 0
    outer loop
      vertex 12.55 -0.952627 1.8
      vertex 12.421 -1.01627 4
      vertex 12.55 -0.952627 4
    endloop
  endfacet
  facet normal -0.442441 0.896798 0
    outer loop
      vertex 12.421 -1.01627 4
      vertex 12.55 -0.952627 1.8
      vertex 12.421 -1.01627 1.8
    endloop
  endfacet
  facet normal 0.997864 -0.0653293 0
    outer loop
      vertex 10.9 0 4
      vertex 10.9094 0.143579 1.8
      vertex 10.9094 0.143579 4
    endloop
  endfacet
  facet normal 0.997864 -0.0653293 0
    outer loop
      vertex 10.9094 0.143579 1.8
      vertex 10.9 0 4
      vertex 10.9 0 1.8
    endloop
  endfacet
  facet normal 0.32133 0.946967 -0
    outer loop
      vertex 11.7153 -1.06252 1.8
      vertex 11.579 -1.01627 4
      vertex 11.7153 -1.06252 4
    endloop
  endfacet
  facet normal 0.32133 0.946967 0
    outer loop
      vertex 11.579 -1.01627 4
      vertex 11.7153 -1.06252 1.8
      vertex 11.579 -1.01627 1.8
    endloop
  endfacet
  facet normal 0.442441 -0.896798 0
    outer loop
      vertex 11.45 0.952627 1.8
      vertex 11.579 1.01627 4
      vertex 11.45 0.952627 4
    endloop
  endfacet
  facet normal 0.442441 -0.896798 0
    outer loop
      vertex 11.579 1.01627 4
      vertex 11.45 0.952627 1.8
      vertex 11.579 1.01627 1.8
    endloop
  endfacet
  facet normal 0.831597 -0.55538 0
    outer loop
      vertex 11.0474 0.549999 4
      vertex 11.1273 0.669637 1.8
      vertex 11.1273 0.669637 4
    endloop
  endfacet
  facet normal 0.831597 -0.55538 0
    outer loop
      vertex 11.1273 0.669637 1.8
      vertex 11.0474 0.549999 4
      vertex 11.0474 0.549999 1.8
    endloop
  endfacet
  facet normal 0.442441 0.896798 -0
    outer loop
      vertex 11.579 -1.01627 1.8
      vertex 11.45 -0.952627 4
      vertex 11.579 -1.01627 4
    endloop
  endfacet
  facet normal 0.442441 0.896798 0
    outer loop
      vertex 11.45 -0.952627 4
      vertex 11.579 -1.01627 1.8
      vertex 11.45 -0.952627 1.8
    endloop
  endfacet
  facet normal 0.55569 0.83139 -0
    outer loop
      vertex 11.45 -0.952627 1.8
      vertex 11.3304 -0.872688 4
      vertex 11.45 -0.952627 4
    endloop
  endfacet
  facet normal 0.55569 0.83139 0
    outer loop
      vertex 11.3304 -0.872688 4
      vertex 11.45 -0.952627 1.8
      vertex 11.3304 -0.872688 1.8
    endloop
  endfacet
  facet normal -0.896949 -0.442134 0
    outer loop
      vertex 16.0711 0.899292 0
      vertex 15.9352 1.17499 1.8
      vertex 15.9352 1.17499 0
    endloop
  endfacet
  facet normal -0.896949 -0.442134 0
    outer loop
      vertex 15.9352 1.17499 1.8
      vertex 16.0711 0.899292 0
      vertex 16.0711 0.899292 1.8
    endloop
  endfacet
  facet normal 0.99786 -0.0653893 0
    outer loop
      vertex -16.25 0 1.8
      vertex -16.2299 0.306732 0
      vertex -16.2299 0.306732 1.8
    endloop
  endfacet
  facet normal 0.99786 -0.0653893 0
    outer loop
      vertex -16.2299 0.306732 0
      vertex -16.25 0 1.8
      vertex -16.25 0 0
    endloop
  endfacet
  facet normal 0.896949 -0.442134 0
    outer loop
      vertex -16.0711 0.899292 1.8
      vertex -15.9352 1.17499 0
      vertex -15.9352 1.17499 1.8
    endloop
  endfacet
  facet normal 0.896949 -0.442134 0
    outer loop
      vertex -15.9352 1.17499 0
      vertex -16.0711 0.899292 1.8
      vertex -16.0711 0.899292 0
    endloop
  endfacet
  facet normal 0.555556 -0.831479 0
    outer loop
      vertex -15.3306 1.86438 0
      vertex -15.075 2.03516 1.8
      vertex -15.3306 1.86438 1.8
    endloop
  endfacet
  facet normal 0.555556 -0.831479 0
    outer loop
      vertex -15.075 2.03516 1.8
      vertex -15.3306 1.86438 0
      vertex -15.075 2.03516 0
    endloop
  endfacet
  facet normal -0.0653978 0.997859 0
    outer loop
      vertex 0.515578 -3.91621 0
      vertex 0 -3.95 1.8
      vertex 0.515578 -3.91621 1.8
    endloop
  endfacet
  facet normal -0.0653978 0.997859 0
    outer loop
      vertex 0 -3.95 1.8
      vertex 0.515578 -3.91621 0
      vertex 0 -3.95 0
    endloop
  endfacet
  facet normal 0.946937 0.321418 0
    outer loop
      vertex -16.0711 -0.899292 1.8
      vertex -16.1699 -0.608215 0
      vertex -16.1699 -0.608215 1.8
    endloop
  endfacet
  facet normal 0.946937 0.321418 0
    outer loop
      vertex -16.1699 -0.608215 0
      vertex -16.0711 -0.899292 1.8
      vertex -16.0711 -0.899292 0
    endloop
  endfacet
  facet normal 0.0653978 0.997859 -0
    outer loop
      vertex 0 -3.95 0
      vertex -0.515578 -3.91621 1.8
      vertex 0 -3.95 1.8
    endloop
  endfacet
  facet normal 0.0653978 0.997859 0
    outer loop
      vertex -0.515578 -3.91621 1.8
      vertex 0 -3.95 0
      vertex -0.515578 -3.91621 0
    endloop
  endfacet
  facet normal -0.321395 -0.946945 0
    outer loop
      vertex 14.5082 2.26991 0
      vertex 14.7993 2.17111 1.8
      vertex 14.5082 2.26991 1.8
    endloop
  endfacet
  facet normal -0.321395 -0.946945 -0
    outer loop
      vertex 14.7993 2.17111 1.8
      vertex 14.5082 2.26991 0
      vertex 14.7993 2.17111 0
    endloop
  endfacet
  facet normal 0.442262 0.896886 -0
    outer loop
      vertex -14.7993 -2.17111 0
      vertex -15.075 -2.03516 1.8
      vertex -14.7993 -2.17111 1.8
    endloop
  endfacet
  facet normal 0.442262 0.896886 0
    outer loop
      vertex -15.075 -2.03516 1.8
      vertex -14.7993 -2.17111 0
      vertex -15.075 -2.03516 0
    endloop
  endfacet
  facet normal 0.195146 0.980774 -0
    outer loop
      vertex -14.2067 -2.3299 0
      vertex -14.5082 -2.26991 1.8
      vertex -14.2067 -2.3299 1.8
    endloop
  endfacet
  facet normal 0.195146 0.980774 0
    outer loop
      vertex -14.5082 -2.26991 1.8
      vertex -14.2067 -2.3299 0
      vertex -14.5082 -2.26991 0
    endloop
  endfacet
  facet normal 0.0653978 -0.997859 0
    outer loop
      vertex -0.515578 3.91621 0
      vertex 0 3.95 1.8
      vertex -0.515578 3.91621 1.8
    endloop
  endfacet
  facet normal 0.0653978 -0.997859 0
    outer loop
      vertex 0 3.95 1.8
      vertex -0.515578 3.91621 0
      vertex 0 3.95 0
    endloop
  endfacet
  facet normal 0.115094 -0.993355 0
    outer loop
      vertex -14.2067 2.3299 0
      vertex -0.515578 3.91621 1.8
      vertex -14.2067 2.3299 1.8
    endloop
  endfacet
  facet normal 0.115094 -0.993355 0
    outer loop
      vertex -0.515578 3.91621 1.8
      vertex -14.2067 2.3299 0
      vertex -0.515578 3.91621 0
    endloop
  endfacet
  facet normal 0.321395 -0.946945 0
    outer loop
      vertex -14.7993 2.17111 0
      vertex -14.5082 2.26991 1.8
      vertex -14.7993 2.17111 1.8
    endloop
  endfacet
  facet normal 0.321395 -0.946945 0
    outer loop
      vertex -14.5082 2.26991 1.8
      vertex -14.7993 2.17111 0
      vertex -14.5082 2.26991 0
    endloop
  endfacet
  facet normal -0.0653978 -0.997859 0
    outer loop
      vertex 0 3.95 0
      vertex 0.515578 3.91621 1.8
      vertex 0 3.95 1.8
    endloop
  endfacet
  facet normal -0.0653978 -0.997859 -0
    outer loop
      vertex 0.515578 3.91621 1.8
      vertex 0 3.95 0
      vertex 0.515578 3.91621 0
    endloop
  endfacet
  facet normal 0.115094 0.993355 -0
    outer loop
      vertex -0.515578 -3.91621 0
      vertex -14.2067 -2.3299 1.8
      vertex -0.515578 -3.91621 1.8
    endloop
  endfacet
  facet normal 0.115094 0.993355 0
    outer loop
      vertex -14.2067 -2.3299 1.8
      vertex -0.515578 -3.91621 0
      vertex -14.2067 -2.3299 0
    endloop
  endfacet
  facet normal -0.442262 0.896886 0
    outer loop
      vertex 15.075 -2.03516 0
      vertex 14.7993 -2.17111 1.8
      vertex 15.075 -2.03516 1.8
    endloop
  endfacet
  facet normal -0.442262 0.896886 0
    outer loop
      vertex 14.7993 -2.17111 1.8
      vertex 15.075 -2.03516 0
      vertex 14.7993 -2.17111 0
    endloop
  endfacet
  facet normal -0.555556 -0.831479 0
    outer loop
      vertex 15.075 2.03516 0
      vertex 15.3306 1.86438 1.8
      vertex 15.075 2.03516 1.8
    endloop
  endfacet
  facet normal -0.555556 -0.831479 -0
    outer loop
      vertex 15.3306 1.86438 1.8
      vertex 15.075 2.03516 0
      vertex 15.3306 1.86438 0
    endloop
  endfacet
  facet normal 0.831449 -0.555601 0
    outer loop
      vertex -15.9352 1.17499 1.8
      vertex -15.7644 1.43059 0
      vertex -15.7644 1.43059 1.8
    endloop
  endfacet
  facet normal 0.831449 -0.555601 0
    outer loop
      vertex -15.7644 1.43059 0
      vertex -15.9352 1.17499 1.8
      vertex -15.9352 1.17499 0
    endloop
  endfacet
  facet normal -0.442262 -0.896886 0
    outer loop
      vertex 14.7993 2.17111 0
      vertex 15.075 2.03516 1.8
      vertex 14.7993 2.17111 1.8
    endloop
  endfacet
  facet normal -0.442262 -0.896886 -0
    outer loop
      vertex 15.075 2.03516 1.8
      vertex 14.7993 2.17111 0
      vertex 15.075 2.03516 0
    endloop
  endfacet
  facet normal -0.946937 -0.321418 0
    outer loop
      vertex 16.1699 0.608215 0
      vertex 16.0711 0.899292 1.8
      vertex 16.0711 0.899292 0
    endloop
  endfacet
  facet normal -0.946937 -0.321418 0
    outer loop
      vertex 16.0711 0.899292 1.8
      vertex 16.1699 0.608215 0
      vertex 16.1699 0.608215 1.8
    endloop
  endfacet
  facet normal -0.115094 -0.993355 0
    outer loop
      vertex 0.515578 3.91621 0
      vertex 14.2067 2.3299 1.8
      vertex 0.515578 3.91621 1.8
    endloop
  endfacet
  facet normal -0.115094 -0.993355 -0
    outer loop
      vertex 14.2067 2.3299 1.8
      vertex 0.515578 3.91621 0
      vertex 14.2067 2.3299 0
    endloop
  endfacet
  facet normal -0.195146 0.980774 0
    outer loop
      vertex 14.5082 -2.26991 0
      vertex 14.2067 -2.3299 1.8
      vertex 14.5082 -2.26991 1.8
    endloop
  endfacet
  facet normal -0.195146 0.980774 0
    outer loop
      vertex 14.2067 -2.3299 1.8
      vertex 14.5082 -2.26991 0
      vertex 14.2067 -2.3299 0
    endloop
  endfacet
  facet normal -0.659366 -0.751822 0
    outer loop
      vertex 15.3306 1.86438 0
      vertex 15.5617 1.6617 1.8
      vertex 15.3306 1.86438 1.8
    endloop
  endfacet
  facet normal -0.659366 -0.751822 -0
    outer loop
      vertex 15.5617 1.6617 1.8
      vertex 15.3306 1.86438 0
      vertex 15.5617 1.6617 0
    endloop
  endfacet
  facet normal -0.99786 0.0653893 0
    outer loop
      vertex 16.2299 -0.306732 0
      vertex 16.25 0 1.8
      vertex 16.25 0 0
    endloop
  endfacet
  facet normal -0.99786 0.0653893 0
    outer loop
      vertex 16.25 0 1.8
      vertex 16.2299 -0.306732 0
      vertex 16.2299 -0.306732 1.8
    endloop
  endfacet
  facet normal -0.99786 -0.0653893 0
    outer loop
      vertex 16.25 0 0
      vertex 16.2299 0.306732 1.8
      vertex 16.2299 0.306732 0
    endloop
  endfacet
  facet normal -0.99786 -0.0653893 0
    outer loop
      vertex 16.2299 0.306732 1.8
      vertex 16.25 0 0
      vertex 16.25 0 1.8
    endloop
  endfacet
  facet normal 0.831449 0.555601 0
    outer loop
      vertex -15.7644 -1.43059 1.8
      vertex -15.9352 -1.17499 0
      vertex -15.9352 -1.17499 1.8
    endloop
  endfacet
  facet normal 0.831449 0.555601 0
    outer loop
      vertex -15.9352 -1.17499 0
      vertex -15.7644 -1.43059 1.8
      vertex -15.7644 -1.43059 0
    endloop
  endfacet
  facet normal -0.115094 0.993355 0
    outer loop
      vertex 14.2067 -2.3299 0
      vertex 0.515578 -3.91621 1.8
      vertex 14.2067 -2.3299 1.8
    endloop
  endfacet
  facet normal -0.115094 0.993355 0
    outer loop
      vertex 0.515578 -3.91621 1.8
      vertex 14.2067 -2.3299 0
      vertex 0.515578 -3.91621 0
    endloop
  endfacet
  facet normal 0 0 -1
    outer loop
      vertex 13.1 0 1.8
      vertex 16.25 0 1.8
      vertex 16.2299 -0.306732 1.8
    endloop
  endfacet
  facet normal 0 0 -1
    outer loop
      vertex 13.1 0 1.8
      vertex 16.2299 -0.306732 1.8
      vertex 16.1699 -0.608215 1.8
    endloop
  endfacet
  facet normal 0 0 -1
    outer loop
      vertex 16.25 0 1.8
      vertex 13.1 0 1.8
      vertex 16.2299 0.306732 1.8
    endloop
  endfacet
  facet normal 0 0 -1
    outer loop
      vertex 13.0906 -0.143579 1.8
      vertex 16.1699 -0.608215 1.8
      vertex 16.0711 -0.899292 1.8
    endloop
  endfacet
  facet normal -0 0 -1
    outer loop
      vertex 16.2299 0.306732 1.8
      vertex 13.1 0 1.8
      vertex 16.1699 0.608215 1.8
    endloop
  endfacet
  facet normal 0 0 -1
    outer loop
      vertex 13.0906 -0.143579 1.8
      vertex 16.0711 -0.899292 1.8
      vertex 15.9352 -1.17499 1.8
    endloop
  endfacet
  facet normal 0 0 -1
    outer loop
      vertex 13.0906 0.143579 1.8
      vertex 16.1699 0.608215 1.8
      vertex 13.1 0 1.8
    endloop
  endfacet
  facet normal 0 0 -1
    outer loop
      vertex 13.0906 -0.143579 1.8
      vertex 15.9352 -1.17499 1.8
      vertex 15.7644 -1.43059 1.8
    endloop
  endfacet
  facet normal -0 0 -1
    outer loop
      vertex 16.1699 0.608215 1.8
      vertex 13.0906 0.143579 1.8
      vertex 16.0711 0.899292 1.8
    endloop
  endfacet
  facet normal 0 0 -1
    outer loop
      vertex 13.0625 -0.2847 1.8
      vertex 15.7644 -1.43059 1.8
      vertex 15.5617 -1.6617 1.8
    endloop
  endfacet
  facet normal -0 0 -1
    outer loop
      vertex 16.0711 0.899292 1.8
      vertex 13.0906 0.143579 1.8
      vertex 15.9352 1.17499 1.8
    endloop
  endfacet
  facet normal 0 0 -1
    outer loop
      vertex 13.0625 -0.2847 1.8
      vertex 15.5617 -1.6617 1.8
      vertex 15.3306 -1.86438 1.8
    endloop
  endfacet
  facet normal -0 0 -1
    outer loop
      vertex 15.9352 1.17499 1.8
      vertex 13.0906 0.143579 1.8
      vertex 15.7644 1.43059 1.8
    endloop
  endfacet
  facet normal 0 0 -1
    outer loop
      vertex 13.0625 -0.2847 1.8
      vertex 15.3306 -1.86438 1.8
      vertex 15.075 -2.03516 1.8
    endloop
  endfacet
  facet normal 0 0 -1
    outer loop
      vertex 13.0625 0.2847 1.8
      vertex 15.7644 1.43059 1.8
      vertex 13.0906 0.143579 1.8
    endloop
  endfacet
  facet normal 0 0 -1
    outer loop
      vertex 13.0163 -0.420951 1.8
      vertex 15.075 -2.03516 1.8
      vertex 14.7993 -2.17111 1.8
    endloop
  endfacet
  facet normal -0 0 -1
    outer loop
      vertex 15.7644 1.43059 1.8
      vertex 13.0625 0.2847 1.8
      vertex 15.5617 1.6617 1.8
    endloop
  endfacet
  facet normal 0 0 -1
    outer loop
      vertex 13.0163 -0.420951 1.8
      vertex 14.7993 -2.17111 1.8
      vertex 14.5082 -2.26991 1.8
    endloop
  endfacet
  facet normal -0 0 -1
    outer loop
      vertex 15.5617 1.6617 1.8
      vertex 13.0625 0.2847 1.8
      vertex 15.3306 1.86438 1.8
    endloop
  endfacet
  facet normal 0 0 -1
    outer loop
      vertex 12.9526 -0.549999 1.8
      vertex 14.5082 -2.26991 1.8
      vertex 14.2067 -2.3299 1.8
    endloop
  endfacet
  facet normal -0 0 -1
    outer loop
      vertex 15.3306 1.86438 1.8
      vertex 13.0625 0.2847 1.8
      vertex 15.075 2.03516 1.8
    endloop
  endfacet
  facet normal 0 0 -1
    outer loop
      vertex 13.0163 0.420951 1.8
      vertex 15.075 2.03516 1.8
      vertex 13.0625 0.2847 1.8
    endloop
  endfacet
  facet normal 0 0 -1
    outer loop
      vertex 16.1699 -0.608215 1.8
      vertex 13.0906 -0.143579 1.8
      vertex 13.1 0 1.8
    endloop
  endfacet
  facet normal 0 0 -1
    outer loop
      vertex 15.7644 -1.43059 1.8
      vertex 13.0625 -0.2847 1.8
      vertex 13.0906 -0.143579 1.8
    endloop
  endfacet
  facet normal 0 0 -1
    outer loop
      vertex 15.075 -2.03516 1.8
      vertex 13.0163 -0.420951 1.8
      vertex 13.0625 -0.2847 1.8
    endloop
  endfacet
  facet normal 0 0 -1
    outer loop
      vertex 14.5082 -2.26991 1.8
      vertex 12.9526 -0.549999 1.8
      vertex 13.0163 -0.420951 1.8
    endloop
  endfacet
  facet normal 0 0 -1
    outer loop
      vertex 14.2067 -2.3299 1.8
      vertex 12.8727 -0.669637 1.8
      vertex 12.9526 -0.549999 1.8
    endloop
  endfacet
  facet normal 0 0 -1
    outer loop
      vertex 14.2067 -2.3299 1.8
      vertex 12.7778 -0.777817 1.8
      vertex 12.8727 -0.669637 1.8
    endloop
  endfacet
  facet normal 0 0 -1
    outer loop
      vertex 14.2067 -2.3299 1.8
      vertex 12.6696 -0.872688 1.8
      vertex 12.7778 -0.777817 1.8
    endloop
  endfacet
  facet normal 0 0 -1
    outer loop
      vertex 14.2067 -2.3299 1.8
      vertex 12.55 -0.952627 1.8
      vertex 12.6696 -0.872688 1.8
    endloop
  endfacet
  facet normal 0 0 -1
    outer loop
      vertex 14.2067 -2.3299 1.8
      vertex 12.421 -1.01627 1.8
      vertex 12.55 -0.952627 1.8
    endloop
  endfacet
  facet normal 0 0 -1
    outer loop
      vertex 14.2067 -2.3299 1.8
      vertex 12.2847 -1.06252 1.8
      vertex 12.421 -1.01627 1.8
    endloop
  endfacet
  facet normal 0 0 -1
    outer loop
      vertex 14.2067 -2.3299 1.8
      vertex 12.1436 -1.09059 1.8
      vertex 12.2847 -1.06252 1.8
    endloop
  endfacet
  facet normal 0 0 -1
    outer loop
      vertex 14.2067 -2.3299 1.8
      vertex 12 -1.1 1.8
      vertex 12.1436 -1.09059 1.8
    endloop
  endfacet
  facet normal 0 0 -1
    outer loop
      vertex 14.2067 -2.3299 1.8
      vertex 11.8564 -1.09059 1.8
      vertex 12 -1.1 1.8
    endloop
  endfacet
  facet normal 0 0 -1
    outer loop
      vertex 14.2067 -2.3299 1.8
      vertex 11.7153 -1.06252 1.8
      vertex 11.8564 -1.09059 1.8
    endloop
  endfacet
  facet normal 0 0 -1
    outer loop
      vertex 8.2847 -1.06252 1.8
      vertex 11.7153 -1.06252 1.8
      vertex 14.2067 -2.3299 1.8
    endloop
  endfacet
  facet normal 0 0 -1
    outer loop
      vertex 11.7153 -1.06252 1.8
      vertex 8.2847 -1.06252 1.8
      vertex 11.579 -1.01627 1.8
    endloop
  endfacet
  facet normal 0 0 -1
    outer loop
      vertex 10.9094 -0.143579 1.8
      vertex 9.1 0 1.8
      vertex 10.9 0 1.8
    endloop
  endfacet
  facet normal 0 0 -1
    outer loop
      vertex 9.09059 -0.143579 1.8
      vertex 10.9094 -0.143579 1.8
      vertex 10.9375 -0.2847 1.8
    endloop
  endfacet
  facet normal 0 0 -1
    outer loop
      vertex 9.06252 -0.2847 1.8
      vertex 10.9375 -0.2847 1.8
      vertex 10.9837 -0.420951 1.8
    endloop
  endfacet
  facet normal 0 0 -1
    outer loop
      vertex 9.01627 -0.420951 1.8
      vertex 10.9837 -0.420951 1.8
      vertex 11.0474 -0.549999 1.8
    endloop
  endfacet
  facet normal 0 0 -1
    outer loop
      vertex 8.95263 -0.549999 1.8
      vertex 11.0474 -0.549999 1.8
      vertex 11.1273 -0.669637 1.8
    endloop
  endfacet
  facet normal 0 0 -1
    outer loop
      vertex 8.87269 -0.669637 1.8
      vertex 11.1273 -0.669637 1.8
      vertex 11.2222 -0.777817 1.8
    endloop
  endfacet
  facet normal 0 0 -1
    outer loop
      vertex 8.77782 -0.777817 1.8
      vertex 11.2222 -0.777817 1.8
      vertex 11.3304 -0.872688 1.8
    endloop
  endfacet
  facet normal 0 0 -1
    outer loop
      vertex 8.66964 -0.872688 1.8
      vertex 11.3304 -0.872688 1.8
      vertex 11.45 -0.952627 1.8
    endloop
  endfacet
  facet normal 0 -0 -1
    outer loop
      vertex 8.42095 -1.01627 1.8
      vertex 11.579 -1.01627 1.8
      vertex 8.2847 -1.06252 1.8
    endloop
  endfacet
  facet normal 0 0 -1
    outer loop
      vertex 10.9094 -0.143579 1.8
      vertex 9.09059 -0.143579 1.8
      vertex 9.1 0 1.8
    endloop
  endfacet
  facet normal 0 0 -1
    outer loop
      vertex 10.9375 -0.2847 1.8
      vertex 9.06252 -0.2847 1.8
      vertex 9.09059 -0.143579 1.8
    endloop
  endfacet
  facet normal 0 0 -1
    outer loop
      vertex 10.9837 -0.420951 1.8
      vertex 9.01627 -0.420951 1.8
      vertex 9.06252 -0.2847 1.8
    endloop
  endfacet
  facet normal 0 0 -1
    outer loop
      vertex 11.0474 -0.549999 1.8
      vertex 8.95263 -0.549999 1.8
      vertex 9.01627 -0.420951 1.8
    endloop
  endfacet
  facet normal 0 0 -1
    outer loop
      vertex 11.1273 -0.669637 1.8
      vertex 8.87269 -0.669637 1.8
      vertex 8.95263 -0.549999 1.8
    endloop
  endfacet
  facet normal 0 0 -1
    outer loop
      vertex 11.2222 -0.777817 1.8
      vertex 8.77782 -0.777817 1.8
      vertex 8.87269 -0.669637 1.8
    endloop
  endfacet
  facet normal 0 0 -1
    outer loop
      vertex 11.3304 -0.872688 1.8
      vertex 8.66964 -0.872688 1.8
      vertex 8.77782 -0.777817 1.8
    endloop
  endfacet
  facet normal 0 0 -1
    outer loop
      vertex 11.45 -0.952627 1.8
      vertex 8.55 -0.952627 1.8
      vertex 8.66964 -0.872688 1.8
    endloop
  endfacet
  facet normal -0 0 -1
    outer loop
      vertex 11.45 -0.952627 1.8
      vertex 8.42095 -1.01627 1.8
      vertex 8.55 -0.952627 1.8
    endloop
  endfacet
  facet normal 0 0 -1
    outer loop
      vertex 11.579 -1.01627 1.8
      vertex 8.42095 -1.01627 1.8
      vertex 11.45 -0.952627 1.8
    endloop
  endfacet
  facet normal 0 0 -1
    outer loop
      vertex 14.2067 -2.3299 1.8
      vertex 8.14358 -1.09059 1.8
      vertex 8.2847 -1.06252 1.8
    endloop
  endfacet
  facet normal 0 0 -1
    outer loop
      vertex 14.2067 -2.3299 1.8
      vertex 8 -1.1 1.8
      vertex 8.14358 -1.09059 1.8
    endloop
  endfacet
  facet normal 0 0 -1
    outer loop
      vertex 0.515578 -3.91621 1.8
      vertex 8 -1.1 1.8
      vertex 14.2067 -2.3299 1.8
    endloop
  endfacet
  facet normal 0 0 -1
    outer loop
      vertex 6.90941 -0.143579 1.8
      vertex 2.75 0 1.8
      vertex 6.9 0 1.8
    endloop
  endfacet
  facet normal 0 0 -1
    outer loop
      vertex 2.72647 -0.358947 1.8
      vertex 6.90941 -0.143579 1.8
      vertex 6.93748 -0.2847 1.8
    endloop
  endfacet
  facet normal 0 0 -1
    outer loop
      vertex 2.6563 -0.711752 1.8
      vertex 6.93748 -0.2847 1.8
      vertex 6.98373 -0.420951 1.8
    endloop
  endfacet
  facet normal 0 0 -1
    outer loop
      vertex 2.6563 -0.711752 1.8
      vertex 6.98373 -0.420951 1.8
      vertex 7.04737 -0.549999 1.8
    endloop
  endfacet
  facet normal 0 0 -1
    outer loop
      vertex 2.54067 -1.05238 1.8
      vertex 7.04737 -0.549999 1.8
      vertex 7.12731 -0.669637 1.8
    endloop
  endfacet
  facet normal 0 0 -1
    outer loop
      vertex 2.38157 -1.375 1.8
      vertex 7.12731 -0.669637 1.8
      vertex 7.22218 -0.777817 1.8
    endloop
  endfacet
  facet normal 0 0 -1
    outer loop
      vertex 2.38157 -1.375 1.8
      vertex 7.22218 -0.777817 1.8
      vertex 7.33036 -0.872688 1.8
    endloop
  endfacet
  facet normal 0 0 -1
    outer loop
      vertex 2.18172 -1.67409 1.8
      vertex 7.33036 -0.872688 1.8
      vertex 7.45 -0.952627 1.8
    endloop
  endfacet
  facet normal 0 0 -1
    outer loop
      vertex 1.94454 -1.94454 1.8
      vertex 7.45 -0.952627 1.8
      vertex 7.57905 -1.01627 1.8
    endloop
  endfacet
  facet normal 0 0 -1
    outer loop
      vertex 0.515578 -3.91621 1.8
      vertex 7.57905 -1.01627 1.8
      vertex 7.7153 -1.06252 1.8
    endloop
  endfacet
  facet normal -0 0 -1
    outer loop
      vertex 6.90941 -0.143579 1.8
      vertex 2.72647 -0.358947 1.8
      vertex 2.75 0 1.8
    endloop
  endfacet
  facet normal 0 0 -1
    outer loop
      vertex 0.515578 -3.91621 1.8
      vertex 7.7153 -1.06252 1.8
      vertex 7.85642 -1.09059 1.8
    endloop
  endfacet
  facet normal -0 0 -1
    outer loop
      vertex 8 -1.1 1.8
      vertex 0.515578 -3.91621 1.8
      vertex 7.85642 -1.09059 1.8
    endloop
  endfacet
  facet normal 0 0 -1
    outer loop
      vertex 6.93748 -0.2847 1.8
      vertex 2.6563 -0.711752 1.8
      vertex 2.72647 -0.358947 1.8
    endloop
  endfacet
  facet normal 0 0 -1
    outer loop
      vertex 7.04737 -0.549999 1.8
      vertex 2.54067 -1.05238 1.8
      vertex 2.6563 -0.711752 1.8
    endloop
  endfacet
  facet normal 0 0 -1
    outer loop
      vertex 7.12731 -0.669637 1.8
      vertex 2.38157 -1.375 1.8
      vertex 2.54067 -1.05238 1.8
    endloop
  endfacet
  facet normal 0 0 -1
    outer loop
      vertex 7.33036 -0.872688 1.8
      vertex 2.18172 -1.67409 1.8
      vertex 2.38157 -1.375 1.8
    endloop
  endfacet
  facet normal 0 0 -1
    outer loop
      vertex 7.45 -0.952627 1.8
      vertex 1.94454 -1.94454 1.8
      vertex 2.18172 -1.67409 1.8
    endloop
  endfacet
  facet normal 0 0 -1
    outer loop
      vertex 7.57905 -1.01627 1.8
      vertex 0.515578 -3.91621 1.8
      vertex 1.94454 -1.94454 1.8
    endloop
  endfacet
  facet normal 0 0 -1
    outer loop
      vertex 1.94454 -1.94454 1.8
      vertex 0.515578 -3.91621 1.8
      vertex 1.67409 -2.18172 1.8
    endloop
  endfacet
  facet normal 0 0 -1
    outer loop
      vertex 1.67409 -2.18172 1.8
      vertex 0.515578 -3.91621 1.8
      vertex 1.375 -2.38157 1.8
    endloop
  endfacet
  facet normal 0 0 -1
    outer loop
      vertex 1.375 -2.38157 1.8
      vertex 0.515578 -3.91621 1.8
      vertex 1.05238 -2.54067 1.8
    endloop
  endfacet
  facet normal 0 0 -1
    outer loop
      vertex 1.05238 -2.54067 1.8
      vertex 0.515578 -3.91621 1.8
      vertex 0.711752 -2.6563 1.8
    endloop
  endfacet
  facet normal 0 0 -1
    outer loop
      vertex 0.515578 -3.91621 1.8
      vertex 0.358947 -2.72647 1.8
      vertex 0.711752 -2.6563 1.8
    endloop
  endfacet
  facet normal 0 0 -1
    outer loop
      vertex 0 -3.95 1.8
      vertex 0.358947 -2.72647 1.8
      vertex 0.515578 -3.91621 1.8
    endloop
  endfacet
  facet normal 0 0 -1
    outer loop
      vertex 0 -3.95 1.8
      vertex 0 -2.75 1.8
      vertex 0.358947 -2.72647 1.8
    endloop
  endfacet
  facet normal 0 0 -1
    outer loop
      vertex 0 -3.95 1.8
      vertex -0.358947 -2.72647 1.8
      vertex 0 -2.75 1.8
    endloop
  endfacet
  facet normal 0 0 -1
    outer loop
      vertex -0.515578 -3.91621 1.8
      vertex -0.358947 -2.72647 1.8
      vertex 0 -3.95 1.8
    endloop
  endfacet
  facet normal 0 0 -1
    outer loop
      vertex -0.515578 -3.91621 1.8
      vertex -0.711752 -2.6563 1.8
      vertex -0.358947 -2.72647 1.8
    endloop
  endfacet
  facet normal 0 0 -1
    outer loop
      vertex -0.515578 -3.91621 1.8
      vertex -1.05238 -2.54067 1.8
      vertex -0.711752 -2.6563 1.8
    endloop
  endfacet
  facet normal 0 0 -1
    outer loop
      vertex -0.515578 -3.91621 1.8
      vertex -1.375 -2.38157 1.8
      vertex -1.05238 -2.54067 1.8
    endloop
  endfacet
  facet normal 0 0 -1
    outer loop
      vertex -0.515578 -3.91621 1.8
      vertex -1.67409 -2.18172 1.8
      vertex -1.375 -2.38157 1.8
    endloop
  endfacet
  facet normal 0 0 -1
    outer loop
      vertex -0.515578 -3.91621 1.8
      vertex -1.94454 -1.94454 1.8
      vertex -1.67409 -2.18172 1.8
    endloop
  endfacet
  facet normal 0 0 -1
    outer loop
      vertex -7.57905 -1.01627 1.8
      vertex -1.94454 -1.94454 1.8
      vertex -0.515578 -3.91621 1.8
    endloop
  endfacet
  facet normal 0 0 -1
    outer loop
      vertex -6.90941 -0.143579 1.8
      vertex -2.75 0 1.8
      vertex -2.72647 -0.358947 1.8
    endloop
  endfacet
  facet normal 0 0 -1
    outer loop
      vertex -6.93748 -0.2847 1.8
      vertex -2.72647 -0.358947 1.8
      vertex -2.6563 -0.711752 1.8
    endloop
  endfacet
  facet normal 0 0 -1
    outer loop
      vertex -7.04737 -0.549999 1.8
      vertex -2.6563 -0.711752 1.8
      vertex -2.54067 -1.05238 1.8
    endloop
  endfacet
  facet normal 0 0 -1
    outer loop
      vertex -7.12731 -0.669637 1.8
      vertex -2.54067 -1.05238 1.8
      vertex -2.38157 -1.375 1.8
    endloop
  endfacet
  facet normal 0 0 -1
    outer loop
      vertex -7.33036 -0.872688 1.8
      vertex -2.38157 -1.375 1.8
      vertex -2.18172 -1.67409 1.8
    endloop
  endfacet
  facet normal 0 -0 -1
    outer loop
      vertex -7.45 -0.952627 1.8
      vertex -1.94454 -1.94454 1.8
      vertex -7.57905 -1.01627 1.8
    endloop
  endfacet
  facet normal -0 0 -1
    outer loop
      vertex -2.75 0 1.8
      vertex -6.90941 -0.143579 1.8
      vertex -6.9 0 1.8
    endloop
  endfacet
  facet normal 0 0 -1
    outer loop
      vertex -2.72647 -0.358947 1.8
      vertex -6.93748 -0.2847 1.8
      vertex -6.90941 -0.143579 1.8
    endloop
  endfacet
  facet normal 0 0 -1
    outer loop
      vertex -2.6563 -0.711752 1.8
      vertex -6.98373 -0.420951 1.8
      vertex -6.93748 -0.2847 1.8
    endloop
  endfacet
  facet normal 0 0 -1
    outer loop
      vertex -2.6563 -0.711752 1.8
      vertex -7.04737 -0.549999 1.8
      vertex -6.98373 -0.420951 1.8
    endloop
  endfacet
  facet normal 0 0 -1
    outer loop
      vertex -2.54067 -1.05238 1.8
      vertex -7.12731 -0.669637 1.8
      vertex -7.04737 -0.549999 1.8
    endloop
  endfacet
  facet normal 0 0 -1
    outer loop
      vertex -2.38157 -1.375 1.8
      vertex -7.22218 -0.777817 1.8
      vertex -7.12731 -0.669637 1.8
    endloop
  endfacet
  facet normal 0 0 -1
    outer loop
      vertex -2.38157 -1.375 1.8
      vertex -7.33036 -0.872688 1.8
      vertex -7.22218 -0.777817 1.8
    endloop
  endfacet
  facet normal 0 0 -1
    outer loop
      vertex -2.18172 -1.67409 1.8
      vertex -7.45 -0.952627 1.8
      vertex -7.33036 -0.872688 1.8
    endloop
  endfacet
  facet normal 0 0 -1
    outer loop
      vertex -1.94454 -1.94454 1.8
      vertex -7.45 -0.952627 1.8
      vertex -2.18172 -1.67409 1.8
    endloop
  endfacet
  facet normal 0 0 -1
    outer loop
      vertex -0.515578 -3.91621 1.8
      vertex -7.7153 -1.06252 1.8
      vertex -7.57905 -1.01627 1.8
    endloop
  endfacet
  facet normal 0 0 -1
    outer loop
      vertex -0.515578 -3.91621 1.8
      vertex -7.85642 -1.09059 1.8
      vertex -7.7153 -1.06252 1.8
    endloop
  endfacet
  facet normal 0 0 -1
    outer loop
      vertex -0.515578 -3.91621 1.8
      vertex -8 -1.1 1.8
      vertex -7.85642 -1.09059 1.8
    endloop
  endfacet
  facet normal 0 0 -1
    outer loop
      vertex -14.2067 -2.3299 1.8
      vertex -8 -1.1 1.8
      vertex -0.515578 -3.91621 1.8
    endloop
  endfacet
  facet normal -0 0 -1
    outer loop
      vertex -8 -1.1 1.8
      vertex -14.2067 -2.3299 1.8
      vertex -8.14358 -1.09059 1.8
    endloop
  endfacet
  facet normal -0 0 -1
    outer loop
      vertex -8.14358 -1.09059 1.8
      vertex -14.2067 -2.3299 1.8
      vertex -8.2847 -1.06252 1.8
    endloop
  endfacet
  facet normal 0 0 -1
    outer loop
      vertex -9.09059 -0.143579 1.8
      vertex -10.9 0 1.8
      vertex -9.1 0 1.8
    endloop
  endfacet
  facet normal 0 0 -1
    outer loop
      vertex -10.9094 -0.143579 1.8
      vertex -9.09059 -0.143579 1.8
      vertex -9.06252 -0.2847 1.8
    endloop
  endfacet
  facet normal 0 0 -1
    outer loop
      vertex -10.9375 -0.2847 1.8
      vertex -9.06252 -0.2847 1.8
      vertex -9.01627 -0.420951 1.8
    endloop
  endfacet
  facet normal 0 0 -1
    outer loop
      vertex -10.9837 -0.420951 1.8
      vertex -9.01627 -0.420951 1.8
      vertex -8.95263 -0.549999 1.8
    endloop
  endfacet
  facet normal 0 0 -1
    outer loop
      vertex -11.0474 -0.549999 1.8
      vertex -8.95263 -0.549999 1.8
      vertex -8.87269 -0.669637 1.8
    endloop
  endfacet
  facet normal 0 0 -1
    outer loop
      vertex -11.1273 -0.669637 1.8
      vertex -8.87269 -0.669637 1.8
      vertex -8.77782 -0.777817 1.8
    endloop
  endfacet
  facet normal 0 0 -1
    outer loop
      vertex -11.2222 -0.777817 1.8
      vertex -8.77782 -0.777817 1.8
      vertex -8.66964 -0.872688 1.8
    endloop
  endfacet
  facet normal 0 0 -1
    outer loop
      vertex -11.3304 -0.872688 1.8
      vertex -8.66964 -0.872688 1.8
      vertex -8.55 -0.952627 1.8
    endloop
  endfacet
  facet normal 0 0 -1
    outer loop
      vertex -11.45 -0.952627 1.8
      vertex -8.55 -0.952627 1.8
      vertex -8.42095 -1.01627 1.8
    endloop
  endfacet
  facet normal 0 0 -1
    outer loop
      vertex -9.09059 -0.143579 1.8
      vertex -10.9094 -0.143579 1.8
      vertex -10.9 0 1.8
    endloop
  endfacet
  facet normal 0 -0 -1
    outer loop
      vertex -11.7153 -1.06252 1.8
      vertex -8.2847 -1.06252 1.8
      vertex -14.2067 -2.3299 1.8
    endloop
  endfacet
  facet normal 0 0 -1
    outer loop
      vertex -9.06252 -0.2847 1.8
      vertex -10.9375 -0.2847 1.8
      vertex -10.9094 -0.143579 1.8
    endloop
  endfacet
  facet normal 0 0 -1
    outer loop
      vertex -9.01627 -0.420951 1.8
      vertex -10.9837 -0.420951 1.8
      vertex -10.9375 -0.2847 1.8
    endloop
  endfacet
  facet normal 0 0 -1
    outer loop
      vertex -8.95263 -0.549999 1.8
      vertex -11.0474 -0.549999 1.8
      vertex -10.9837 -0.420951 1.8
    endloop
  endfacet
  facet normal 0 0 -1
    outer loop
      vertex -8.87269 -0.669637 1.8
      vertex -11.1273 -0.669637 1.8
      vertex -11.0474 -0.549999 1.8
    endloop
  endfacet
  facet normal 0 0 -1
    outer loop
      vertex -8.77782 -0.777817 1.8
      vertex -11.2222 -0.777817 1.8
      vertex -11.1273 -0.669637 1.8
    endloop
  endfacet
  facet normal 0 0 -1
    outer loop
      vertex -8.66964 -0.872688 1.8
      vertex -11.3304 -0.872688 1.8
      vertex -11.2222 -0.777817 1.8
    endloop
  endfacet
  facet normal 0 0 -1
    outer loop
      vertex -8.55 -0.952627 1.8
      vertex -11.45 -0.952627 1.8
      vertex -11.3304 -0.872688 1.8
    endloop
  endfacet
  facet normal 0 0 -1
    outer loop
      vertex -8.42095 -1.01627 1.8
      vertex -11.579 -1.01627 1.8
      vertex -11.45 -0.952627 1.8
    endloop
  endfacet
  facet normal -0 0 -1
    outer loop
      vertex -8.42095 -1.01627 1.8
      vertex -11.7153 -1.06252 1.8
      vertex -11.579 -1.01627 1.8
    endloop
  endfacet
  facet normal 0 0 -1
    outer loop
      vertex -8.2847 -1.06252 1.8
      vertex -11.7153 -1.06252 1.8
      vertex -8.42095 -1.01627 1.8
    endloop
  endfacet
  facet normal 0 0 -1
    outer loop
      vertex -11.7153 -1.06252 1.8
      vertex -14.2067 -2.3299 1.8
      vertex -11.8564 -1.09059 1.8
    endloop
  endfacet
  facet normal 0 0 -1
    outer loop
      vertex -11.8564 -1.09059 1.8
      vertex -14.2067 -2.3299 1.8
      vertex -12 -1.1 1.8
    endloop
  endfacet
  facet normal -0 0 -1
    outer loop
      vertex -12 -1.1 1.8
      vertex -14.2067 -2.3299 1.8
      vertex -12.1436 -1.09059 1.8
    endloop
  endfacet
  facet normal 0 0 -1
    outer loop
      vertex -15.075 -2.03516 1.8
      vertex -13.0163 -0.420951 1.8
      vertex -14.7993 -2.17111 1.8
    endloop
  endfacet
  facet normal 0 0 -1
    outer loop
      vertex -14.7993 -2.17111 1.8
      vertex -13.0163 -0.420951 1.8
      vertex -14.5082 -2.26991 1.8
    endloop
  endfacet
  facet normal -0 0 -1
    outer loop
      vertex -12.9526 -0.549999 1.8
      vertex -14.5082 -2.26991 1.8
      vertex -13.0163 -0.420951 1.8
    endloop
  endfacet
  facet normal 0 0 -1
    outer loop
      vertex -14.5082 -2.26991 1.8
      vertex -12.9526 -0.549999 1.8
      vertex -14.2067 -2.3299 1.8
    endloop
  endfacet
  facet normal -0 0 -1
    outer loop
      vertex -12.8727 -0.669637 1.8
      vertex -14.2067 -2.3299 1.8
      vertex -12.9526 -0.549999 1.8
    endloop
  endfacet
  facet normal -0 0 -1
    outer loop
      vertex -12.7778 -0.777817 1.8
      vertex -14.2067 -2.3299 1.8
      vertex -12.8727 -0.669637 1.8
    endloop
  endfacet
  facet normal -0 0 -1
    outer loop
      vertex -12.6696 -0.872688 1.8
      vertex -14.2067 -2.3299 1.8
      vertex -12.7778 -0.777817 1.8
    endloop
  endfacet
  facet normal -0 0 -1
    outer loop
      vertex -12.55 -0.952627 1.8
      vertex -14.2067 -2.3299 1.8
      vertex -12.6696 -0.872688 1.8
    endloop
  endfacet
  facet normal -0 0 -1
    outer loop
      vertex -12.421 -1.01627 1.8
      vertex -14.2067 -2.3299 1.8
      vertex -12.55 -0.952627 1.8
    endloop
  endfacet
  facet normal -0 0 -1
    outer loop
      vertex -12.2847 -1.06252 1.8
      vertex -14.2067 -2.3299 1.8
      vertex -12.421 -1.01627 1.8
    endloop
  endfacet
  facet normal -0 0 -1
    outer loop
      vertex -12.1436 -1.09059 1.8
      vertex -14.2067 -2.3299 1.8
      vertex -12.2847 -1.06252 1.8
    endloop
  endfacet
  facet normal -0 0 -1
    outer loop
      vertex 15.075 2.03516 1.8
      vertex 13.0163 0.420951 1.8
      vertex 14.7993 2.17111 1.8
    endloop
  endfacet
  facet normal -0 0 -1
    outer loop
      vertex 14.7993 2.17111 1.8
      vertex 13.0163 0.420951 1.8
      vertex 14.5082 2.26991 1.8
    endloop
  endfacet
  facet normal 0 0 -1
    outer loop
      vertex 12.9526 0.549999 1.8
      vertex 14.5082 2.26991 1.8
      vertex 13.0163 0.420951 1.8
    endloop
  endfacet
  facet normal -0 0 -1
    outer loop
      vertex 14.5082 2.26991 1.8
      vertex 12.9526 0.549999 1.8
      vertex 14.2067 2.3299 1.8
    endloop
  endfacet
  facet normal 0 0 -1
    outer loop
      vertex 12.8727 0.669637 1.8
      vertex 14.2067 2.3299 1.8
      vertex 12.9526 0.549999 1.8
    endloop
  endfacet
  facet normal 0 0 -1
    outer loop
      vertex 12.7778 0.777817 1.8
      vertex 14.2067 2.3299 1.8
      vertex 12.8727 0.669637 1.8
    endloop
  endfacet
  facet normal 0 0 -1
    outer loop
      vertex 12.6696 0.872688 1.8
      vertex 14.2067 2.3299 1.8
      vertex 12.7778 0.777817 1.8
    endloop
  endfacet
  facet normal 0 0 -1
    outer loop
      vertex 12.55 0.952627 1.8
      vertex 14.2067 2.3299 1.8
      vertex 12.6696 0.872688 1.8
    endloop
  endfacet
  facet normal 0 0 -1
    outer loop
      vertex 12.421 1.01627 1.8
      vertex 14.2067 2.3299 1.8
      vertex 12.55 0.952627 1.8
    endloop
  endfacet
  facet normal 0 0 -1
    outer loop
      vertex 12.2847 1.06252 1.8
      vertex 14.2067 2.3299 1.8
      vertex 12.421 1.01627 1.8
    endloop
  endfacet
  facet normal 0 0 -1
    outer loop
      vertex 12.1436 1.09059 1.8
      vertex 14.2067 2.3299 1.8
      vertex 12.2847 1.06252 1.8
    endloop
  endfacet
  facet normal 0 0 -1
    outer loop
      vertex 12 1.1 1.8
      vertex 14.2067 2.3299 1.8
      vertex 12.1436 1.09059 1.8
    endloop
  endfacet
  facet normal 0 0 -1
    outer loop
      vertex 11.8564 1.09059 1.8
      vertex 14.2067 2.3299 1.8
      vertex 12 1.1 1.8
    endloop
  endfacet
  facet normal 0 0 -1
    outer loop
      vertex 11.7153 1.06252 1.8
      vertex 14.2067 2.3299 1.8
      vertex 11.8564 1.09059 1.8
    endloop
  endfacet
  facet normal 0 0 -1
    outer loop
      vertex 8.2847 1.06252 1.8
      vertex 11.7153 1.06252 1.8
      vertex 11.579 1.01627 1.8
    endloop
  endfacet
  facet normal 0 0 -1
    outer loop
      vertex 8.42095 1.01627 1.8
      vertex 11.579 1.01627 1.8
      vertex 11.45 0.952627 1.8
    endloop
  endfacet
  facet normal 0 0 -1
    outer loop
      vertex 9.1 0 1.8
      vertex 10.9094 0.143579 1.8
      vertex 10.9 0 1.8
    endloop
  endfacet
  facet normal 0 0 -1
    outer loop
      vertex 9.09059 0.143579 1.8
      vertex 10.9094 0.143579 1.8
      vertex 9.1 0 1.8
    endloop
  endfacet
  facet normal 0 0 -1
    outer loop
      vertex 10.9094 0.143579 1.8
      vertex 9.09059 0.143579 1.8
      vertex 10.9375 0.2847 1.8
    endloop
  endfacet
  facet normal 0 0 -1
    outer loop
      vertex 9.06252 0.2847 1.8
      vertex 10.9375 0.2847 1.8
      vertex 9.09059 0.143579 1.8
    endloop
  endfacet
  facet normal 0 0 -1
    outer loop
      vertex 10.9375 0.2847 1.8
      vertex 9.06252 0.2847 1.8
      vertex 10.9837 0.420951 1.8
    endloop
  endfacet
  facet normal 0 0 -1
    outer loop
      vertex 9.01627 0.420951 1.8
      vertex 10.9837 0.420951 1.8
      vertex 9.06252 0.2847 1.8
    endloop
  endfacet
  facet normal 0 0 -1
    outer loop
      vertex 10.9837 0.420951 1.8
      vertex 9.01627 0.420951 1.8
      vertex 11.0474 0.549999 1.8
    endloop
  endfacet
  facet normal 0 0 -1
    outer loop
      vertex 8.95263 0.549999 1.8
      vertex 11.0474 0.549999 1.8
      vertex 9.01627 0.420951 1.8
    endloop
  endfacet
  facet normal 0 0 -1
    outer loop
      vertex 11.0474 0.549999 1.8
      vertex 8.95263 0.549999 1.8
      vertex 11.1273 0.669637 1.8
    endloop
  endfacet
  facet normal 0 0 -1
    outer loop
      vertex 8.87269 0.669637 1.8
      vertex 11.1273 0.669637 1.8
      vertex 8.95263 0.549999 1.8
    endloop
  endfacet
  facet normal 0 0 -1
    outer loop
      vertex 11.1273 0.669637 1.8
      vertex 8.87269 0.669637 1.8
      vertex 11.2222 0.777817 1.8
    endloop
  endfacet
  facet normal 0 0 -1
    outer loop
      vertex 8.77782 0.777817 1.8
      vertex 11.2222 0.777817 1.8
      vertex 8.87269 0.669637 1.8
    endloop
  endfacet
  facet normal 0 0 -1
    outer loop
      vertex 11.2222 0.777817 1.8
      vertex 8.77782 0.777817 1.8
      vertex 11.3304 0.872688 1.8
    endloop
  endfacet
  facet normal 0 0 -1
    outer loop
      vertex 8.66964 0.872688 1.8
      vertex 11.3304 0.872688 1.8
      vertex 8.77782 0.777817 1.8
    endloop
  endfacet
  facet normal 0 0 -1
    outer loop
      vertex 11.3304 0.872688 1.8
      vertex 8.66964 0.872688 1.8
      vertex 11.45 0.952627 1.8
    endloop
  endfacet
  facet normal 0 0 -1
    outer loop
      vertex 8.55 0.952627 1.8
      vertex 11.45 0.952627 1.8
      vertex 8.66964 0.872688 1.8
    endloop
  endfacet
  facet normal 0 0 -1
    outer loop
      vertex 8.42095 1.01627 1.8
      vertex 11.45 0.952627 1.8
      vertex 8.55 0.952627 1.8
    endloop
  endfacet
  facet normal 0 0 -1
    outer loop
      vertex 11.579 1.01627 1.8
      vertex 8.42095 1.01627 1.8
      vertex 8.2847 1.06252 1.8
    endloop
  endfacet
  facet normal 0 0 -1
    outer loop
      vertex 11.7153 1.06252 1.8
      vertex 8.2847 1.06252 1.8
      vertex 14.2067 2.3299 1.8
    endloop
  endfacet
  facet normal 0 0 -1
    outer loop
      vertex 8.14358 1.09059 1.8
      vertex 14.2067 2.3299 1.8
      vertex 8.2847 1.06252 1.8
    endloop
  endfacet
  facet normal 0 0 -1
    outer loop
      vertex 8 1.1 1.8
      vertex 14.2067 2.3299 1.8
      vertex 8.14358 1.09059 1.8
    endloop
  endfacet
  facet normal 0 0 -1
    outer loop
      vertex 0.515578 3.91621 1.8
      vertex 8 1.1 1.8
      vertex 7.85642 1.09059 1.8
    endloop
  endfacet
  facet normal 0 0 -1
    outer loop
      vertex 2.75 0 1.8
      vertex 6.90941 0.143579 1.8
      vertex 6.9 0 1.8
    endloop
  endfacet
  facet normal 0 0 -1
    outer loop
      vertex 2.72647 0.358947 1.8
      vertex 6.90941 0.143579 1.8
      vertex 2.75 0 1.8
    endloop
  endfacet
  facet normal 0 0 -1
    outer loop
      vertex 6.90941 0.143579 1.8
      vertex 2.72647 0.358947 1.8
      vertex 6.93748 0.2847 1.8
    endloop
  endfacet
  facet normal 0 0 -1
    outer loop
      vertex 2.6563 0.711752 1.8
      vertex 6.93748 0.2847 1.8
      vertex 2.72647 0.358947 1.8
    endloop
  endfacet
  facet normal 0 0 -1
    outer loop
      vertex 6.93748 0.2847 1.8
      vertex 2.6563 0.711752 1.8
      vertex 6.98373 0.420951 1.8
    endloop
  endfacet
  facet normal 0 0 -1
    outer loop
      vertex 6.98373 0.420951 1.8
      vertex 2.6563 0.711752 1.8
      vertex 7.04737 0.549999 1.8
    endloop
  endfacet
  facet normal 0 0 -1
    outer loop
      vertex 2.54067 1.05238 1.8
      vertex 7.04737 0.549999 1.8
      vertex 2.6563 0.711752 1.8
    endloop
  endfacet
  facet normal 0 0 -1
    outer loop
      vertex 7.04737 0.549999 1.8
      vertex 2.54067 1.05238 1.8
      vertex 7.12731 0.669637 1.8
    endloop
  endfacet
  facet normal 0 0 -1
    outer loop
      vertex 2.38157 1.375 1.8
      vertex 7.12731 0.669637 1.8
      vertex 2.54067 1.05238 1.8
    endloop
  endfacet
  facet normal 0 0 -1
    outer loop
      vertex 7.12731 0.669637 1.8
      vertex 2.38157 1.375 1.8
      vertex 7.22218 0.777817 1.8
    endloop
  endfacet
  facet normal 0 0 -1
    outer loop
      vertex 7.22218 0.777817 1.8
      vertex 2.38157 1.375 1.8
      vertex 7.33036 0.872688 1.8
    endloop
  endfacet
  facet normal 0 0 -1
    outer loop
      vertex 2.18172 1.67409 1.8
      vertex 7.33036 0.872688 1.8
      vertex 2.38157 1.375 1.8
    endloop
  endfacet
  facet normal 0 0 -1
    outer loop
      vertex 7.33036 0.872688 1.8
      vertex 2.18172 1.67409 1.8
      vertex 7.45 0.952627 1.8
    endloop
  endfacet
  facet normal 0 0 -1
    outer loop
      vertex 1.94454 1.94454 1.8
      vertex 7.45 0.952627 1.8
      vertex 2.18172 1.67409 1.8
    endloop
  endfacet
  facet normal 0 0 -1
    outer loop
      vertex 7.45 0.952627 1.8
      vertex 1.94454 1.94454 1.8
      vertex 7.57905 1.01627 1.8
    endloop
  endfacet
  facet normal 0 0 -1
    outer loop
      vertex 0.515578 3.91621 1.8
      vertex 7.57905 1.01627 1.8
      vertex 1.94454 1.94454 1.8
    endloop
  endfacet
  facet normal 0 0 -1
    outer loop
      vertex 7.57905 1.01627 1.8
      vertex 0.515578 3.91621 1.8
      vertex 7.7153 1.06252 1.8
    endloop
  endfacet
  facet normal 0 0 -1
    outer loop
      vertex 7.7153 1.06252 1.8
      vertex 0.515578 3.91621 1.8
      vertex 7.85642 1.09059 1.8
    endloop
  endfacet
  facet normal 0 0 -1
    outer loop
      vertex 0.515578 3.91621 1.8
      vertex 1.94454 1.94454 1.8
      vertex 1.67409 2.18172 1.8
    endloop
  endfacet
  facet normal 0 0 -1
    outer loop
      vertex 0.515578 3.91621 1.8
      vertex 1.67409 2.18172 1.8
      vertex 1.375 2.38157 1.8
    endloop
  endfacet
  facet normal 0 0 -1
    outer loop
      vertex 0.515578 3.91621 1.8
      vertex 1.375 2.38157 1.8
      vertex 1.05238 2.54067 1.8
    endloop
  endfacet
  facet normal 0 0 -1
    outer loop
      vertex 0.515578 3.91621 1.8
      vertex 1.05238 2.54067 1.8
      vertex 0.711752 2.6563 1.8
    endloop
  endfacet
  facet normal 0 0 -1
    outer loop
      vertex 8 1.1 1.8
      vertex 0.515578 3.91621 1.8
      vertex 14.2067 2.3299 1.8
    endloop
  endfacet
  facet normal 0 0 -1
    outer loop
      vertex 0.358947 2.72647 1.8
      vertex 0.515578 3.91621 1.8
      vertex 0.711752 2.6563 1.8
    endloop
  endfacet
  facet normal 0 0 -1
    outer loop
      vertex 0 2.75 1.8
      vertex 0.515578 3.91621 1.8
      vertex 0.358947 2.72647 1.8
    endloop
  endfacet
  facet normal 0 0 -1
    outer loop
      vertex 0 2.75 1.8
      vertex 0 3.95 1.8
      vertex 0.515578 3.91621 1.8
    endloop
  endfacet
  facet normal 0 0 -1
    outer loop
      vertex -0.358947 2.72647 1.8
      vertex 0 3.95 1.8
      vertex 0 2.75 1.8
    endloop
  endfacet
  facet normal 0 0 -1
    outer loop
      vertex -0.358947 2.72647 1.8
      vertex -0.515578 3.91621 1.8
      vertex 0 3.95 1.8
    endloop
  endfacet
  facet normal 0 0 -1
    outer loop
      vertex -0.711752 2.6563 1.8
      vertex -0.515578 3.91621 1.8
      vertex -0.358947 2.72647 1.8
    endloop
  endfacet
  facet normal 0 0 -1
    outer loop
      vertex -1.05238 2.54067 1.8
      vertex -0.515578 3.91621 1.8
      vertex -0.711752 2.6563 1.8
    endloop
  endfacet
  facet normal 0 0 -1
    outer loop
      vertex -1.375 2.38157 1.8
      vertex -0.515578 3.91621 1.8
      vertex -1.05238 2.54067 1.8
    endloop
  endfacet
  facet normal 0 0 -1
    outer loop
      vertex -1.67409 2.18172 1.8
      vertex -0.515578 3.91621 1.8
      vertex -1.375 2.38157 1.8
    endloop
  endfacet
  facet normal 0 0 -1
    outer loop
      vertex -1.94454 1.94454 1.8
      vertex -0.515578 3.91621 1.8
      vertex -1.67409 2.18172 1.8
    endloop
  endfacet
  facet normal 0 0 -1
    outer loop
      vertex -7.45 0.952627 1.8
      vertex -1.94454 1.94454 1.8
      vertex -2.18172 1.67409 1.8
    endloop
  endfacet
  facet normal 0 0 -1
    outer loop
      vertex -6.90941 0.143579 1.8
      vertex -2.75 0 1.8
      vertex -6.9 0 1.8
    endloop
  endfacet
  facet normal 0 0 -1
    outer loop
      vertex -2.75 0 1.8
      vertex -6.90941 0.143579 1.8
      vertex -2.72647 0.358947 1.8
    endloop
  endfacet
  facet normal 0 0 -1
    outer loop
      vertex -6.93748 0.2847 1.8
      vertex -2.72647 0.358947 1.8
      vertex -6.90941 0.143579 1.8
    endloop
  endfacet
  facet normal -0 0 -1
    outer loop
      vertex -2.72647 0.358947 1.8
      vertex -6.93748 0.2847 1.8
      vertex -2.6563 0.711752 1.8
    endloop
  endfacet
  facet normal 0 0 -1
    outer loop
      vertex -6.98373 0.420951 1.8
      vertex -2.6563 0.711752 1.8
      vertex -6.93748 0.2847 1.8
    endloop
  endfacet
  facet normal 0 0 -1
    outer loop
      vertex -7.04737 0.549999 1.8
      vertex -2.6563 0.711752 1.8
      vertex -6.98373 0.420951 1.8
    endloop
  endfacet
  facet normal -0 0 -1
    outer loop
      vertex -2.6563 0.711752 1.8
      vertex -7.04737 0.549999 1.8
      vertex -2.54067 1.05238 1.8
    endloop
  endfacet
  facet normal 0 0 -1
    outer loop
      vertex -7.12731 0.669637 1.8
      vertex -2.54067 1.05238 1.8
      vertex -7.04737 0.549999 1.8
    endloop
  endfacet
  facet normal -0 0 -1
    outer loop
      vertex -2.54067 1.05238 1.8
      vertex -7.12731 0.669637 1.8
      vertex -2.38157 1.375 1.8
    endloop
  endfacet
  facet normal 0 0 -1
    outer loop
      vertex -7.22218 0.777817 1.8
      vertex -2.38157 1.375 1.8
      vertex -7.12731 0.669637 1.8
    endloop
  endfacet
  facet normal 0 0 -1
    outer loop
      vertex -7.33036 0.872688 1.8
      vertex -2.38157 1.375 1.8
      vertex -7.22218 0.777817 1.8
    endloop
  endfacet
  facet normal -0 0 -1
    outer loop
      vertex -2.38157 1.375 1.8
      vertex -7.33036 0.872688 1.8
      vertex -2.18172 1.67409 1.8
    endloop
  endfacet
  facet normal 0 0 -1
    outer loop
      vertex -7.45 0.952627 1.8
      vertex -2.18172 1.67409 1.8
      vertex -7.33036 0.872688 1.8
    endloop
  endfacet
  facet normal 0 0 -1
    outer loop
      vertex -1.94454 1.94454 1.8
      vertex -7.45 0.952627 1.8
      vertex -7.57905 1.01627 1.8
    endloop
  endfacet
  facet normal -0 0 -1
    outer loop
      vertex -1.94454 1.94454 1.8
      vertex -7.57905 1.01627 1.8
      vertex -0.515578 3.91621 1.8
    endloop
  endfacet
  facet normal 0 0 -1
    outer loop
      vertex -7.7153 1.06252 1.8
      vertex -0.515578 3.91621 1.8
      vertex -7.57905 1.01627 1.8
    endloop
  endfacet
  facet normal 0 0 -1
    outer loop
      vertex -7.85642 1.09059 1.8
      vertex -0.515578 3.91621 1.8
      vertex -7.7153 1.06252 1.8
    endloop
  endfacet
  facet normal 0 0 -1
    outer loop
      vertex -8 1.1 1.8
      vertex -0.515578 3.91621 1.8
      vertex -7.85642 1.09059 1.8
    endloop
  endfacet
  facet normal 0 0 -1
    outer loop
      vertex -14.2067 2.3299 1.8
      vertex -8 1.1 1.8
      vertex -8.14358 1.09059 1.8
    endloop
  endfacet
  facet normal 0 0 -1
    outer loop
      vertex -14.2067 2.3299 1.8
      vertex -8.14358 1.09059 1.8
      vertex -8.2847 1.06252 1.8
    endloop
  endfacet
  facet normal 0 0 -1
    outer loop
      vertex -11.7153 1.06252 1.8
      vertex -8.2847 1.06252 1.8
      vertex -8.42095 1.01627 1.8
    endloop
  endfacet
  facet normal 0 0 -1
    outer loop
      vertex -10.9 0 1.8
      vertex -9.09059 0.143579 1.8
      vertex -9.1 0 1.8
    endloop
  endfacet
  facet normal 0 0 -1
    outer loop
      vertex -10.9094 0.143579 1.8
      vertex -9.09059 0.143579 1.8
      vertex -10.9 0 1.8
    endloop
  endfacet
  facet normal 0 0 -1
    outer loop
      vertex -9.09059 0.143579 1.8
      vertex -10.9094 0.143579 1.8
      vertex -9.06252 0.2847 1.8
    endloop
  endfacet
  facet normal 0 0 -1
    outer loop
      vertex -10.9375 0.2847 1.8
      vertex -9.06252 0.2847 1.8
      vertex -10.9094 0.143579 1.8
    endloop
  endfacet
  facet normal 0 0 -1
    outer loop
      vertex -9.06252 0.2847 1.8
      vertex -10.9375 0.2847 1.8
      vertex -9.01627 0.420951 1.8
    endloop
  endfacet
  facet normal 0 0 -1
    outer loop
      vertex -10.9837 0.420951 1.8
      vertex -9.01627 0.420951 1.8
      vertex -10.9375 0.2847 1.8
    endloop
  endfacet
  facet normal 0 0 -1
    outer loop
      vertex -9.01627 0.420951 1.8
      vertex -10.9837 0.420951 1.8
      vertex -8.95263 0.549999 1.8
    endloop
  endfacet
  facet normal 0 0 -1
    outer loop
      vertex -11.0474 0.549999 1.8
      vertex -8.95263 0.549999 1.8
      vertex -10.9837 0.420951 1.8
    endloop
  endfacet
  facet normal 0 0 -1
    outer loop
      vertex -8.95263 0.549999 1.8
      vertex -11.0474 0.549999 1.8
      vertex -8.87269 0.669637 1.8
    endloop
  endfacet
  facet normal 0 0 -1
    outer loop
      vertex -11.1273 0.669637 1.8
      vertex -8.87269 0.669637 1.8
      vertex -11.0474 0.549999 1.8
    endloop
  endfacet
  facet normal 0 0 -1
    outer loop
      vertex -8.87269 0.669637 1.8
      vertex -11.1273 0.669637 1.8
      vertex -8.77782 0.777817 1.8
    endloop
  endfacet
  facet normal 0 0 -1
    outer loop
      vertex -11.2222 0.777817 1.8
      vertex -8.77782 0.777817 1.8
      vertex -11.1273 0.669637 1.8
    endloop
  endfacet
  facet normal 0 0 -1
    outer loop
      vertex -8.77782 0.777817 1.8
      vertex -11.2222 0.777817 1.8
      vertex -8.66964 0.872688 1.8
    endloop
  endfacet
  facet normal 0 0 -1
    outer loop
      vertex -11.3304 0.872688 1.8
      vertex -8.66964 0.872688 1.8
      vertex -11.2222 0.777817 1.8
    endloop
  endfacet
  facet normal 0 0 -1
    outer loop
      vertex -8.66964 0.872688 1.8
      vertex -11.3304 0.872688 1.8
      vertex -8.55 0.952627 1.8
    endloop
  endfacet
  facet normal 0 0 -1
    outer loop
      vertex -11.45 0.952627 1.8
      vertex -8.55 0.952627 1.8
      vertex -11.3304 0.872688 1.8
    endloop
  endfacet
  facet normal 0 0 -1
    outer loop
      vertex -8.55 0.952627 1.8
      vertex -11.45 0.952627 1.8
      vertex -8.42095 1.01627 1.8
    endloop
  endfacet
  facet normal 0 0 -1
    outer loop
      vertex -11.579 1.01627 1.8
      vertex -8.42095 1.01627 1.8
      vertex -11.45 0.952627 1.8
    endloop
  endfacet
  facet normal 0 0 -1
    outer loop
      vertex -11.7153 1.06252 1.8
      vertex -8.42095 1.01627 1.8
      vertex -11.579 1.01627 1.8
    endloop
  endfacet
  facet normal 0 0 -1
    outer loop
      vertex -8.2847 1.06252 1.8
      vertex -11.7153 1.06252 1.8
      vertex -14.2067 2.3299 1.8
    endloop
  endfacet
  facet normal 0 0 -1
    outer loop
      vertex -14.2067 2.3299 1.8
      vertex -11.7153 1.06252 1.8
      vertex -11.8564 1.09059 1.8
    endloop
  endfacet
  facet normal 0 0 -1
    outer loop
      vertex -14.2067 2.3299 1.8
      vertex -11.8564 1.09059 1.8
      vertex -12 1.1 1.8
    endloop
  endfacet
  facet normal 0 0 -1
    outer loop
      vertex -14.2067 2.3299 1.8
      vertex -12 1.1 1.8
      vertex -12.1436 1.09059 1.8
    endloop
  endfacet
  facet normal 0 0 -1
    outer loop
      vertex -14.2067 2.3299 1.8
      vertex -12.1436 1.09059 1.8
      vertex -12.2847 1.06252 1.8
    endloop
  endfacet
  facet normal -0 0 -1
    outer loop
      vertex -13.0163 -0.420951 1.8
      vertex -15.075 -2.03516 1.8
      vertex -13.0625 -0.2847 1.8
    endloop
  endfacet
  facet normal 0 0 -1
    outer loop
      vertex -15.3306 -1.86438 1.8
      vertex -13.0625 -0.2847 1.8
      vertex -15.075 -2.03516 1.8
    endloop
  endfacet
  facet normal 0 0 -1
    outer loop
      vertex -15.5617 -1.6617 1.8
      vertex -13.0625 -0.2847 1.8
      vertex -15.3306 -1.86438 1.8
    endloop
  endfacet
  facet normal 0 0 -1
    outer loop
      vertex -8 1.1 1.8
      vertex -14.2067 2.3299 1.8
      vertex -0.515578 3.91621 1.8
    endloop
  endfacet
  facet normal 0 0 -1
    outer loop
      vertex -12.421 1.01627 1.8
      vertex -14.2067 2.3299 1.8
      vertex -12.2847 1.06252 1.8
    endloop
  endfacet
  facet normal 0 0 -1
    outer loop
      vertex -12.55 0.952627 1.8
      vertex -14.2067 2.3299 1.8
      vertex -12.421 1.01627 1.8
    endloop
  endfacet
  facet normal 0 0 -1
    outer loop
      vertex -12.6696 0.872688 1.8
      vertex -14.2067 2.3299 1.8
      vertex -12.55 0.952627 1.8
    endloop
  endfacet
  facet normal 0 0 -1
    outer loop
      vertex -12.7778 0.777817 1.8
      vertex -14.2067 2.3299 1.8
      vertex -12.6696 0.872688 1.8
    endloop
  endfacet
  facet normal 0 0 -1
    outer loop
      vertex -12.8727 0.669637 1.8
      vertex -14.2067 2.3299 1.8
      vertex -12.7778 0.777817 1.8
    endloop
  endfacet
  facet normal 0 0 -1
    outer loop
      vertex -12.9526 0.549999 1.8
      vertex -14.2067 2.3299 1.8
      vertex -12.8727 0.669637 1.8
    endloop
  endfacet
  facet normal 0 0 -1
    outer loop
      vertex -14.5082 2.26991 1.8
      vertex -12.9526 0.549999 1.8
      vertex -13.0163 0.420951 1.8
    endloop
  endfacet
  facet normal 0 0 -1
    outer loop
      vertex -15.7644 -1.43059 1.8
      vertex -13.0625 -0.2847 1.8
      vertex -15.5617 -1.6617 1.8
    endloop
  endfacet
  facet normal -0 0 -1
    outer loop
      vertex -13.0625 -0.2847 1.8
      vertex -15.7644 -1.43059 1.8
      vertex -13.0906 -0.143579 1.8
    endloop
  endfacet
  facet normal 0 0 -1
    outer loop
      vertex -12.9526 0.549999 1.8
      vertex -14.5082 2.26991 1.8
      vertex -14.2067 2.3299 1.8
    endloop
  endfacet
  facet normal 0 0 -1
    outer loop
      vertex -15.9352 -1.17499 1.8
      vertex -13.0906 -0.143579 1.8
      vertex -15.7644 -1.43059 1.8
    endloop
  endfacet
  facet normal 0 0 -1
    outer loop
      vertex -13.0163 0.420951 1.8
      vertex -14.7993 2.17111 1.8
      vertex -14.5082 2.26991 1.8
    endloop
  endfacet
  facet normal 0 0 -1
    outer loop
      vertex -16.0711 -0.899292 1.8
      vertex -13.0906 -0.143579 1.8
      vertex -15.9352 -1.17499 1.8
    endloop
  endfacet
  facet normal 0 0 -1
    outer loop
      vertex -13.0163 0.420951 1.8
      vertex -15.075 2.03516 1.8
      vertex -14.7993 2.17111 1.8
    endloop
  endfacet
  facet normal 0 0 -1
    outer loop
      vertex -16.1699 -0.608215 1.8
      vertex -13.0906 -0.143579 1.8
      vertex -16.0711 -0.899292 1.8
    endloop
  endfacet
  facet normal 0 0 -1
    outer loop
      vertex -13.0625 0.2847 1.8
      vertex -15.075 2.03516 1.8
      vertex -13.0163 0.420951 1.8
    endloop
  endfacet
  facet normal -0 0 -1
    outer loop
      vertex -13.0906 -0.143579 1.8
      vertex -16.1699 -0.608215 1.8
      vertex -13.1 0 1.8
    endloop
  endfacet
  facet normal 0 -0 -1
    outer loop
      vertex -15.075 2.03516 1.8
      vertex -13.0625 0.2847 1.8
      vertex -15.3306 1.86438 1.8
    endloop
  endfacet
  facet normal 0 0 -1
    outer loop
      vertex -16.2299 -0.306732 1.8
      vertex -13.1 0 1.8
      vertex -16.1699 -0.608215 1.8
    endloop
  endfacet
  facet normal 0 -0 -1
    outer loop
      vertex -15.3306 1.86438 1.8
      vertex -13.0625 0.2847 1.8
      vertex -15.5617 1.6617 1.8
    endloop
  endfacet
  facet normal 0 0 -1
    outer loop
      vertex -16.25 0 1.8
      vertex -13.1 0 1.8
      vertex -16.2299 -0.306732 1.8
    endloop
  endfacet
  facet normal 0 -0 -1
    outer loop
      vertex -15.5617 1.6617 1.8
      vertex -13.0625 0.2847 1.8
      vertex -15.7644 1.43059 1.8
    endloop
  endfacet
  facet normal 0 -0 -1
    outer loop
      vertex -16.2299 0.306732 1.8
      vertex -13.1 0 1.8
      vertex -16.25 0 1.8
    endloop
  endfacet
  facet normal 0 0 -1
    outer loop
      vertex -13.0906 0.143579 1.8
      vertex -15.7644 1.43059 1.8
      vertex -13.0625 0.2847 1.8
    endloop
  endfacet
  facet normal 0 -0 -1
    outer loop
      vertex -16.1699 0.608215 1.8
      vertex -13.1 0 1.8
      vertex -16.2299 0.306732 1.8
    endloop
  endfacet
  facet normal 0 -0 -1
    outer loop
      vertex -15.7644 1.43059 1.8
      vertex -13.0906 0.143579 1.8
      vertex -15.9352 1.17499 1.8
    endloop
  endfacet
  facet normal 0 0 -1
    outer loop
      vertex -13.1 0 1.8
      vertex -16.1699 0.608215 1.8
      vertex -13.0906 0.143579 1.8
    endloop
  endfacet
  facet normal 0 -0 -1
    outer loop
      vertex -15.9352 1.17499 1.8
      vertex -13.0906 0.143579 1.8
      vertex -16.0711 0.899292 1.8
    endloop
  endfacet
  facet normal 0 -0 -1
    outer loop
      vertex -16.0711 0.899292 1.8
      vertex -13.0906 0.143579 1.8
      vertex -16.1699 0.608215 1.8
    endloop
  endfacet
  facet normal -0.195146 -0.980774 0
    outer loop
      vertex 14.2067 2.3299 0
      vertex 14.5082 2.26991 1.8
      vertex 14.2067 2.3299 1.8
    endloop
  endfacet
  facet normal -0.195146 -0.980774 -0
    outer loop
      vertex 14.5082 2.26991 1.8
      vertex 14.2067 2.3299 0
      vertex 14.5082 2.26991 0
    endloop
  endfacet
  facet normal -0.555556 0.831479 0
    outer loop
      vertex 15.3306 -1.86438 0
      vertex 15.075 -2.03516 1.8
      vertex 15.3306 -1.86438 1.8
    endloop
  endfacet
  facet normal -0.555556 0.831479 0
    outer loop
      vertex 15.075 -2.03516 1.8
      vertex 15.3306 -1.86438 0
      vertex 15.075 -2.03516 0
    endloop
  endfacet
  facet normal 0.442262 -0.896886 0
    outer loop
      vertex -15.075 2.03516 0
      vertex -14.7993 2.17111 1.8
      vertex -15.075 2.03516 1.8
    endloop
  endfacet
  facet normal 0.442262 -0.896886 0
    outer loop
      vertex -14.7993 2.17111 1.8
      vertex -15.075 2.03516 0
      vertex -14.7993 2.17111 0
    endloop
  endfacet
  facet normal -0.751804 0.659386 0
    outer loop
      vertex 15.5617 -1.6617 0
      vertex 15.7644 -1.43059 1.8
      vertex 15.7644 -1.43059 0
    endloop
  endfacet
  facet normal -0.751804 0.659386 0
    outer loop
      vertex 15.7644 -1.43059 1.8
      vertex 15.5617 -1.6617 0
      vertex 15.5617 -1.6617 1.8
    endloop
  endfacet
  facet normal -0.946937 0.321418 0
    outer loop
      vertex 16.0711 -0.899292 0
      vertex 16.1699 -0.608215 1.8
      vertex 16.1699 -0.608215 0
    endloop
  endfacet
  facet normal -0.946937 0.321418 0
    outer loop
      vertex 16.1699 -0.608215 1.8
      vertex 16.0711 -0.899292 0
      vertex 16.0711 -0.899292 1.8
    endloop
  endfacet
  facet normal 0.195146 -0.980774 0
    outer loop
      vertex -14.5082 2.26991 0
      vertex -14.2067 2.3299 1.8
      vertex -14.5082 2.26991 1.8
    endloop
  endfacet
  facet normal 0.195146 -0.980774 0
    outer loop
      vertex -14.2067 2.3299 1.8
      vertex -14.5082 2.26991 0
      vertex -14.2067 2.3299 0
    endloop
  endfacet
  facet normal 0.946937 -0.321418 0
    outer loop
      vertex -16.1699 0.608215 1.8
      vertex -16.0711 0.899292 0
      vertex -16.0711 0.899292 1.8
    endloop
  endfacet
  facet normal 0.946937 -0.321418 0
    outer loop
      vertex -16.0711 0.899292 0
      vertex -16.1699 0.608215 1.8
      vertex -16.1699 0.608215 0
    endloop
  endfacet
  facet normal 0.980766 -0.195188 0
    outer loop
      vertex -16.2299 0.306732 1.8
      vertex -16.1699 0.608215 0
      vertex -16.1699 0.608215 1.8
    endloop
  endfacet
  facet normal 0.980766 -0.195188 0
    outer loop
      vertex -16.1699 0.608215 0
      vertex -16.2299 0.306732 1.8
      vertex -16.2299 0.306732 0
    endloop
  endfacet
  facet normal -0.896949 0.442134 0
    outer loop
      vertex 15.9352 -1.17499 0
      vertex 16.0711 -0.899292 1.8
      vertex 16.0711 -0.899292 0
    endloop
  endfacet
  facet normal -0.896949 0.442134 0
    outer loop
      vertex 16.0711 -0.899292 1.8
      vertex 15.9352 -1.17499 0
      vertex 15.9352 -1.17499 1.8
    endloop
  endfacet
  facet normal -0.980766 0.195188 0
    outer loop
      vertex 16.1699 -0.608215 0
      vertex 16.2299 -0.306732 1.8
      vertex 16.2299 -0.306732 0
    endloop
  endfacet
  facet normal -0.980766 0.195188 0
    outer loop
      vertex 16.2299 -0.306732 1.8
      vertex 16.1699 -0.608215 0
      vertex 16.1699 -0.608215 1.8
    endloop
  endfacet
  facet normal 0.751804 -0.659386 0
    outer loop
      vertex -15.7644 1.43059 1.8
      vertex -15.5617 1.6617 0
      vertex -15.5617 1.6617 1.8
    endloop
  endfacet
  facet normal 0.751804 -0.659386 0
    outer loop
      vertex -15.5617 1.6617 0
      vertex -15.7644 1.43059 1.8
      vertex -15.7644 1.43059 0
    endloop
  endfacet
  facet normal -0.751804 -0.659386 0
    outer loop
      vertex 15.7644 1.43059 0
      vertex 15.5617 1.6617 1.8
      vertex 15.5617 1.6617 0
    endloop
  endfacet
  facet normal -0.751804 -0.659386 0
    outer loop
      vertex 15.5617 1.6617 1.8
      vertex 15.7644 1.43059 0
      vertex 15.7644 1.43059 1.8
    endloop
  endfacet
  facet normal -0.321395 0.946945 0
    outer loop
      vertex 14.7993 -2.17111 0
      vertex 14.5082 -2.26991 1.8
      vertex 14.7993 -2.17111 1.8
    endloop
  endfacet
  facet normal -0.321395 0.946945 0
    outer loop
      vertex 14.5082 -2.26991 1.8
      vertex 14.7993 -2.17111 0
      vertex 14.5082 -2.26991 0
    endloop
  endfacet
  facet normal -0.831449 0.555601 0
    outer loop
      vertex 15.7644 -1.43059 0
      vertex 15.9352 -1.17499 1.8
      vertex 15.9352 -1.17499 0
    endloop
  endfacet
  facet normal -0.831449 0.555601 0
    outer loop
      vertex 15.9352 -1.17499 1.8
      vertex 15.7644 -1.43059 0
      vertex 15.7644 -1.43059 1.8
    endloop
  endfacet
  facet normal -0.980766 -0.195188 0
    outer loop
      vertex 16.2299 0.306732 0
      vertex 16.1699 0.608215 1.8
      vertex 16.1699 0.608215 0
    endloop
  endfacet
  facet normal -0.980766 -0.195188 0
    outer loop
      vertex 16.1699 0.608215 1.8
      vertex 16.2299 0.306732 0
      vertex 16.2299 0.306732 1.8
    endloop
  endfacet
  facet normal 0.659366 0.751822 -0
    outer loop
      vertex -15.3306 -1.86438 0
      vertex -15.5617 -1.6617 1.8
      vertex -15.3306 -1.86438 1.8
    endloop
  endfacet
  facet normal 0.659366 0.751822 0
    outer loop
      vertex -15.5617 -1.6617 1.8
      vertex -15.3306 -1.86438 0
      vertex -15.5617 -1.6617 0
    endloop
  endfacet
  facet normal 0.99786 0.0653893 0
    outer loop
      vertex -16.2299 -0.306732 1.8
      vertex -16.25 0 0
      vertex -16.25 0 1.8
    endloop
  endfacet
  facet normal 0.99786 0.0653893 0
    outer loop
      vertex -16.25 0 0
      vertex -16.2299 -0.306732 1.8
      vertex -16.2299 -0.306732 0
    endloop
  endfacet
  facet normal -0.831449 -0.555601 0
    outer loop
      vertex 15.9352 1.17499 0
      vertex 15.7644 1.43059 1.8
      vertex 15.7644 1.43059 0
    endloop
  endfacet
  facet normal -0.831449 -0.555601 0
    outer loop
      vertex 15.7644 1.43059 1.8
      vertex 15.9352 1.17499 0
      vertex 15.9352 1.17499 1.8
    endloop
  endfacet
  facet normal 0.659366 -0.751822 0
    outer loop
      vertex -15.5617 1.6617 0
      vertex -15.3306 1.86438 1.8
      vertex -15.5617 1.6617 1.8
    endloop
  endfacet
  facet normal 0.659366 -0.751822 0
    outer loop
      vertex -15.3306 1.86438 1.8
      vertex -15.5617 1.6617 0
      vertex -15.3306 1.86438 0
    endloop
  endfacet
  facet normal -0.659366 0.751822 0
    outer loop
      vertex 15.5617 -1.6617 0
      vertex 15.3306 -1.86438 1.8
      vertex 15.5617 -1.6617 1.8
    endloop
  endfacet
  facet normal -0.659366 0.751822 0
    outer loop
      vertex 15.3306 -1.86438 1.8
      vertex 15.5617 -1.6617 0
      vertex 15.3306 -1.86438 0
    endloop
  endfacet
  facet normal 0.896949 0.442134 0
    outer loop
      vertex -15.9352 -1.17499 1.8
      vertex -16.0711 -0.899292 0
      vertex -16.0711 -0.899292 1.8
    endloop
  endfacet
  facet normal 0.896949 0.442134 0
    outer loop
      vertex -16.0711 -0.899292 0
      vertex -15.9352 -1.17499 1.8
      vertex -15.9352 -1.17499 0
    endloop
  endfacet
  facet normal 0.980766 0.195188 0
    outer loop
      vertex -16.1699 -0.608215 1.8
      vertex -16.2299 -0.306732 0
      vertex -16.2299 -0.306732 1.8
    endloop
  endfacet
  facet normal 0.980766 0.195188 0
    outer loop
      vertex -16.2299 -0.306732 0
      vertex -16.1699 -0.608215 1.8
      vertex -16.1699 -0.608215 0
    endloop
  endfacet
  facet normal 0.321395 0.946945 -0
    outer loop
      vertex -14.5082 -2.26991 0
      vertex -14.7993 -2.17111 1.8
      vertex -14.5082 -2.26991 1.8
    endloop
  endfacet
  facet normal 0.321395 0.946945 0
    outer loop
      vertex -14.7993 -2.17111 1.8
      vertex -14.5082 -2.26991 0
      vertex -14.7993 -2.17111 0
    endloop
  endfacet
  facet normal 0.555556 0.831479 -0
    outer loop
      vertex -15.075 -2.03516 0
      vertex -15.3306 -1.86438 1.8
      vertex -15.075 -2.03516 1.8
    endloop
  endfacet
  facet normal 0.555556 0.831479 0
    outer loop
      vertex -15.3306 -1.86438 1.8
      vertex -15.075 -2.03516 0
      vertex -15.3306 -1.86438 0
    endloop
  endfacet
  facet normal 0.751804 0.659386 0
    outer loop
      vertex -15.5617 -1.6617 1.8
      vertex -15.7644 -1.43059 0
      vertex -15.7644 -1.43059 1.8
    endloop
  endfacet
  facet normal 0.751804 0.659386 0
    outer loop
      vertex -15.7644 -1.43059 0
      vertex -15.5617 -1.6617 1.8
      vertex -15.5617 -1.6617 0
    endloop
  endfacet
  facet normal -0.980789 0.195071 0
    outer loop
      vertex 2.6563 -0.711752 1.8
      vertex 2.72647 -0.358947 4
      vertex 2.72647 -0.358947 1.8
    endloop
  endfacet
  facet normal -0.980789 0.195071 0
    outer loop
      vertex 2.72647 -0.358947 4
      vertex 2.6563 -0.711752 1.8
      vertex 2.6563 -0.711752 4
    endloop
  endfacet
  facet normal -0.980789 -0.195071 0
    outer loop
      vertex 2.72647 0.358947 1.8
      vertex 2.6563 0.711752 4
      vertex 2.6563 0.711752 1.8
    endloop
  endfacet
  facet normal -0.980789 -0.195071 0
    outer loop
      vertex 2.6563 0.711752 4
      vertex 2.72647 0.358947 1.8
      vertex 2.72647 0.358947 4
    endloop
  endfacet
  facet normal -0.997858 -0.0654125 0
    outer loop
      vertex 2.75 0 1.8
      vertex 2.72647 0.358947 4
      vertex 2.72647 0.358947 1.8
    endloop
  endfacet
  facet normal -0.997858 -0.0654125 0
    outer loop
      vertex 2.72647 0.358947 4
      vertex 2.75 0 1.8
      vertex 2.75 0 4
    endloop
  endfacet
  facet normal -0.946928 -0.321445 0
    outer loop
      vertex 2.6563 0.711752 1.8
      vertex 2.54067 1.05238 4
      vertex 2.54067 1.05238 1.8
    endloop
  endfacet
  facet normal -0.946928 -0.321445 0
    outer loop
      vertex 2.54067 1.05238 4
      vertex 2.6563 0.711752 1.8
      vertex 2.6563 0.711752 4
    endloop
  endfacet
  facet normal 0.997858 -0.0654125 0
    outer loop
      vertex -2.75 0 4
      vertex -2.72647 0.358947 1.8
      vertex -2.72647 0.358947 4
    endloop
  endfacet
  facet normal 0.997858 -0.0654125 0
    outer loop
      vertex -2.72647 0.358947 1.8
      vertex -2.75 0 4
      vertex -2.75 0 1.8
    endloop
  endfacet
  facet normal -0.442292 0.896871 0
    outer loop
      vertex 1.375 -2.38157 1.8
      vertex 1.05238 -2.54067 4
      vertex 1.375 -2.38157 4
    endloop
  endfacet
  facet normal -0.442292 0.896871 0
    outer loop
      vertex 1.05238 -2.54067 4
      vertex 1.375 -2.38157 1.8
      vertex 1.05238 -2.54067 1.8
    endloop
  endfacet
  facet normal -0.195071 -0.980789 0
    outer loop
      vertex 0.358947 2.72647 1.8
      vertex 0.711752 2.6563 4
      vertex 0.358947 2.72647 4
    endloop
  endfacet
  facet normal -0.195071 -0.980789 -0
    outer loop
      vertex 0.711752 2.6563 4
      vertex 0.358947 2.72647 1.8
      vertex 0.711752 2.6563 1.8
    endloop
  endfacet
  facet normal -0.195071 0.980789 0
    outer loop
      vertex 0.711752 -2.6563 1.8
      vertex 0.358947 -2.72647 4
      vertex 0.711752 -2.6563 4
    endloop
  endfacet
  facet normal -0.195071 0.980789 0
    outer loop
      vertex 0.358947 -2.72647 4
      vertex 0.711752 -2.6563 1.8
      vertex 0.358947 -2.72647 1.8
    endloop
  endfacet
  facet normal -0.0654125 0.997858 0
    outer loop
      vertex 0.358947 -2.72647 1.8
      vertex 0 -2.75 4
      vertex 0.358947 -2.72647 4
    endloop
  endfacet
  facet normal -0.0654125 0.997858 0
    outer loop
      vertex 0 -2.75 4
      vertex 0.358947 -2.72647 1.8
      vertex 0 -2.75 1.8
    endloop
  endfacet
  facet normal 0.659349 -0.751837 0
    outer loop
      vertex -1.94454 1.94454 1.8
      vertex -1.67409 2.18172 4
      vertex -1.94454 1.94454 4
    endloop
  endfacet
  facet normal 0.659349 -0.751837 0
    outer loop
      vertex -1.67409 2.18172 4
      vertex -1.94454 1.94454 1.8
      vertex -1.67409 2.18172 1.8
    endloop
  endfacet
  facet normal 0.831464 -0.555579 0
    outer loop
      vertex -2.38157 1.375 4
      vertex -2.18172 1.67409 1.8
      vertex -2.18172 1.67409 4
    endloop
  endfacet
  facet normal 0.831464 -0.555579 0
    outer loop
      vertex -2.18172 1.67409 1.8
      vertex -2.38157 1.375 4
      vertex -2.38157 1.375 1.8
    endloop
  endfacet
  facet normal -0.321445 -0.946928 0
    outer loop
      vertex 0.711752 2.6563 1.8
      vertex 1.05238 2.54067 4
      vertex 0.711752 2.6563 4
    endloop
  endfacet
  facet normal -0.321445 -0.946928 -0
    outer loop
      vertex 1.05238 2.54067 4
      vertex 0.711752 2.6563 1.8
      vertex 1.05238 2.54067 1.8
    endloop
  endfacet
  facet normal -0.659349 0.751837 0
    outer loop
      vertex 1.94454 -1.94454 1.8
      vertex 1.67409 -2.18172 4
      vertex 1.94454 -1.94454 4
    endloop
  endfacet
  facet normal -0.659349 0.751837 0
    outer loop
      vertex 1.67409 -2.18172 4
      vertex 1.94454 -1.94454 1.8
      vertex 1.67409 -2.18172 1.8
    endloop
  endfacet
  facet normal 0.442292 -0.896871 0
    outer loop
      vertex -1.375 2.38157 1.8
      vertex -1.05238 2.54067 4
      vertex -1.375 2.38157 4
    endloop
  endfacet
  facet normal 0.442292 -0.896871 0
    outer loop
      vertex -1.05238 2.54067 4
      vertex -1.375 2.38157 1.8
      vertex -1.05238 2.54067 1.8
    endloop
  endfacet
  facet normal 0.0654125 0.997858 -0
    outer loop
      vertex 0 -2.75 1.8
      vertex -0.358947 -2.72647 4
      vertex 0 -2.75 4
    endloop
  endfacet
  facet normal 0.0654125 0.997858 0
    outer loop
      vertex -0.358947 -2.72647 4
      vertex 0 -2.75 1.8
      vertex -0.358947 -2.72647 1.8
    endloop
  endfacet
  facet normal -0.751837 0.659349 0
    outer loop
      vertex 1.94454 -1.94454 1.8
      vertex 2.18172 -1.67409 4
      vertex 2.18172 -1.67409 1.8
    endloop
  endfacet
  facet normal -0.751837 0.659349 0
    outer loop
      vertex 2.18172 -1.67409 4
      vertex 1.94454 -1.94454 1.8
      vertex 1.94454 -1.94454 4
    endloop
  endfacet
  facet normal 0.946928 0.321445 0
    outer loop
      vertex -2.54067 -1.05238 4
      vertex -2.6563 -0.711752 1.8
      vertex -2.6563 -0.711752 4
    endloop
  endfacet
  facet normal 0.946928 0.321445 0
    outer loop
      vertex -2.6563 -0.711752 1.8
      vertex -2.54067 -1.05238 4
      vertex -2.54067 -1.05238 1.8
    endloop
  endfacet
  facet normal -0.321445 0.946928 0
    outer loop
      vertex 1.05238 -2.54067 1.8
      vertex 0.711752 -2.6563 4
      vertex 1.05238 -2.54067 4
    endloop
  endfacet
  facet normal -0.321445 0.946928 0
    outer loop
      vertex 0.711752 -2.6563 4
      vertex 1.05238 -2.54067 1.8
      vertex 0.711752 -2.6563 1.8
    endloop
  endfacet
  facet normal 0.321445 -0.946928 0
    outer loop
      vertex -1.05238 2.54067 1.8
      vertex -0.711752 2.6563 4
      vertex -1.05238 2.54067 4
    endloop
  endfacet
  facet normal 0.321445 -0.946928 0
    outer loop
      vertex -0.711752 2.6563 4
      vertex -1.05238 2.54067 1.8
      vertex -0.711752 2.6563 1.8
    endloop
  endfacet
  facet normal -0.751837 -0.659349 0
    outer loop
      vertex 2.18172 1.67409 1.8
      vertex 1.94454 1.94454 4
      vertex 1.94454 1.94454 1.8
    endloop
  endfacet
  facet normal -0.751837 -0.659349 0
    outer loop
      vertex 1.94454 1.94454 4
      vertex 2.18172 1.67409 1.8
      vertex 2.18172 1.67409 4
    endloop
  endfacet
  facet normal 0.555579 -0.831464 0
    outer loop
      vertex -1.67409 2.18172 1.8
      vertex -1.375 2.38157 4
      vertex -1.67409 2.18172 4
    endloop
  endfacet
  facet normal 0.555579 -0.831464 0
    outer loop
      vertex -1.375 2.38157 4
      vertex -1.67409 2.18172 1.8
      vertex -1.375 2.38157 1.8
    endloop
  endfacet
  facet normal 0.946928 -0.321445 0
    outer loop
      vertex -2.6563 0.711752 4
      vertex -2.54067 1.05238 1.8
      vertex -2.54067 1.05238 4
    endloop
  endfacet
  facet normal 0.946928 -0.321445 0
    outer loop
      vertex -2.54067 1.05238 1.8
      vertex -2.6563 0.711752 4
      vertex -2.6563 0.711752 1.8
    endloop
  endfacet
  facet normal -0.896871 -0.442292 0
    outer loop
      vertex 2.54067 1.05238 1.8
      vertex 2.38157 1.375 4
      vertex 2.38157 1.375 1.8
    endloop
  endfacet
  facet normal -0.896871 -0.442292 0
    outer loop
      vertex 2.38157 1.375 4
      vertex 2.54067 1.05238 1.8
      vertex 2.54067 1.05238 4
    endloop
  endfacet
  facet normal 0.195071 -0.980789 0
    outer loop
      vertex -0.711752 2.6563 1.8
      vertex -0.358947 2.72647 4
      vertex -0.711752 2.6563 4
    endloop
  endfacet
  facet normal 0.195071 -0.980789 0
    outer loop
      vertex -0.358947 2.72647 4
      vertex -0.711752 2.6563 1.8
      vertex -0.358947 2.72647 1.8
    endloop
  endfacet
  facet normal -0.659349 -0.751837 0
    outer loop
      vertex 1.67409 2.18172 1.8
      vertex 1.94454 1.94454 4
      vertex 1.67409 2.18172 4
    endloop
  endfacet
  facet normal -0.659349 -0.751837 -0
    outer loop
      vertex 1.94454 1.94454 4
      vertex 1.67409 2.18172 1.8
      vertex 1.94454 1.94454 1.8
    endloop
  endfacet
  facet normal -0.997858 0.0654125 0
    outer loop
      vertex 2.72647 -0.358947 1.8
      vertex 2.75 0 4
      vertex 2.75 0 1.8
    endloop
  endfacet
  facet normal -0.997858 0.0654125 0
    outer loop
      vertex 2.75 0 4
      vertex 2.72647 -0.358947 1.8
      vertex 2.72647 -0.358947 4
    endloop
  endfacet
  facet normal -0.442292 -0.896871 0
    outer loop
      vertex 1.05238 2.54067 1.8
      vertex 1.375 2.38157 4
      vertex 1.05238 2.54067 4
    endloop
  endfacet
  facet normal -0.442292 -0.896871 -0
    outer loop
      vertex 1.375 2.38157 4
      vertex 1.05238 2.54067 1.8
      vertex 1.375 2.38157 1.8
    endloop
  endfacet
  facet normal 0.321445 0.946928 -0
    outer loop
      vertex -0.711752 -2.6563 1.8
      vertex -1.05238 -2.54067 4
      vertex -0.711752 -2.6563 4
    endloop
  endfacet
  facet normal 0.321445 0.946928 0
    outer loop
      vertex -1.05238 -2.54067 4
      vertex -0.711752 -2.6563 1.8
      vertex -1.05238 -2.54067 1.8
    endloop
  endfacet
  facet normal 0.980789 -0.195071 0
    outer loop
      vertex -2.72647 0.358947 4
      vertex -2.6563 0.711752 1.8
      vertex -2.6563 0.711752 4
    endloop
  endfacet
  facet normal 0.980789 -0.195071 0
    outer loop
      vertex -2.6563 0.711752 1.8
      vertex -2.72647 0.358947 4
      vertex -2.72647 0.358947 1.8
    endloop
  endfacet
  facet normal 0.0654125 -0.997858 0
    outer loop
      vertex -0.358947 2.72647 1.8
      vertex 0 2.75 4
      vertex -0.358947 2.72647 4
    endloop
  endfacet
  facet normal 0.0654125 -0.997858 0
    outer loop
      vertex 0 2.75 4
      vertex -0.358947 2.72647 1.8
      vertex 0 2.75 1.8
    endloop
  endfacet
  facet normal 0.195071 0.980789 -0
    outer loop
      vertex -0.358947 -2.72647 1.8
      vertex -0.711752 -2.6563 4
      vertex -0.358947 -2.72647 4
    endloop
  endfacet
  facet normal 0.195071 0.980789 0
    outer loop
      vertex -0.711752 -2.6563 4
      vertex -0.358947 -2.72647 1.8
      vertex -0.711752 -2.6563 1.8
    endloop
  endfacet
  facet normal -0.946928 0.321445 0
    outer loop
      vertex 2.54067 -1.05238 1.8
      vertex 2.6563 -0.711752 4
      vertex 2.6563 -0.711752 1.8
    endloop
  endfacet
  facet normal -0.946928 0.321445 0
    outer loop
      vertex 2.6563 -0.711752 4
      vertex 2.54067 -1.05238 1.8
      vertex 2.54067 -1.05238 4
    endloop
  endfacet
  facet normal -0.831464 -0.555579 0
    outer loop
      vertex 2.38157 1.375 1.8
      vertex 2.18172 1.67409 4
      vertex 2.18172 1.67409 1.8
    endloop
  endfacet
  facet normal -0.831464 -0.555579 0
    outer loop
      vertex 2.18172 1.67409 4
      vertex 2.38157 1.375 1.8
      vertex 2.38157 1.375 4
    endloop
  endfacet
  facet normal 0.896871 0.442292 0
    outer loop
      vertex -2.38157 -1.375 4
      vertex -2.54067 -1.05238 1.8
      vertex -2.54067 -1.05238 4
    endloop
  endfacet
  facet normal 0.896871 0.442292 0
    outer loop
      vertex -2.54067 -1.05238 1.8
      vertex -2.38157 -1.375 4
      vertex -2.38157 -1.375 1.8
    endloop
  endfacet
  facet normal -0.896871 0.442292 0
    outer loop
      vertex 2.38157 -1.375 1.8
      vertex 2.54067 -1.05238 4
      vertex 2.54067 -1.05238 1.8
    endloop
  endfacet
  facet normal -0.896871 0.442292 0
    outer loop
      vertex 2.54067 -1.05238 4
      vertex 2.38157 -1.375 1.8
      vertex 2.38157 -1.375 4
    endloop
  endfacet
  facet normal 0.751837 0.659349 0
    outer loop
      vertex -1.94454 -1.94454 4
      vertex -2.18172 -1.67409 1.8
      vertex -2.18172 -1.67409 4
    endloop
  endfacet
  facet normal 0.751837 0.659349 0
    outer loop
      vertex -2.18172 -1.67409 1.8
      vertex -1.94454 -1.94454 4
      vertex -1.94454 -1.94454 1.8
    endloop
  endfacet
  facet normal -0.831464 0.555579 0
    outer loop
      vertex 2.18172 -1.67409 1.8
      vertex 2.38157 -1.375 4
      vertex 2.38157 -1.375 1.8
    endloop
  endfacet
  facet normal -0.831464 0.555579 0
    outer loop
      vertex 2.38157 -1.375 4
      vertex 2.18172 -1.67409 1.8
      vertex 2.18172 -1.67409 4
    endloop
  endfacet
  facet normal 0.751837 -0.659349 0
    outer loop
      vertex -2.18172 1.67409 4
      vertex -1.94454 1.94454 1.8
      vertex -1.94454 1.94454 4
    endloop
  endfacet
  facet normal 0.751837 -0.659349 0
    outer loop
      vertex -1.94454 1.94454 1.8
      vertex -2.18172 1.67409 4
      vertex -2.18172 1.67409 1.8
    endloop
  endfacet
  facet normal -0.0654125 -0.997858 0
    outer loop
      vertex 0 2.75 1.8
      vertex 0.358947 2.72647 4
      vertex 0 2.75 4
    endloop
  endfacet
  facet normal -0.0654125 -0.997858 -0
    outer loop
      vertex 0.358947 2.72647 4
      vertex 0 2.75 1.8
      vertex 0.358947 2.72647 1.8
    endloop
  endfacet
  facet normal -0.555579 -0.831464 0
    outer loop
      vertex 1.375 2.38157 1.8
      vertex 1.67409 2.18172 4
      vertex 1.375 2.38157 4
    endloop
  endfacet
  facet normal -0.555579 -0.831464 -0
    outer loop
      vertex 1.67409 2.18172 4
      vertex 1.375 2.38157 1.8
      vertex 1.67409 2.18172 1.8
    endloop
  endfacet
  facet normal 0.442292 0.896871 -0
    outer loop
      vertex -1.05238 -2.54067 1.8
      vertex -1.375 -2.38157 4
      vertex -1.05238 -2.54067 4
    endloop
  endfacet
  facet normal 0.442292 0.896871 0
    outer loop
      vertex -1.375 -2.38157 4
      vertex -1.05238 -2.54067 1.8
      vertex -1.375 -2.38157 1.8
    endloop
  endfacet
  facet normal 0.831464 0.555579 0
    outer loop
      vertex -2.18172 -1.67409 4
      vertex -2.38157 -1.375 1.8
      vertex -2.38157 -1.375 4
    endloop
  endfacet
  facet normal 0.831464 0.555579 0
    outer loop
      vertex -2.38157 -1.375 1.8
      vertex -2.18172 -1.67409 4
      vertex -2.18172 -1.67409 1.8
    endloop
  endfacet
  facet normal 0.980789 0.195071 0
    outer loop
      vertex -2.6563 -0.711752 4
      vertex -2.72647 -0.358947 1.8
      vertex -2.72647 -0.358947 4
    endloop
  endfacet
  facet normal 0.980789 0.195071 0
    outer loop
      vertex -2.72647 -0.358947 1.8
      vertex -2.6563 -0.711752 4
      vertex -2.6563 -0.711752 1.8
    endloop
  endfacet
  facet normal 0.659349 0.751837 -0
    outer loop
      vertex -1.67409 -2.18172 1.8
      vertex -1.94454 -1.94454 4
      vertex -1.67409 -2.18172 4
    endloop
  endfacet
  facet normal 0.659349 0.751837 0
    outer loop
      vertex -1.94454 -1.94454 4
      vertex -1.67409 -2.18172 1.8
      vertex -1.94454 -1.94454 1.8
    endloop
  endfacet
  facet normal 0.896871 -0.442292 0
    outer loop
      vertex -2.54067 1.05238 4
      vertex -2.38157 1.375 1.8
      vertex -2.38157 1.375 4
    endloop
  endfacet
  facet normal 0.896871 -0.442292 0
    outer loop
      vertex -2.38157 1.375 1.8
      vertex -2.54067 1.05238 4
      vertex -2.54067 1.05238 1.8
    endloop
  endfacet
  facet normal 0.997858 0.0654125 0
    outer loop
      vertex -2.72647 -0.358947 4
      vertex -2.75 0 1.8
      vertex -2.75 0 4
    endloop
  endfacet
  facet normal 0.997858 0.0654125 0
    outer loop
      vertex -2.75 0 1.8
      vertex -2.72647 -0.358947 4
      vertex -2.72647 -0.358947 1.8
    endloop
  endfacet
  facet normal -0.555579 0.831464 0
    outer loop
      vertex 1.67409 -2.18172 1.8
      vertex 1.375 -2.38157 4
      vertex 1.67409 -2.18172 4
    endloop
  endfacet
  facet normal -0.555579 0.831464 0
    outer loop
      vertex 1.375 -2.38157 4
      vertex 1.67409 -2.18172 1.8
      vertex 1.375 -2.38157 1.8
    endloop
  endfacet
  facet normal 0.555579 0.831464 -0
    outer loop
      vertex -1.375 -2.38157 1.8
      vertex -1.67409 -2.18172 4
      vertex -1.375 -2.38157 4
    endloop
  endfacet
  facet normal 0.555579 0.831464 0
    outer loop
      vertex -1.67409 -2.18172 4
      vertex -1.375 -2.38157 1.8
      vertex -1.67409 -2.18172 1.8
    endloop
  endfacet
  facet normal 0 -0.947052 -0.32108
    outer loop
      vertex -34.85 -18.429 30.6758
      vertex -30.55 -18.4647 30.7811
      vertex -34.85 -18.4647 30.7811
    endloop
  endfacet
  facet normal 0 -0.947052 -0.32108
    outer loop
      vertex -30.55 -18.4647 30.7811
      vertex -34.85 -18.429 30.6758
      vertex -30.55 -18.429 30.6758
    endloop
  endfacet
  facet normal 0 -0.32108 0.947052
    outer loop
      vertex -34.85 -18.9247 29.6705
      vertex -30.55 -19.03 29.6348
      vertex -30.55 -18.9247 29.6705
    endloop
  endfacet
  facet normal 0 -0.32108 0.947052
    outer loop
      vertex -30.55 -19.03 29.6348
      vertex -34.85 -18.9247 29.6705
      vertex -34.85 -19.03 29.6348
    endloop
  endfacet
  facet normal 0 -0.751462 0.659776
    outer loop
      vertex -34.85 -18.649 29.8548
      vertex -30.55 -18.5756 29.9384
      vertex -34.85 -18.5756 29.9384
    endloop
  endfacet
  facet normal 0 -0.751462 0.659776
    outer loop
      vertex -30.55 -18.5756 29.9384
      vertex -34.85 -18.649 29.8548
      vertex -30.55 -18.649 29.8548
    endloop
  endfacet
  facet normal -0 0.44253 0.896754
    outer loop
      vertex -34.85 -19.5753 29.6705
      vertex -30.55 -19.675 29.7197
      vertex -30.55 -19.5753 29.6705
    endloop
  endfacet
  facet normal 0 0.44253 0.896754
    outer loop
      vertex -30.55 -19.675 29.7197
      vertex -34.85 -19.5753 29.6705
      vertex -34.85 -19.675 29.7197
    endloop
  endfacet
  facet normal 0 -0.896929 0.442174
    outer loop
      vertex -34.85 -18.5139 30.0308
      vertex -30.55 -18.4647 30.1306
      vertex -34.85 -18.4647 30.1306
    endloop
  endfacet
  facet normal 0 -0.896929 0.442174
    outer loop
      vertex -30.55 -18.4647 30.1306
      vertex -34.85 -18.5139 30.0308
      vertex -30.55 -18.5139 30.0308
    endloop
  endfacet
  facet normal 0 0.751462 0.659776
    outer loop
      vertex -30.55 -19.851 29.8548
      vertex -34.85 -19.9244 29.9384
      vertex -30.55 -19.9244 29.9384
    endloop
  endfacet
  facet normal 0 0.751462 0.659776
    outer loop
      vertex -34.85 -19.9244 29.9384
      vertex -30.55 -19.851 29.8548
      vertex -34.85 -19.851 29.8548
    endloop
  endfacet
  facet normal 0 -0.321887 -0.946778
    outer loop
      vertex -34.85 -19.03 31.2769
      vertex -30.55 -18.9247 31.2411
      vertex -30.55 -19.03 31.2769
    endloop
  endfacet
  facet normal -0 -0.321887 -0.946778
    outer loop
      vertex -30.55 -18.9247 31.2411
      vertex -34.85 -19.03 31.2769
      vertex -34.85 -18.9247 31.2411
    endloop
  endfacet
  facet normal 0 0.946959 0.321354
    outer loop
      vertex -30.55 -20.0353 30.1306
      vertex -34.85 -20.071 30.2358
      vertex -30.55 -20.071 30.2358
    endloop
  endfacet
  facet normal 0 0.946959 0.321354
    outer loop
      vertex -34.85 -20.071 30.2358
      vertex -30.55 -20.0353 30.1306
      vertex -34.85 -20.0353 30.1306
    endloop
  endfacet
  facet normal 0 -0.555945 0.831219
    outer loop
      vertex -34.85 -18.7326 29.7815
      vertex -30.55 -18.825 29.7197
      vertex -30.55 -18.7326 29.7815
    endloop
  endfacet
  facet normal 0 -0.555945 0.831219
    outer loop
      vertex -30.55 -18.825 29.7197
      vertex -34.85 -18.7326 29.7815
      vertex -34.85 -18.825 29.7197
    endloop
  endfacet
  facet normal 0 -0.44253 0.896754
    outer loop
      vertex -34.85 -18.825 29.7197
      vertex -30.55 -18.9247 29.6705
      vertex -30.55 -18.825 29.7197
    endloop
  endfacet
  facet normal 0 -0.44253 0.896754
    outer loop
      vertex -30.55 -18.9247 29.6705
      vertex -34.85 -18.825 29.7197
      vertex -34.85 -18.9247 29.6705
    endloop
  endfacet
  facet normal 0 -0.0656829 0.997841
    outer loop
      vertex -34.85 -19.1391 29.6131
      vertex -30.55 -19.25 29.6058
      vertex -30.55 -19.1391 29.6131
    endloop
  endfacet
  facet normal 0 -0.0656829 0.997841
    outer loop
      vertex -30.55 -19.25 29.6058
      vertex -34.85 -19.1391 29.6131
      vertex -34.85 -19.25 29.6058
    endloop
  endfacet
  facet normal 0 -0.980753 -0.195251
    outer loop
      vertex -34.85 -18.4073 30.5668
      vertex -30.55 -18.429 30.6758
      vertex -34.85 -18.429 30.6758
    endloop
  endfacet
  facet normal 0 -0.980753 -0.195251
    outer loop
      vertex -30.55 -18.429 30.6758
      vertex -34.85 -18.4073 30.5668
      vertex -30.55 -18.4073 30.5668
    endloop
  endfacet
  facet normal -0 0.32108 0.947052
    outer loop
      vertex -34.85 -19.47 29.6348
      vertex -30.55 -19.5753 29.6705
      vertex -30.55 -19.47 29.6348
    endloop
  endfacet
  facet normal 0 0.32108 0.947052
    outer loop
      vertex -30.55 -19.5753 29.6705
      vertex -34.85 -19.47 29.6348
      vertex -34.85 -19.5753 29.6705
    endloop
  endfacet
  facet normal 0 -0.659268 -0.751908
    outer loop
      vertex -34.85 -18.7326 31.1302
      vertex -30.55 -18.649 31.0569
      vertex -30.55 -18.7326 31.1302
    endloop
  endfacet
  facet normal -0 -0.659268 -0.751908
    outer loop
      vertex -30.55 -18.649 31.0569
      vertex -34.85 -18.7326 31.1302
      vertex -34.85 -18.649 31.0569
    endloop
  endfacet
  facet normal 0 -0.946959 0.321354
    outer loop
      vertex -34.85 -18.4647 30.1306
      vertex -30.55 -18.429 30.2358
      vertex -34.85 -18.429 30.2358
    endloop
  endfacet
  facet normal 0 -0.946959 0.321354
    outer loop
      vertex -30.55 -18.429 30.2358
      vertex -34.85 -18.4647 30.1306
      vertex -30.55 -18.4647 30.1306
    endloop
  endfacet
  facet normal 0 -0.751462 -0.659776
    outer loop
      vertex -34.85 -18.5756 30.9733
      vertex -30.55 -18.649 31.0569
      vertex -34.85 -18.649 31.0569
    endloop
  endfacet
  facet normal 0 -0.751462 -0.659776
    outer loop
      vertex -30.55 -18.649 31.0569
      vertex -34.85 -18.5756 30.9733
      vertex -30.55 -18.5756 30.9733
    endloop
  endfacet
  facet normal 0 -0.997841 0.0656829
    outer loop
      vertex -34.85 -18.4073 30.3449
      vertex -30.55 -18.4 30.4558
      vertex -34.85 -18.4 30.4558
    endloop
  endfacet
  facet normal 0 -0.997841 0.0656829
    outer loop
      vertex -30.55 -18.4 30.4558
      vertex -34.85 -18.4073 30.3449
      vertex -30.55 -18.4073 30.3449
    endloop
  endfacet
  facet normal 0 0.997844 -0.065624
    outer loop
      vertex -30.55 -20.1 30.4558
      vertex -34.85 -20.0927 30.5668
      vertex -30.55 -20.0927 30.5668
    endloop
  endfacet
  facet normal 0 0.997844 -0.065624
    outer loop
      vertex -34.85 -20.0927 30.5668
      vertex -30.55 -20.1 30.4558
      vertex -34.85 -20.1 30.4558
    endloop
  endfacet
  facet normal 0 -0.064787 -0.997899
    outer loop
      vertex -34.85 -19.25 31.3058
      vertex -30.55 -19.1391 31.2986
      vertex -30.55 -19.25 31.3058
    endloop
  endfacet
  facet normal -0 -0.064787 -0.997899
    outer loop
      vertex -30.55 -19.1391 31.2986
      vertex -34.85 -19.25 31.3058
      vertex -34.85 -19.1391 31.2986
    endloop
  endfacet
  facet normal 0 -0.896754 -0.44253
    outer loop
      vertex -34.85 -18.4647 30.7811
      vertex -30.55 -18.5139 30.8808
      vertex -34.85 -18.5139 30.8808
    endloop
  endfacet
  facet normal 0 -0.896754 -0.44253
    outer loop
      vertex -30.55 -18.5139 30.8808
      vertex -34.85 -18.4647 30.7811
      vertex -30.55 -18.4647 30.7811
    endloop
  endfacet
  facet normal 0 0.555945 -0.831219
    outer loop
      vertex -34.85 -19.7674 31.1302
      vertex -30.55 -19.675 31.192
      vertex -30.55 -19.7674 31.1302
    endloop
  endfacet
  facet normal 0 0.555945 -0.831219
    outer loop
      vertex -30.55 -19.675 31.192
      vertex -34.85 -19.7674 31.1302
      vertex -34.85 -19.675 31.192
    endloop
  endfacet
  facet normal 0 0.896754 -0.44253
    outer loop
      vertex -30.55 -20.0353 30.7811
      vertex -34.85 -19.9861 30.8808
      vertex -30.55 -19.9861 30.8808
    endloop
  endfacet
  facet normal 0 0.896754 -0.44253
    outer loop
      vertex -34.85 -19.9861 30.8808
      vertex -30.55 -20.0353 30.7811
      vertex -34.85 -20.0353 30.7811
    endloop
  endfacet
  facet normal 0 0.980788 0.195079
    outer loop
      vertex -30.55 -20.071 30.2358
      vertex -34.85 -20.0927 30.3449
      vertex -30.55 -20.0927 30.3449
    endloop
  endfacet
  facet normal 0 0.980788 0.195079
    outer loop
      vertex -34.85 -20.0927 30.3449
      vertex -30.55 -20.071 30.2358
      vertex -34.85 -20.071 30.2358
    endloop
  endfacet
  facet normal -0 0.195079 0.980788
    outer loop
      vertex -34.85 -19.3609 29.6131
      vertex -30.55 -19.47 29.6348
      vertex -30.55 -19.3609 29.6131
    endloop
  endfacet
  facet normal 0 0.195079 0.980788
    outer loop
      vertex -30.55 -19.47 29.6348
      vertex -34.85 -19.3609 29.6131
      vertex -34.85 -19.47 29.6348
    endloop
  endfacet
  facet normal 0 -0.831912 -0.554908
    outer loop
      vertex -34.85 -18.5139 30.8808
      vertex -30.55 -18.5756 30.9733
      vertex -34.85 -18.5756 30.9733
    endloop
  endfacet
  facet normal 0 -0.831912 -0.554908
    outer loop
      vertex -30.55 -18.5756 30.9733
      vertex -34.85 -18.5139 30.8808
      vertex -30.55 -18.5139 30.8808
    endloop
  endfacet
  facet normal -0 0.0656829 0.997841
    outer loop
      vertex -34.85 -19.25 29.6058
      vertex -30.55 -19.3609 29.6131
      vertex -30.55 -19.25 29.6058
    endloop
  endfacet
  facet normal 0 0.0656829 0.997841
    outer loop
      vertex -30.55 -19.3609 29.6131
      vertex -34.85 -19.25 29.6058
      vertex -34.85 -19.3609 29.6131
    endloop
  endfacet
  facet normal 0 0.831635 0.555323
    outer loop
      vertex -30.55 -19.9244 29.9384
      vertex -34.85 -19.9861 30.0308
      vertex -30.55 -19.9861 30.0308
    endloop
  endfacet
  facet normal 0 0.831635 0.555323
    outer loop
      vertex -34.85 -19.9861 30.0308
      vertex -30.55 -19.9244 29.9384
      vertex -34.85 -19.9244 29.9384
    endloop
  endfacet
  facet normal 0 -0.555945 -0.831219
    outer loop
      vertex -34.85 -18.825 31.192
      vertex -30.55 -18.7326 31.1302
      vertex -30.55 -18.825 31.192
    endloop
  endfacet
  facet normal -0 -0.555945 -0.831219
    outer loop
      vertex -30.55 -18.7326 31.1302
      vertex -34.85 -18.825 31.192
      vertex -34.85 -18.7326 31.1302
    endloop
  endfacet
  facet normal 0 0.831912 -0.554908
    outer loop
      vertex -30.55 -19.9861 30.8808
      vertex -34.85 -19.9244 30.9733
      vertex -30.55 -19.9244 30.9733
    endloop
  endfacet
  facet normal 0 0.831912 -0.554908
    outer loop
      vertex -34.85 -19.9244 30.9733
      vertex -30.55 -19.9861 30.8808
      vertex -34.85 -19.9861 30.8808
    endloop
  endfacet
  facet normal 0 -0.195079 0.980788
    outer loop
      vertex -34.85 -19.03 29.6348
      vertex -30.55 -19.1391 29.6131
      vertex -30.55 -19.03 29.6348
    endloop
  endfacet
  facet normal 0 -0.195079 0.980788
    outer loop
      vertex -30.55 -19.1391 29.6131
      vertex -34.85 -19.03 29.6348
      vertex -34.85 -19.1391 29.6131
    endloop
  endfacet
  facet normal 0 0.997841 0.0656829
    outer loop
      vertex -30.55 -20.0927 30.3449
      vertex -34.85 -20.1 30.4558
      vertex -30.55 -20.1 30.4558
    endloop
  endfacet
  facet normal 0 0.997841 0.0656829
    outer loop
      vertex -34.85 -20.1 30.4558
      vertex -30.55 -20.0927 30.3449
      vertex -34.85 -20.0927 30.3449
    endloop
  endfacet
  facet normal 0 0.896929 0.442174
    outer loop
      vertex -30.55 -19.9861 30.0308
      vertex -34.85 -20.0353 30.1306
      vertex -30.55 -20.0353 30.1306
    endloop
  endfacet
  facet normal 0 0.896929 0.442174
    outer loop
      vertex -34.85 -20.0353 30.1306
      vertex -30.55 -19.9861 30.0308
      vertex -34.85 -19.9861 30.0308
    endloop
  endfacet
  facet normal 0 0.064787 -0.997899
    outer loop
      vertex -34.85 -19.3609 31.2986
      vertex -30.55 -19.25 31.3058
      vertex -30.55 -19.3609 31.2986
    endloop
  endfacet
  facet normal 0 0.064787 -0.997899
    outer loop
      vertex -30.55 -19.25 31.3058
      vertex -34.85 -19.3609 31.2986
      vertex -34.85 -19.25 31.3058
    endloop
  endfacet
  facet normal 0 0.321887 -0.946778
    outer loop
      vertex -34.85 -19.5753 31.2411
      vertex -30.55 -19.47 31.2769
      vertex -30.55 -19.5753 31.2411
    endloop
  endfacet
  facet normal 0 0.321887 -0.946778
    outer loop
      vertex -30.55 -19.47 31.2769
      vertex -34.85 -19.5753 31.2411
      vertex -34.85 -19.47 31.2769
    endloop
  endfacet
  facet normal 0 0.441807 -0.89711
    outer loop
      vertex -34.85 -19.675 31.192
      vertex -30.55 -19.5753 31.2411
      vertex -30.55 -19.675 31.192
    endloop
  endfacet
  facet normal 0 0.441807 -0.89711
    outer loop
      vertex -30.55 -19.5753 31.2411
      vertex -34.85 -19.675 31.192
      vertex -34.85 -19.5753 31.2411
    endloop
  endfacet
  facet normal 0 0.659268 -0.751908
    outer loop
      vertex -34.85 -19.851 31.0569
      vertex -30.55 -19.7674 31.1302
      vertex -30.55 -19.851 31.0569
    endloop
  endfacet
  facet normal 0 0.659268 -0.751908
    outer loop
      vertex -30.55 -19.7674 31.1302
      vertex -34.85 -19.851 31.0569
      vertex -34.85 -19.7674 31.1302
    endloop
  endfacet
  facet normal 0 -0.980788 0.195079
    outer loop
      vertex -34.85 -18.429 30.2358
      vertex -30.55 -18.4073 30.3449
      vertex -34.85 -18.4073 30.3449
    endloop
  endfacet
  facet normal 0 -0.980788 0.195079
    outer loop
      vertex -30.55 -18.4073 30.3449
      vertex -34.85 -18.429 30.2358
      vertex -30.55 -18.429 30.2358
    endloop
  endfacet
  facet normal 0 0.980753 -0.195251
    outer loop
      vertex -30.55 -20.0927 30.5668
      vertex -34.85 -20.071 30.6758
      vertex -30.55 -20.071 30.6758
    endloop
  endfacet
  facet normal 0 0.980753 -0.195251
    outer loop
      vertex -34.85 -20.071 30.6758
      vertex -30.55 -20.0927 30.5668
      vertex -34.85 -20.0927 30.5668
    endloop
  endfacet
  facet normal 0 -0.997844 -0.065624
    outer loop
      vertex -34.85 -18.4 30.4558
      vertex -30.55 -18.4073 30.5668
      vertex -34.85 -18.4073 30.5668
    endloop
  endfacet
  facet normal 0 -0.997844 -0.065624
    outer loop
      vertex -30.55 -18.4073 30.5668
      vertex -34.85 -18.4 30.4558
      vertex -30.55 -18.4 30.4558
    endloop
  endfacet
  facet normal 0 -0.659268 0.751908
    outer loop
      vertex -34.85 -18.649 29.8548
      vertex -30.55 -18.7326 29.7815
      vertex -30.55 -18.649 29.8548
    endloop
  endfacet
  facet normal 0 -0.659268 0.751908
    outer loop
      vertex -30.55 -18.7326 29.7815
      vertex -34.85 -18.649 29.8548
      vertex -34.85 -18.7326 29.7815
    endloop
  endfacet
  facet normal 0 -0.831635 0.555323
    outer loop
      vertex -34.85 -18.5756 29.9384
      vertex -30.55 -18.5139 30.0308
      vertex -34.85 -18.5139 30.0308
    endloop
  endfacet
  facet normal 0 -0.831635 0.555323
    outer loop
      vertex -30.55 -18.5139 30.0308
      vertex -34.85 -18.5756 29.9384
      vertex -30.55 -18.5756 29.9384
    endloop
  endfacet
  facet normal -0 0.555945 0.831219
    outer loop
      vertex -34.85 -19.675 29.7197
      vertex -30.55 -19.7674 29.7815
      vertex -30.55 -19.675 29.7197
    endloop
  endfacet
  facet normal 0 0.555945 0.831219
    outer loop
      vertex -30.55 -19.7674 29.7815
      vertex -34.85 -19.675 29.7197
      vertex -34.85 -19.7674 29.7815
    endloop
  endfacet
  facet normal 0 0.195079 -0.980788
    outer loop
      vertex -34.85 -19.47 31.2769
      vertex -30.55 -19.3609 31.2986
      vertex -30.55 -19.47 31.2769
    endloop
  endfacet
  facet normal 0 0.195079 -0.980788
    outer loop
      vertex -30.55 -19.3609 31.2986
      vertex -34.85 -19.47 31.2769
      vertex -34.85 -19.3609 31.2986
    endloop
  endfacet
  facet normal 0 0.947052 -0.32108
    outer loop
      vertex -30.55 -20.071 30.6758
      vertex -34.85 -20.0353 30.7811
      vertex -30.55 -20.0353 30.7811
    endloop
  endfacet
  facet normal 0 0.947052 -0.32108
    outer loop
      vertex -34.85 -20.0353 30.7811
      vertex -30.55 -20.071 30.6758
      vertex -34.85 -20.071 30.6758
    endloop
  endfacet
  facet normal 0 -0.195079 -0.980788
    outer loop
      vertex -34.85 -19.1391 31.2986
      vertex -30.55 -19.03 31.2769
      vertex -30.55 -19.1391 31.2986
    endloop
  endfacet
  facet normal -0 -0.195079 -0.980788
    outer loop
      vertex -30.55 -19.03 31.2769
      vertex -34.85 -19.1391 31.2986
      vertex -34.85 -19.03 31.2769
    endloop
  endfacet
  facet normal 0 0.751462 -0.659776
    outer loop
      vertex -30.55 -19.9244 30.9733
      vertex -34.85 -19.851 31.0569
      vertex -30.55 -19.851 31.0569
    endloop
  endfacet
  facet normal 0 0.751462 -0.659776
    outer loop
      vertex -34.85 -19.851 31.0569
      vertex -30.55 -19.9244 30.9733
      vertex -34.85 -19.9244 30.9733
    endloop
  endfacet
  facet normal 0 -0.441807 -0.89711
    outer loop
      vertex -34.85 -18.9247 31.2411
      vertex -30.55 -18.825 31.192
      vertex -30.55 -18.9247 31.2411
    endloop
  endfacet
  facet normal -0 -0.441807 -0.89711
    outer loop
      vertex -30.55 -18.825 31.192
      vertex -34.85 -18.9247 31.2411
      vertex -34.85 -18.825 31.192
    endloop
  endfacet
  facet normal -0 0.659268 0.751908
    outer loop
      vertex -34.85 -19.7674 29.7815
      vertex -30.55 -19.851 29.8548
      vertex -30.55 -19.7674 29.7815
    endloop
  endfacet
  facet normal 0 0.659268 0.751908
    outer loop
      vertex -30.55 -19.851 29.8548
      vertex -34.85 -19.7674 29.7815
      vertex -34.85 -19.851 29.8548
    endloop
  endfacet
  facet normal 0 -0.321135 0.947033
    outer loop
      vertex -34.85 8.87528 29.6705
      vertex -30.55 8.77 29.6348
      vertex -30.55 8.87528 29.6705
    endloop
  endfacet
  facet normal 0 -0.321135 0.947033
    outer loop
      vertex -30.55 8.77 29.6348
      vertex -34.85 8.87528 29.6705
      vertex -34.85 8.77 29.6348
    endloop
  endfacet
  facet normal 0 -0.751863 0.659319
    outer loop
      vertex -34.85 9.15104 29.8548
      vertex -30.55 9.22435 29.9384
      vertex -34.85 9.22435 29.9384
    endloop
  endfacet
  facet normal 0 -0.751863 0.659319
    outer loop
      vertex -30.55 9.22435 29.9384
      vertex -34.85 9.15104 29.8548
      vertex -30.55 9.15104 29.8548
    endloop
  endfacet
  facet normal 0 -0.441735 -0.897145
    outer loop
      vertex -34.85 8.87528 31.2411
      vertex -30.55 8.975 31.192
      vertex -30.55 8.87528 31.2411
    endloop
  endfacet
  facet normal -0 -0.441735 -0.897145
    outer loop
      vertex -30.55 8.975 31.192
      vertex -34.85 8.87528 31.2411
      vertex -34.85 8.975 31.192
    endloop
  endfacet
  facet normal 0 0.980771 -0.195164
    outer loop
      vertex -30.55 7.70727 30.5668
      vertex -34.85 7.72896 30.6758
      vertex -30.55 7.72896 30.6758
    endloop
  endfacet
  facet normal 0 0.980771 -0.195164
    outer loop
      vertex -34.85 7.72896 30.6758
      vertex -30.55 7.70727 30.5668
      vertex -34.85 7.70727 30.5668
    endloop
  endfacet
  facet normal 0 -0.897001 0.442029
    outer loop
      vertex -34.85 9.28612 30.0308
      vertex -30.55 9.3353 30.1306
      vertex -34.85 9.3353 30.1306
    endloop
  endfacet
  facet normal 0 -0.897001 0.442029
    outer loop
      vertex -30.55 9.3353 30.1306
      vertex -34.85 9.28612 30.0308
      vertex -30.55 9.28612 30.0308
    endloop
  endfacet
  facet normal 0 0.441735 -0.897145
    outer loop
      vertex -34.85 8.125 31.192
      vertex -30.55 8.22472 31.2411
      vertex -30.55 8.125 31.192
    endloop
  endfacet
  facet normal 0 0.441735 -0.897145
    outer loop
      vertex -30.55 8.22472 31.2411
      vertex -34.85 8.125 31.192
      vertex -34.85 8.22472 31.2411
    endloop
  endfacet
  facet normal 0 0.321941 -0.94676
    outer loop
      vertex -34.85 8.22472 31.2411
      vertex -30.55 8.33 31.2769
      vertex -30.55 8.22472 31.2411
    endloop
  endfacet
  facet normal 0 0.321941 -0.94676
    outer loop
      vertex -30.55 8.33 31.2769
      vertex -34.85 8.22472 31.2411
      vertex -34.85 8.33 31.2769
    endloop
  endfacet
  facet normal 0 0.94685 0.321677
    outer loop
      vertex -30.55 7.7647 30.1306
      vertex -34.85 7.72896 30.2358
      vertex -30.55 7.72896 30.2358
    endloop
  endfacet
  facet normal 0 0.94685 0.321677
    outer loop
      vertex -34.85 7.72896 30.2358
      vertex -30.55 7.7647 30.1306
      vertex -34.85 7.7647 30.1306
    endloop
  endfacet
  facet normal 0 -0.555737 0.831358
    outer loop
      vertex -34.85 9.06745 29.7815
      vertex -30.55 8.975 29.7197
      vertex -30.55 9.06745 29.7815
    endloop
  endfacet
  facet normal 0 -0.555737 0.831358
    outer loop
      vertex -30.55 8.975 29.7197
      vertex -34.85 9.06745 29.7815
      vertex -34.85 8.975 29.7197
    endloop
  endfacet
  facet normal 0 -0.442459 0.896789
    outer loop
      vertex -34.85 8.975 29.7197
      vertex -30.55 8.87528 29.6705
      vertex -30.55 8.975 29.7197
    endloop
  endfacet
  facet normal 0 -0.442459 0.896789
    outer loop
      vertex -30.55 8.87528 29.6705
      vertex -34.85 8.975 29.7197
      vertex -34.85 8.87528 29.6705
    endloop
  endfacet
  facet normal 0 0.659313 -0.751869
    outer loop
      vertex -34.85 7.94896 31.0569
      vertex -30.55 8.03255 31.1302
      vertex -30.55 7.94896 31.0569
    endloop
  endfacet
  facet normal 0 0.659313 -0.751869
    outer loop
      vertex -30.55 8.03255 31.1302
      vertex -34.85 7.94896 31.0569
      vertex -34.85 8.03255 31.1302
    endloop
  endfacet
  facet normal -0 0.659313 0.751869
    outer loop
      vertex -34.85 8.03255 29.7815
      vertex -30.55 7.94896 29.8548
      vertex -30.55 8.03255 29.7815
    endloop
  endfacet
  facet normal 0 0.659313 0.751869
    outer loop
      vertex -30.55 7.94896 29.8548
      vertex -34.85 8.03255 29.7815
      vertex -34.85 7.94896 29.8548
    endloop
  endfacet
  facet normal 0 -0.0656534 0.997842
    outer loop
      vertex -34.85 8.66095 29.6131
      vertex -30.55 8.55 29.6058
      vertex -30.55 8.66095 29.6131
    endloop
  endfacet
  facet normal 0 -0.0656534 0.997842
    outer loop
      vertex -30.55 8.55 29.6058
      vertex -34.85 8.66095 29.6131
      vertex -34.85 8.55 29.6058
    endloop
  endfacet
  facet normal 0 0.555737 -0.831358
    outer loop
      vertex -34.85 8.03255 31.1302
      vertex -30.55 8.125 31.192
      vertex -30.55 8.03255 31.1302
    endloop
  endfacet
  facet normal 0 0.555737 -0.831358
    outer loop
      vertex -30.55 8.125 31.192
      vertex -34.85 8.03255 31.1302
      vertex -34.85 8.125 31.192
    endloop
  endfacet
  facet normal 0 0.897001 0.442029
    outer loop
      vertex -30.55 7.81388 30.0308
      vertex -34.85 7.7647 30.1306
      vertex -30.55 7.7647 30.1306
    endloop
  endfacet
  facet normal 0 0.897001 0.442029
    outer loop
      vertex -34.85 7.7647 30.1306
      vertex -30.55 7.81388 30.0308
      vertex -34.85 7.81388 30.0308
    endloop
  endfacet
  facet normal -0 0.321135 0.947033
    outer loop
      vertex -34.85 8.33 29.6348
      vertex -30.55 8.22472 29.6705
      vertex -30.55 8.33 29.6348
    endloop
  endfacet
  facet normal 0 0.321135 0.947033
    outer loop
      vertex -30.55 8.22472 29.6705
      vertex -34.85 8.33 29.6348
      vertex -34.85 8.22472 29.6705
    endloop
  endfacet
  facet normal 0 0.997858 0.0654141
    outer loop
      vertex -30.55 7.70727 30.3449
      vertex -34.85 7.7 30.4558
      vertex -30.55 7.7 30.4558
    endloop
  endfacet
  facet normal 0 0.997858 0.0654141
    outer loop
      vertex -34.85 7.7 30.4558
      vertex -30.55 7.70727 30.3449
      vertex -34.85 7.70727 30.3449
    endloop
  endfacet
  facet normal 0 -0.946943 -0.321403
    outer loop
      vertex -34.85 9.37104 30.6758
      vertex -30.55 9.3353 30.7811
      vertex -34.85 9.3353 30.7811
    endloop
  endfacet
  facet normal 0 -0.946943 -0.321403
    outer loop
      vertex -30.55 9.3353 30.7811
      vertex -34.85 9.37104 30.6758
      vertex -30.55 9.37104 30.6758
    endloop
  endfacet
  facet normal 0 -0.94685 0.321677
    outer loop
      vertex -34.85 9.3353 30.1306
      vertex -30.55 9.37104 30.2358
      vertex -34.85 9.37104 30.2358
    endloop
  endfacet
  facet normal 0 -0.94685 0.321677
    outer loop
      vertex -30.55 9.37104 30.2358
      vertex -34.85 9.3353 30.1306
      vertex -30.55 9.3353 30.1306
    endloop
  endfacet
  facet normal 0 -0.751863 -0.659319
    outer loop
      vertex -34.85 9.22435 30.9733
      vertex -30.55 9.15104 31.0569
      vertex -34.85 9.15104 31.0569
    endloop
  endfacet
  facet normal 0 -0.751863 -0.659319
    outer loop
      vertex -30.55 9.15104 31.0569
      vertex -34.85 9.22435 30.9733
      vertex -30.55 9.22435 30.9733
    endloop
  endfacet
  facet normal 0 -0.997862 -0.0653555
    outer loop
      vertex -34.85 9.4 30.4558
      vertex -30.55 9.39273 30.5668
      vertex -34.85 9.39273 30.5668
    endloop
  endfacet
  facet normal 0 -0.997862 -0.0653555
    outer loop
      vertex -30.55 9.39273 30.5668
      vertex -34.85 9.4 30.4558
      vertex -30.55 9.4 30.4558
    endloop
  endfacet
  facet normal 0 -0.195165 -0.98077
    outer loop
      vertex -34.85 8.66095 31.2986
      vertex -30.55 8.77 31.2769
      vertex -30.55 8.66095 31.2986
    endloop
  endfacet
  facet normal -0 -0.195165 -0.98077
    outer loop
      vertex -30.55 8.77 31.2769
      vertex -34.85 8.66095 31.2986
      vertex -34.85 8.77 31.2769
    endloop
  endfacet
  facet normal 0 -0.896825 -0.442386
    outer loop
      vertex -34.85 9.3353 30.7811
      vertex -30.55 9.28612 30.8808
      vertex -34.85 9.28612 30.8808
    endloop
  endfacet
  facet normal 0 -0.896825 -0.442386
    outer loop
      vertex -30.55 9.28612 30.8808
      vertex -34.85 9.3353 30.7811
      vertex -30.55 9.3353 30.7811
    endloop
  endfacet
  facet normal 0 0.751863 0.659319
    outer loop
      vertex -30.55 7.94896 29.8548
      vertex -34.85 7.87565 29.9384
      vertex -30.55 7.87565 29.9384
    endloop
  endfacet
  facet normal 0 0.751863 0.659319
    outer loop
      vertex -34.85 7.87565 29.9384
      vertex -30.55 7.94896 29.8548
      vertex -34.85 7.94896 29.8548
    endloop
  endfacet
  facet normal 0 0.980805 0.194992
    outer loop
      vertex -30.55 7.72896 30.2358
      vertex -34.85 7.70727 30.3449
      vertex -30.55 7.70727 30.3449
    endloop
  endfacet
  facet normal 0 0.980805 0.194992
    outer loop
      vertex -34.85 7.70727 30.3449
      vertex -30.55 7.72896 30.2358
      vertex -34.85 7.72896 30.2358
    endloop
  endfacet
  facet normal 0 -0.980771 -0.195164
    outer loop
      vertex -34.85 9.39273 30.5668
      vertex -30.55 9.37104 30.6758
      vertex -34.85 9.37104 30.6758
    endloop
  endfacet
  facet normal 0 -0.980771 -0.195164
    outer loop
      vertex -30.55 9.37104 30.6758
      vertex -34.85 9.39273 30.5668
      vertex -30.55 9.39273 30.5668
    endloop
  endfacet
  facet normal -0 0.0656534 0.997842
    outer loop
      vertex -34.85 8.55 29.6058
      vertex -30.55 8.43905 29.6131
      vertex -30.55 8.55 29.6058
    endloop
  endfacet
  facet normal 0 0.0656534 0.997842
    outer loop
      vertex -30.55 8.43905 29.6131
      vertex -34.85 8.55 29.6058
      vertex -34.85 8.43905 29.6131
    endloop
  endfacet
  facet normal 0 -0.831621 -0.555343
    outer loop
      vertex -34.85 9.28612 30.8808
      vertex -30.55 9.22435 30.9733
      vertex -34.85 9.22435 30.9733
    endloop
  endfacet
  facet normal 0 -0.831621 -0.555343
    outer loop
      vertex -30.55 9.22435 30.9733
      vertex -34.85 9.28612 30.8808
      vertex -30.55 9.28612 30.8808
    endloop
  endfacet
  facet normal 0 -0.0647579 -0.997901
    outer loop
      vertex -34.85 8.55 31.3058
      vertex -30.55 8.66095 31.2986
      vertex -30.55 8.55 31.3058
    endloop
  endfacet
  facet normal -0 -0.0647579 -0.997901
    outer loop
      vertex -30.55 8.66095 31.2986
      vertex -34.85 8.55 31.3058
      vertex -34.85 8.66095 31.2986
    endloop
  endfacet
  facet normal 0 0.831344 0.555759
    outer loop
      vertex -30.55 7.87565 29.9384
      vertex -34.85 7.81388 30.0308
      vertex -30.55 7.81388 30.0308
    endloop
  endfacet
  facet normal 0 0.831344 0.555759
    outer loop
      vertex -34.85 7.81388 30.0308
      vertex -30.55 7.87565 29.9384
      vertex -34.85 7.87565 29.9384
    endloop
  endfacet
  facet normal 0 0.896825 -0.442386
    outer loop
      vertex -30.55 7.7647 30.7811
      vertex -34.85 7.81388 30.8808
      vertex -30.55 7.81388 30.8808
    endloop
  endfacet
  facet normal 0 0.896825 -0.442386
    outer loop
      vertex -34.85 7.81388 30.8808
      vertex -30.55 7.7647 30.7811
      vertex -34.85 7.7647 30.7811
    endloop
  endfacet
  facet normal 0 0.195165 -0.98077
    outer loop
      vertex -34.85 8.33 31.2769
      vertex -30.55 8.43905 31.2986
      vertex -30.55 8.33 31.2769
    endloop
  endfacet
  facet normal 0 0.195165 -0.98077
    outer loop
      vertex -30.55 8.43905 31.2986
      vertex -34.85 8.33 31.2769
      vertex -34.85 8.43905 31.2986
    endloop
  endfacet
  facet normal -0 0.555737 0.831358
    outer loop
      vertex -34.85 8.125 29.7197
      vertex -30.55 8.03255 29.7815
      vertex -30.55 8.125 29.7197
    endloop
  endfacet
  facet normal 0 0.555737 0.831358
    outer loop
      vertex -30.55 8.03255 29.7815
      vertex -34.85 8.125 29.7197
      vertex -34.85 8.03255 29.7815
    endloop
  endfacet
  facet normal -0 0.442459 0.896789
    outer loop
      vertex -34.85 8.22472 29.6705
      vertex -30.55 8.125 29.7197
      vertex -30.55 8.22472 29.6705
    endloop
  endfacet
  facet normal 0 0.442459 0.896789
    outer loop
      vertex -30.55 8.125 29.7197
      vertex -34.85 8.22472 29.6705
      vertex -34.85 8.125 29.7197
    endloop
  endfacet
  facet normal 0 -0.195165 0.98077
    outer loop
      vertex -34.85 8.77 29.6348
      vertex -30.55 8.66095 29.6131
      vertex -30.55 8.77 29.6348
    endloop
  endfacet
  facet normal 0 -0.195165 0.98077
    outer loop
      vertex -30.55 8.66095 29.6131
      vertex -34.85 8.77 29.6348
      vertex -34.85 8.66095 29.6131
    endloop
  endfacet
  facet normal 0 0.831621 -0.555343
    outer loop
      vertex -30.55 7.81388 30.8808
      vertex -34.85 7.87565 30.9733
      vertex -30.55 7.87565 30.9733
    endloop
  endfacet
  facet normal 0 0.831621 -0.555343
    outer loop
      vertex -34.85 7.87565 30.9733
      vertex -30.55 7.81388 30.8808
      vertex -34.85 7.81388 30.8808
    endloop
  endfacet
  facet normal -0 0.195165 0.98077
    outer loop
      vertex -34.85 8.43905 29.6131
      vertex -30.55 8.33 29.6348
      vertex -30.55 8.43905 29.6131
    endloop
  endfacet
  facet normal 0 0.195165 0.98077
    outer loop
      vertex -30.55 8.33 29.6348
      vertex -34.85 8.43905 29.6131
      vertex -34.85 8.33 29.6348
    endloop
  endfacet
  facet normal 0 0.0647579 -0.997901
    outer loop
      vertex -34.85 8.43905 31.2986
      vertex -30.55 8.55 31.3058
      vertex -30.55 8.43905 31.2986
    endloop
  endfacet
  facet normal 0 0.0647579 -0.997901
    outer loop
      vertex -30.55 8.55 31.3058
      vertex -34.85 8.43905 31.2986
      vertex -34.85 8.55 31.3058
    endloop
  endfacet
  facet normal 0 -0.980805 0.194992
    outer loop
      vertex -34.85 9.37104 30.2358
      vertex -30.55 9.39273 30.3449
      vertex -34.85 9.39273 30.3449
    endloop
  endfacet
  facet normal 0 -0.980805 0.194992
    outer loop
      vertex -30.55 9.39273 30.3449
      vertex -34.85 9.37104 30.2358
      vertex -30.55 9.37104 30.2358
    endloop
  endfacet
  facet normal 0 0.946943 -0.321403
    outer loop
      vertex -30.55 7.72896 30.6758
      vertex -34.85 7.7647 30.7811
      vertex -30.55 7.7647 30.7811
    endloop
  endfacet
  facet normal 0 0.946943 -0.321403
    outer loop
      vertex -34.85 7.7647 30.7811
      vertex -30.55 7.72896 30.6758
      vertex -34.85 7.72896 30.6758
    endloop
  endfacet
  facet normal 0 -0.997858 0.0654141
    outer loop
      vertex -34.85 9.39273 30.3449
      vertex -30.55 9.4 30.4558
      vertex -34.85 9.4 30.4558
    endloop
  endfacet
  facet normal 0 -0.997858 0.0654141
    outer loop
      vertex -30.55 9.4 30.4558
      vertex -34.85 9.39273 30.3449
      vertex -30.55 9.39273 30.3449
    endloop
  endfacet
  facet normal 0 0.997862 -0.0653555
    outer loop
      vertex -30.55 7.7 30.4558
      vertex -34.85 7.70727 30.5668
      vertex -30.55 7.70727 30.5668
    endloop
  endfacet
  facet normal 0 0.997862 -0.0653555
    outer loop
      vertex -34.85 7.70727 30.5668
      vertex -30.55 7.7 30.4558
      vertex -34.85 7.7 30.4558
    endloop
  endfacet
  facet normal 0 -0.659313 0.751869
    outer loop
      vertex -34.85 9.15104 29.8548
      vertex -30.55 9.06745 29.7815
      vertex -30.55 9.15104 29.8548
    endloop
  endfacet
  facet normal 0 -0.659313 0.751869
    outer loop
      vertex -30.55 9.06745 29.7815
      vertex -34.85 9.15104 29.8548
      vertex -34.85 9.06745 29.7815
    endloop
  endfacet
  facet normal 0 -0.831344 0.555759
    outer loop
      vertex -34.85 9.22435 29.9384
      vertex -30.55 9.28612 30.0308
      vertex -34.85 9.28612 30.0308
    endloop
  endfacet
  facet normal 0 -0.831344 0.555759
    outer loop
      vertex -30.55 9.28612 30.0308
      vertex -34.85 9.22435 29.9384
      vertex -30.55 9.22435 29.9384
    endloop
  endfacet
  facet normal 0 -0.555737 -0.831358
    outer loop
      vertex -34.85 8.975 31.192
      vertex -30.55 9.06745 31.1302
      vertex -30.55 8.975 31.192
    endloop
  endfacet
  facet normal -0 -0.555737 -0.831358
    outer loop
      vertex -30.55 9.06745 31.1302
      vertex -34.85 8.975 31.192
      vertex -34.85 9.06745 31.1302
    endloop
  endfacet
  facet normal 0 -0.321941 -0.94676
    outer loop
      vertex -34.85 8.77 31.2769
      vertex -30.55 8.87528 31.2411
      vertex -30.55 8.77 31.2769
    endloop
  endfacet
  facet normal -0 -0.321941 -0.94676
    outer loop
      vertex -30.55 8.87528 31.2411
      vertex -34.85 8.77 31.2769
      vertex -34.85 8.87528 31.2411
    endloop
  endfacet
  facet normal 0 -0.659313 -0.751869
    outer loop
      vertex -34.85 9.06745 31.1302
      vertex -30.55 9.15104 31.0569
      vertex -30.55 9.06745 31.1302
    endloop
  endfacet
  facet normal -0 -0.659313 -0.751869
    outer loop
      vertex -30.55 9.15104 31.0569
      vertex -34.85 9.06745 31.1302
      vertex -34.85 9.15104 31.0569
    endloop
  endfacet
  facet normal 0 0.751863 -0.659319
    outer loop
      vertex -30.55 7.87565 30.9733
      vertex -34.85 7.94896 31.0569
      vertex -30.55 7.94896 31.0569
    endloop
  endfacet
  facet normal 0 0.751863 -0.659319
    outer loop
      vertex -34.85 7.94896 31.0569
      vertex -30.55 7.87565 30.9733
      vertex -34.85 7.87565 30.9733
    endloop
  endfacet
  facet normal 0 0 -1
    outer loop
      vertex -34.85 -16.85 36.7058
      vertex -30.55 6.15 36.7058
      vertex -30.55 -16.85 36.7058
    endloop
  endfacet
  facet normal -0 0 -1
    outer loop
      vertex -30.55 6.15 36.7058
      vertex -34.85 -16.85 36.7058
      vertex -34.85 6.15 36.7058
    endloop
  endfacet
  facet normal -0 0 1
    outer loop
      vertex -34.85 6.15 24.2058
      vertex -30.55 -16.85 24.2058
      vertex -30.55 6.15 24.2058
    endloop
  endfacet
  facet normal 0 0 1
    outer loop
      vertex -30.55 -16.85 24.2058
      vertex -34.85 6.15 24.2058
      vertex -34.85 -16.85 24.2058
    endloop
  endfacet
  facet normal 0 -1 0
    outer loop
      vertex -34.85 6.15 24.2058
      vertex -30.55 6.15 36.7058
      vertex -34.85 6.15 36.7058
    endloop
  endfacet
  facet normal 0 -1 -0
    outer loop
      vertex -30.55 6.15 36.7058
      vertex -34.85 6.15 24.2058
      vertex -30.55 6.15 24.2058
    endloop
  endfacet
  facet normal 0 1 -0
    outer loop
      vertex -30.55 -16.85 24.2058
      vertex -34.85 -16.85 36.7058
      vertex -30.55 -16.85 36.7058
    endloop
  endfacet
  facet normal 0 1 0
    outer loop
      vertex -34.85 -16.85 36.7058
      vertex -30.55 -16.85 24.2058
      vertex -34.85 -16.85 24.2058
    endloop
  endfacet
  facet normal 0 0.980779 -0.195122
    outer loop
      vertex 28.75 -1.68546 30.6777
      vertex 24.75 -1.64207 30.8958
      vertex 28.75 -1.64207 30.8958
    endloop
  endfacet
  facet normal 0 0.980779 -0.195122
    outer loop
      vertex 24.75 -1.64207 30.8958
      vertex 28.75 -1.68546 30.6777
      vertex 24.75 -1.68546 30.6777
    endloop
  endfacet
  facet normal 0 -0.751863 -0.659319
    outer loop
      vertex 24.75 1.3487 31.4907
      vertex 28.75 1.20208 31.6579
      vertex 24.75 1.20208 31.6579
    endloop
  endfacet
  facet normal 0 -0.751863 -0.659319
    outer loop
      vertex 28.75 1.20208 31.6579
      vertex 24.75 1.3487 31.4907
      vertex 28.75 1.3487 31.4907
    endloop
  endfacet
  facet normal 0 0.831483 -0.555551
    outer loop
      vertex 28.75 -1.47224 31.3058
      vertex 24.75 -1.3487 31.4907
      vertex 28.75 -1.3487 31.4907
    endloop
  endfacet
  facet normal 0 0.831483 -0.555551
    outer loop
      vertex 24.75 -1.3487 31.4907
      vertex 28.75 -1.47224 31.3058
      vertex 24.75 -1.47224 31.3058
    endloop
  endfacet
  facet normal 0 -0.0656552 0.997842
    outer loop
      vertex 24.75 0.221894 28.7704
      vertex 28.75 0 28.7558
      vertex 28.75 0.221894 28.7704
    endloop
  endfacet
  facet normal 0 -0.0656552 0.997842
    outer loop
      vertex 28.75 0 28.7558
      vertex 24.75 0.221894 28.7704
      vertex 24.75 0 28.7558
    endloop
  endfacet
  facet normal 0 -0.659545 0.751665
    outer loop
      vertex 24.75 1.20208 29.2538
      vertex 28.75 1.03489 29.1071
      vertex 28.75 1.20208 29.2538
    endloop
  endfacet
  facet normal 0 -0.659545 0.751665
    outer loop
      vertex 28.75 1.03489 29.1071
      vertex 24.75 1.20208 29.2538
      vertex 24.75 1.03489 29.1071
    endloop
  endfacet
  facet normal 0 0.831483 0.555551
    outer loop
      vertex 28.75 -1.3487 29.4209
      vertex 24.75 -1.47224 29.6058
      vertex 28.75 -1.47224 29.6058
    endloop
  endfacet
  facet normal 0 0.831483 0.555551
    outer loop
      vertex 24.75 -1.47224 29.6058
      vertex 28.75 -1.3487 29.4209
      vertex 24.75 -1.3487 29.4209
    endloop
  endfacet
  facet normal 0 0.321526 -0.946901
    outer loop
      vertex 24.75 -0.650561 32.0264
      vertex 28.75 -0.439992 32.0979
      vertex 28.75 -0.650561 32.0264
    endloop
  endfacet
  facet normal 0 0.321526 -0.946901
    outer loop
      vertex 28.75 -0.439992 32.0979
      vertex 24.75 -0.650561 32.0264
      vertex 24.75 -0.439992 32.0979
    endloop
  endfacet
  facet normal 0 -0.946943 0.321403
    outer loop
      vertex 24.75 1.57059 29.8053
      vertex 28.75 1.64207 30.0159
      vertex 24.75 1.64207 30.0159
    endloop
  endfacet
  facet normal 0 -0.946943 0.321403
    outer loop
      vertex 28.75 1.64207 30.0159
      vertex 24.75 1.57059 29.8053
      vertex 28.75 1.57059 29.8053
    endloop
  endfacet
  facet normal 0 -0.0652074 -0.997872
    outer loop
      vertex 24.75 0 32.1558
      vertex 28.75 0.221894 32.1413
      vertex 28.75 0 32.1558
    endloop
  endfacet
  facet normal -0 -0.0652074 -0.997872
    outer loop
      vertex 28.75 0.221894 32.1413
      vertex 24.75 0 32.1558
      vertex 24.75 0.221894 32.1413
    endloop
  endfacet
  facet normal 0 0.99786 0.0653848
    outer loop
      vertex 28.75 -1.68546 30.2339
      vertex 24.75 -1.7 30.4558
      vertex 28.75 -1.7 30.4558
    endloop
  endfacet
  facet normal 0 0.99786 0.0653848
    outer loop
      vertex 24.75 -1.7 30.4558
      vertex 28.75 -1.68546 30.2339
      vertex 24.75 -1.68546 30.2339
    endloop
  endfacet
  facet normal 0 0.896843 -0.442349
    outer loop
      vertex 28.75 -1.57059 31.1064
      vertex 24.75 -1.47224 31.3058
      vertex 28.75 -1.47224 31.3058
    endloop
  endfacet
  facet normal 0 0.896843 -0.442349
    outer loop
      vertex 24.75 -1.47224 31.3058
      vertex 28.75 -1.57059 31.1064
      vertex 24.75 -1.57059 31.1064
    endloop
  endfacet
  facet normal 0 0.946943 0.321403
    outer loop
      vertex 28.75 -1.57059 29.8053
      vertex 24.75 -1.64207 30.0159
      vertex 28.75 -1.64207 30.0159
    endloop
  endfacet
  facet normal 0 0.946943 0.321403
    outer loop
      vertex 24.75 -1.64207 30.0159
      vertex 28.75 -1.57059 29.8053
      vertex 24.75 -1.57059 29.8053
    endloop
  endfacet
  facet normal 0 -0.751668 0.659542
    outer loop
      vertex 24.75 1.20208 29.2538
      vertex 28.75 1.3487 29.4209
      vertex 24.75 1.3487 29.4209
    endloop
  endfacet
  facet normal 0 -0.751668 0.659542
    outer loop
      vertex 28.75 1.3487 29.4209
      vertex 24.75 1.20208 29.2538
      vertex 28.75 1.20208 29.2538
    endloop
  endfacet
  facet normal 0 0.99786 -0.0653848
    outer loop
      vertex 28.75 -1.7 30.4558
      vertex 24.75 -1.68546 30.6777
      vertex 28.75 -1.68546 30.6777
    endloop
  endfacet
  facet normal 0 0.99786 -0.0653848
    outer loop
      vertex 24.75 -1.68546 30.6777
      vertex 28.75 -1.7 30.4558
      vertex 24.75 -1.7 30.4558
    endloop
  endfacet
  facet normal 0 -0.946943 -0.321403
    outer loop
      vertex 24.75 1.64207 30.8958
      vertex 28.75 1.57059 31.1064
      vertex 24.75 1.57059 31.1064
    endloop
  endfacet
  facet normal 0 -0.946943 -0.321403
    outer loop
      vertex 28.75 1.57059 31.1064
      vertex 24.75 1.64207 30.8958
      vertex 28.75 1.64207 30.8958
    endloop
  endfacet
  facet normal -0 0.442463 0.896787
    outer loop
      vertex 24.75 -0.650561 28.8852
      vertex 28.75 -0.849999 28.9836
      vertex 28.75 -0.650561 28.8852
    endloop
  endfacet
  facet normal 0 0.442463 0.896787
    outer loop
      vertex 28.75 -0.849999 28.9836
      vertex 24.75 -0.650561 28.8852
      vertex 24.75 -0.849999 28.9836
    endloop
  endfacet
  facet normal 0 -0.99786 -0.0653848
    outer loop
      vertex 24.75 1.7 30.4558
      vertex 28.75 1.68546 30.6777
      vertex 24.75 1.68546 30.6777
    endloop
  endfacet
  facet normal 0 -0.99786 -0.0653848
    outer loop
      vertex 28.75 1.68546 30.6777
      vertex 24.75 1.7 30.4558
      vertex 28.75 1.7 30.4558
    endloop
  endfacet
  facet normal 0 -0.195167 0.98077
    outer loop
      vertex 24.75 0.439992 28.8138
      vertex 28.75 0.221894 28.7704
      vertex 28.75 0.439992 28.8138
    endloop
  endfacet
  facet normal 0 -0.195167 0.98077
    outer loop
      vertex 28.75 0.221894 28.7704
      vertex 24.75 0.439992 28.8138
      vertex 24.75 0.221894 28.7704
    endloop
  endfacet
  facet normal 0 0.980762 0.195208
    outer loop
      vertex 28.75 -1.64207 30.0159
      vertex 24.75 -1.68546 30.2339
      vertex 28.75 -1.68546 30.2339
    endloop
  endfacet
  facet normal 0 0.980762 0.195208
    outer loop
      vertex 24.75 -1.68546 30.2339
      vertex 28.75 -1.64207 30.0159
      vertex 24.75 -1.64207 30.0159
    endloop
  endfacet
  facet normal 0 -0.555445 0.831553
    outer loop
      vertex 24.75 1.03489 29.1071
      vertex 28.75 0.849999 28.9836
      vertex 28.75 1.03489 29.1071
    endloop
  endfacet
  facet normal 0 -0.555445 0.831553
    outer loop
      vertex 28.75 0.849999 28.9836
      vertex 24.75 1.03489 29.1071
      vertex 24.75 0.849999 28.9836
    endloop
  endfacet
  facet normal -0 0.195167 0.98077
    outer loop
      vertex 24.75 -0.221894 28.7704
      vertex 28.75 -0.439992 28.8138
      vertex 28.75 -0.221894 28.7704
    endloop
  endfacet
  facet normal 0 0.195167 0.98077
    outer loop
      vertex 28.75 -0.439992 28.8138
      vertex 24.75 -0.221894 28.7704
      vertex 24.75 -0.439992 28.8138
    endloop
  endfacet
  facet normal -0 0.0656552 0.997842
    outer loop
      vertex 24.75 0 28.7558
      vertex 28.75 -0.221894 28.7704
      vertex 28.75 0 28.7558
    endloop
  endfacet
  facet normal 0 0.0656552 0.997842
    outer loop
      vertex 28.75 -0.221894 28.7704
      vertex 24.75 0 28.7558
      vertex 24.75 -0.221894 28.7704
    endloop
  endfacet
  facet normal 0 0.751863 -0.659319
    outer loop
      vertex 28.75 -1.3487 31.4907
      vertex 24.75 -1.20208 31.6579
      vertex 28.75 -1.20208 31.6579
    endloop
  endfacet
  facet normal 0 0.751863 -0.659319
    outer loop
      vertex 24.75 -1.20208 31.6579
      vertex 28.75 -1.3487 31.4907
      vertex 24.75 -1.3487 31.4907
    endloop
  endfacet
  facet normal 0 -0.831483 0.555551
    outer loop
      vertex 24.75 1.3487 29.4209
      vertex 28.75 1.47224 29.6058
      vertex 24.75 1.47224 29.6058
    endloop
  endfacet
  facet normal 0 -0.831483 0.555551
    outer loop
      vertex 28.75 1.47224 29.6058
      vertex 24.75 1.3487 29.4209
      vertex 28.75 1.3487 29.4209
    endloop
  endfacet
  facet normal 0 0.946943 -0.321403
    outer loop
      vertex 28.75 -1.64207 30.8958
      vertex 24.75 -1.57059 31.1064
      vertex 28.75 -1.57059 31.1064
    endloop
  endfacet
  facet normal 0 0.946943 -0.321403
    outer loop
      vertex 24.75 -1.57059 31.1064
      vertex 28.75 -1.64207 30.8958
      vertex 24.75 -1.64207 30.8958
    endloop
  endfacet
  facet normal 0 -0.442463 0.896787
    outer loop
      vertex 24.75 0.849999 28.9836
      vertex 28.75 0.650561 28.8852
      vertex 28.75 0.849999 28.9836
    endloop
  endfacet
  facet normal 0 -0.442463 0.896787
    outer loop
      vertex 28.75 0.650561 28.8852
      vertex 24.75 0.849999 28.9836
      vertex 24.75 0.650561 28.8852
    endloop
  endfacet
  facet normal 0 0.555756 -0.831345
    outer loop
      vertex 24.75 -1.03489 31.8045
      vertex 28.75 -0.849999 31.9281
      vertex 28.75 -1.03489 31.8045
    endloop
  endfacet
  facet normal 0 0.555756 -0.831345
    outer loop
      vertex 28.75 -0.849999 31.9281
      vertex 24.75 -1.03489 31.8045
      vertex 24.75 -0.849999 31.9281
    endloop
  endfacet
  facet normal 0 -0.896843 -0.442349
    outer loop
      vertex 24.75 1.57059 31.1064
      vertex 28.75 1.47224 31.3058
      vertex 24.75 1.47224 31.3058
    endloop
  endfacet
  facet normal 0 -0.896843 -0.442349
    outer loop
      vertex 28.75 1.47224 31.3058
      vertex 24.75 1.57059 31.1064
      vertex 28.75 1.57059 31.1064
    endloop
  endfacet
  facet normal 0 -0.659291 -0.751888
    outer loop
      vertex 24.75 1.03489 31.8045
      vertex 28.75 1.20208 31.6579
      vertex 28.75 1.03489 31.8045
    endloop
  endfacet
  facet normal -0 -0.659291 -0.751888
    outer loop
      vertex 28.75 1.20208 31.6579
      vertex 24.75 1.03489 31.8045
      vertex 24.75 1.20208 31.6579
    endloop
  endfacet
  facet normal 0 -0.99786 0.0653848
    outer loop
      vertex 24.75 1.68546 30.2339
      vertex 28.75 1.7 30.4558
      vertex 24.75 1.7 30.4558
    endloop
  endfacet
  facet normal 0 -0.99786 0.0653848
    outer loop
      vertex 28.75 1.7 30.4558
      vertex 24.75 1.68546 30.2339
      vertex 28.75 1.68546 30.2339
    endloop
  endfacet
  facet normal 0 0.442101 -0.896965
    outer loop
      vertex 24.75 -0.849999 31.9281
      vertex 28.75 -0.650561 32.0264
      vertex 28.75 -0.849999 31.9281
    endloop
  endfacet
  facet normal 0 0.442101 -0.896965
    outer loop
      vertex 28.75 -0.650561 32.0264
      vertex 24.75 -0.849999 31.9281
      vertex 24.75 -0.650561 32.0264
    endloop
  endfacet
  facet normal 0 0.751668 0.659542
    outer loop
      vertex 28.75 -1.20208 29.2538
      vertex 24.75 -1.3487 29.4209
      vertex 28.75 -1.3487 29.4209
    endloop
  endfacet
  facet normal 0 0.751668 0.659542
    outer loop
      vertex 24.75 -1.3487 29.4209
      vertex 28.75 -1.20208 29.2538
      vertex 24.75 -1.20208 29.2538
    endloop
  endfacet
  facet normal -0 0.659545 0.751665
    outer loop
      vertex 24.75 -1.03489 29.1071
      vertex 28.75 -1.20208 29.2538
      vertex 28.75 -1.03489 29.1071
    endloop
  endfacet
  facet normal 0 0.659545 0.751665
    outer loop
      vertex 28.75 -1.20208 29.2538
      vertex 24.75 -1.03489 29.1071
      vertex 24.75 -1.20208 29.2538
    endloop
  endfacet
  facet normal -0 0.555445 0.831553
    outer loop
      vertex 24.75 -0.849999 28.9836
      vertex 28.75 -1.03489 29.1071
      vertex 28.75 -0.849999 28.9836
    endloop
  endfacet
  facet normal 0 0.555445 0.831553
    outer loop
      vertex 28.75 -1.03489 29.1071
      vertex 24.75 -0.849999 28.9836
      vertex 24.75 -1.03489 29.1071
    endloop
  endfacet
  facet normal 0 0.0652074 -0.997872
    outer loop
      vertex 24.75 -0.221894 32.1413
      vertex 28.75 0 32.1558
      vertex 28.75 -0.221894 32.1413
    endloop
  endfacet
  facet normal 0 0.0652074 -0.997872
    outer loop
      vertex 28.75 0 32.1558
      vertex 24.75 -0.221894 32.1413
      vertex 24.75 0 32.1558
    endloop
  endfacet
  facet normal 0 -0.321526 -0.946901
    outer loop
      vertex 24.75 0.439992 32.0979
      vertex 28.75 0.650561 32.0264
      vertex 28.75 0.439992 32.0979
    endloop
  endfacet
  facet normal -0 -0.321526 -0.946901
    outer loop
      vertex 28.75 0.650561 32.0264
      vertex 24.75 0.439992 32.0979
      vertex 24.75 0.650561 32.0264
    endloop
  endfacet
  facet normal 0 0.195167 -0.98077
    outer loop
      vertex 24.75 -0.439992 32.0979
      vertex 28.75 -0.221894 32.1413
      vertex 28.75 -0.439992 32.0979
    endloop
  endfacet
  facet normal 0 0.195167 -0.98077
    outer loop
      vertex 28.75 -0.221894 32.1413
      vertex 24.75 -0.439992 32.0979
      vertex 24.75 -0.221894 32.1413
    endloop
  endfacet
  facet normal 0 -0.896931 0.442171
    outer loop
      vertex 24.75 1.47224 29.6058
      vertex 28.75 1.57059 29.8053
      vertex 24.75 1.57059 29.8053
    endloop
  endfacet
  facet normal 0 -0.896931 0.442171
    outer loop
      vertex 28.75 1.57059 29.8053
      vertex 24.75 1.47224 29.6058
      vertex 28.75 1.47224 29.6058
    endloop
  endfacet
  facet normal 0 -0.980762 0.195208
    outer loop
      vertex 24.75 1.64207 30.0159
      vertex 28.75 1.68546 30.2339
      vertex 24.75 1.68546 30.2339
    endloop
  endfacet
  facet normal 0 -0.980762 0.195208
    outer loop
      vertex 28.75 1.68546 30.2339
      vertex 24.75 1.64207 30.0159
      vertex 28.75 1.64207 30.0159
    endloop
  endfacet
  facet normal 0 -0.831483 -0.555551
    outer loop
      vertex 24.75 1.47224 31.3058
      vertex 28.75 1.3487 31.4907
      vertex 24.75 1.3487 31.4907
    endloop
  endfacet
  facet normal 0 -0.831483 -0.555551
    outer loop
      vertex 28.75 1.3487 31.4907
      vertex 24.75 1.47224 31.3058
      vertex 28.75 1.47224 31.3058
    endloop
  endfacet
  facet normal 0 -0.321123 0.947038
    outer loop
      vertex 24.75 0.650561 28.8852
      vertex 28.75 0.439992 28.8138
      vertex 28.75 0.650561 28.8852
    endloop
  endfacet
  facet normal 0 -0.321123 0.947038
    outer loop
      vertex 28.75 0.439992 28.8138
      vertex 24.75 0.650561 28.8852
      vertex 24.75 0.439992 28.8138
    endloop
  endfacet
  facet normal 0 0.896931 0.442171
    outer loop
      vertex 28.75 -1.47224 29.6058
      vertex 24.75 -1.57059 29.8053
      vertex 28.75 -1.57059 29.8053
    endloop
  endfacet
  facet normal 0 0.896931 0.442171
    outer loop
      vertex 24.75 -1.57059 29.8053
      vertex 28.75 -1.47224 29.6058
      vertex 24.75 -1.47224 29.6058
    endloop
  endfacet
  facet normal 0 -0.980779 -0.195122
    outer loop
      vertex 24.75 1.68546 30.6777
      vertex 28.75 1.64207 30.8958
      vertex 24.75 1.64207 30.8958
    endloop
  endfacet
  facet normal 0 -0.980779 -0.195122
    outer loop
      vertex 28.75 1.64207 30.8958
      vertex 24.75 1.68546 30.6777
      vertex 28.75 1.68546 30.6777
    endloop
  endfacet
  facet normal -0 0.321123 0.947038
    outer loop
      vertex 24.75 -0.439992 28.8138
      vertex 28.75 -0.650561 28.8852
      vertex 28.75 -0.439992 28.8138
    endloop
  endfacet
  facet normal 0 0.321123 0.947038
    outer loop
      vertex 28.75 -0.650561 28.8852
      vertex 24.75 -0.439992 28.8138
      vertex 24.75 -0.650561 28.8852
    endloop
  endfacet
  facet normal 0 0.659291 -0.751888
    outer loop
      vertex 24.75 -1.20208 31.6579
      vertex 28.75 -1.03489 31.8045
      vertex 28.75 -1.20208 31.6579
    endloop
  endfacet
  facet normal 0 0.659291 -0.751888
    outer loop
      vertex 28.75 -1.03489 31.8045
      vertex 24.75 -1.20208 31.6579
      vertex 24.75 -1.03489 31.8045
    endloop
  endfacet
  facet normal 0 -0.555756 -0.831345
    outer loop
      vertex 24.75 0.849999 31.9281
      vertex 28.75 1.03489 31.8045
      vertex 28.75 0.849999 31.9281
    endloop
  endfacet
  facet normal -0 -0.555756 -0.831345
    outer loop
      vertex 28.75 1.03489 31.8045
      vertex 24.75 0.849999 31.9281
      vertex 24.75 1.03489 31.8045
    endloop
  endfacet
  facet normal 0 -0.442101 -0.896965
    outer loop
      vertex 24.75 0.650561 32.0264
      vertex 28.75 0.849999 31.9281
      vertex 28.75 0.650561 32.0264
    endloop
  endfacet
  facet normal -0 -0.442101 -0.896965
    outer loop
      vertex 28.75 0.849999 31.9281
      vertex 24.75 0.650561 32.0264
      vertex 24.75 0.849999 31.9281
    endloop
  endfacet
  facet normal 0 -0.195167 -0.98077
    outer loop
      vertex 24.75 0.221894 32.1413
      vertex 28.75 0.439992 32.0979
      vertex 28.75 0.221894 32.1413
    endloop
  endfacet
  facet normal -0 -0.195167 -0.98077
    outer loop
      vertex 28.75 0.439992 32.0979
      vertex 24.75 0.221894 32.1413
      vertex 24.75 0.439992 32.0979
    endloop
  endfacet
endsolid OpenSCAD_Model
